exchange,product,effective_start,effective_end,night_start,night_end,version
CZCE,AP,2018-06-25,2026-01-30,none,none,commodity-v1
CZCE,CF,2011-01-04,2013-09-12,none,none,commodity-v1
CZCE,CF,2014-08-06,2014-12-12,none,none,commodity-v1
CZCE,CF,2014-12-15,2014-12-31,21:00,23:30,commodity-v1
CZCE,CF,2015-01-05,2015-01-05,none,none,commodity-v1
CZCE,CF,2015-01-06,2015-02-17,21:00,23:30,commodity-v1
CZCE,CF,2015-02-25,2015-02-25,none,none,commodity-v1
CZCE,CF,2015-02-26,2015-04-03,21:00,23:30,commodity-v1
CZCE,CF,2015-04-07,2015-04-07,none,none,commodity-v1
CZCE,CF,2015-04-08,2015-04-30,21:00,23:30,commodity-v1
CZCE,CF,2015-05-04,2015-05-04,none,none,commodity-v1
CZCE,CF,2015-05-05,2015-06-19,21:00,23:30,commodity-v1
CZCE,CF,2015-06-23,2015-06-23,none,none,commodity-v1
CZCE,CF,2015-06-24,2015-09-02,21:00,23:30,commodity-v1
CZCE,CF,2015-09-07,2015-09-07,none,none,commodity-v1
CZCE,CF,2015-09-08,2015-09-25,21:00,23:30,commodity-v1
CZCE,CF,2015-09-28,2015-09-28,none,none,commodity-v1
CZCE,CF,2015-09-29,2015-09-30,21:00,23:30,commodity-v1
CZCE,CF,2015-10-08,2015-10-08,none,none,commodity-v1
CZCE,CF,2015-10-09,2015-12-31,21:00,23:30,commodity-v1
CZCE,CF,2016-01-04,2016-01-04,none,none,commodity-v1
CZCE,CF,2016-01-05,2016-02-05,21:00,23:30,commodity-v1
CZCE,CF,2016-02-15,2016-02-15,none,none,commodity-v1
CZCE,CF,2016-02-16,2016-04-01,21:00,23:30,commodity-v1
CZCE,CF,2016-04-05,2016-04-05,none,none,commodity-v1
CZCE,CF,2016-04-06,2016-04-29,21:00,23:30,commodity-v1
CZCE,CF,2016-05-03,2016-05-03,none,none,commodity-v1
CZCE,CF,2016-05-04,2016-06-08,21:00,23:30,commodity-v1
CZCE,CF,2016-06-13,2016-06-13,none,none,commodity-v1
CZCE,CF,2016-06-14,2016-09-14,21:00,23:30,commodity-v1
CZCE,CF,2016-09-19,2016-09-19,none,none,commodity-v1
CZCE,CF,2016-09-20,2016-09-30,21:00,23:30,commodity-v1
CZCE,CF,2016-10-10,2016-10-10,none,none,commodity-v1
CZCE,CF,2016-10-11,2016-12-30,21:00,23:30,commodity-v1
CZCE,CF,2017-01-03,2017-01-03,none,none,commodity-v1
CZCE,CF,2017-01-04,2017-01-26,21:00,23:30,commodity-v1
CZCE,CF,2017-02-03,2017-02-03,none,none,commodity-v1
CZCE,CF,2017-02-06,2017-03-31,21:00,23:30,commodity-v1
CZCE,CF,2017-04-05,2017-04-05,none,none,commodity-v1
CZCE,CF,2017-04-06,2017-04-18,21:00,23:30,commodity-v1
CZCE,CF,2017-04-19,2017-04-19,none,none,commodity-v1
CZCE,CF,2017-04-20,2017-04-28,21:00,23:30,commodity-v1
CZCE,CF,2017-05-02,2017-05-02,none,none,commodity-v1
CZCE,CF,2017-05-03,2017-05-26,21:00,23:30,commodity-v1
CZCE,CF,2017-05-31,2017-05-31,none,none,commodity-v1
CZCE,CF,2017-06-01,2017-09-29,21:00,23:30,commodity-v1
CZCE,CF,2017-10-09,2017-10-09,none,none,commodity-v1
CZCE,CF,2017-10-10,2017-12-29,21:00,23:30,commodity-v1
CZCE,CF,2018-01-02,2018-01-02,none,none,commodity-v1
CZCE,CF,2018-01-03,2018-02-14,21:00,23:30,commodity-v1
CZCE,CF,2018-02-22,2018-02-22,none,none,commodity-v1
CZCE,CF,2018-02-23,2018-04-04,21:00,23:30,commodity-v1
CZCE,CF,2018-04-09,2018-04-09,none,none,commodity-v1
CZCE,CF,2018-04-10,2018-04-27,21:00,23:30,commodity-v1
CZCE,CF,2018-05-02,2018-05-02,none,none,commodity-v1
CZCE,CF,2018-05-03,2018-06-15,21:00,23:30,commodity-v1
CZCE,CF,2018-06-19,2018-06-19,none,none,commodity-v1
CZCE,CF,2018-06-20,2018-09-21,21:00,23:30,commodity-v1
CZCE,CF,2018-09-25,2018-09-25,none,none,commodity-v1
CZCE,CF,2018-09-26,2018-09-28,21:00,23:30,commodity-v1
CZCE,CF,2018-10-08,2018-10-08,none,none,commodity-v1
CZCE,CF,2018-10-09,2018-12-28,21:00,23:30,commodity-v1
CZCE,CF,2019-01-02,2019-01-02,none,none,commodity-v1
CZCE,CF,2019-01-03,2019-02-01,21:00,23:30,commodity-v1
CZCE,CF,2019-02-11,2019-02-11,none,none,commodity-v1
CZCE,CF,2019-02-12,2019-04-04,21:00,23:30,commodity-v1
CZCE,CF,2019-04-08,2019-04-08,none,none,commodity-v1
CZCE,CF,2019-04-09,2019-04-30,21:00,23:30,commodity-v1
CZCE,CF,2019-05-06,2019-05-06,none,none,commodity-v1
CZCE,CF,2019-05-07,2019-06-06,21:00,23:30,commodity-v1
CZCE,CF,2019-06-10,2019-06-10,none,none,commodity-v1
CZCE,CF,2019-06-11,2019-09-12,21:00,23:30,commodity-v1
CZCE,CF,2019-09-16,2019-09-16,none,none,commodity-v1
CZCE,CF,2019-09-17,2019-09-30,21:00,23:30,commodity-v1
CZCE,CF,2019-10-08,2019-10-08,none,none,commodity-v1
CZCE,CF,2019-10-09,2019-12-11,21:00,23:30,commodity-v1
CZCE,CF,2019-12-12,2019-12-25,21:00,23:00,commodity-v1
CZCE,CF,2019-12-26,2019-12-26,22:30,23:00,commodity-v1
CZCE,CF,2019-12-27,2019-12-31,21:00,23:00,commodity-v1
CZCE,CF,2020-01-02,2020-01-02,none,none,commodity-v1
CZCE,CF,2020-01-03,2020-01-23,21:00,23:00,commodity-v1
CZCE,CF,2020-02-03,2020-05-06,none,none,commodity-v1
CZCE,CF,2020-05-07,2020-06-24,21:00,23:00,commodity-v1
CZCE,CF,2020-06-29,2020-06-29,none,none,commodity-v1
CZCE,CF,2020-06-30,2020-09-30,21:00,23:00,commodity-v1
CZCE,CF,2020-10-09,2020-10-09,none,none,commodity-v1
CZCE,CF,2020-10-12,2020-12-31,21:00,23:00,commodity-v1
CZCE,CF,2021-01-04,2021-01-04,none,none,commodity-v1
CZCE,CF,2021-01-05,2021-02-10,21:00,23:00,commodity-v1
CZCE,CF,2021-02-18,2021-02-18,none,none,commodity-v1
CZCE,CF,2021-02-19,2021-04-02,21:00,23:00,commodity-v1
CZCE,CF,2021-04-06,2021-04-06,none,none,commodity-v1
CZCE,CF,2021-04-07,2021-04-30,21:00,23:00,commodity-v1
CZCE,CF,2021-05-06,2021-05-06,none,none,commodity-v1
CZCE,CF,2021-05-07,2021-06-11,21:00,23:00,commodity-v1
CZCE,CF,2021-06-15,2021-06-15,none,none,commodity-v1
CZCE,CF,2021-06-16,2021-09-17,21:00,23:00,commodity-v1
CZCE,CF,2021-09-22,2021-09-22,none,none,commodity-v1
CZCE,CF,2021-09-23,2021-09-30,21:00,23:00,commodity-v1
CZCE,CF,2021-10-08,2021-10-08,none,none,commodity-v1
CZCE,CF,2021-10-11,2021-12-31,21:00,23:00,commodity-v1
CZCE,CF,2022-01-04,2022-01-04,none,none,commodity-v1
CZCE,CF,2022-01-05,2022-01-28,21:00,23:00,commodity-v1
CZCE,CF,2022-02-07,2022-02-07,none,none,commodity-v1
CZCE,CF,2022-02-08,2022-04-01,21:00,23:00,commodity-v1
CZCE,CF,2022-04-06,2022-04-06,none,none,commodity-v1
CZCE,CF,2022-04-07,2022-04-29,21:00,23:00,commodity-v1
CZCE,CF,2022-05-05,2022-05-05,none,none,commodity-v1
CZCE,CF,2022-05-06,2022-06-02,21:00,23:00,commodity-v1
CZCE,CF,2022-06-06,2022-06-06,none,none,commodity-v1
CZCE,CF,2022-06-07,2022-09-09,21:00,23:00,commodity-v1
CZCE,CF,2022-09-13,2022-09-13,none,none,commodity-v1
CZCE,CF,2022-09-14,2022-09-30,21:00,23:00,commodity-v1
CZCE,CF,2022-10-10,2022-10-10,none,none,commodity-v1
CZCE,CF,2022-10-11,2022-12-30,21:00,23:00,commodity-v1
CZCE,CF,2023-01-03,2023-01-03,none,none,commodity-v1
CZCE,CF,2023-01-04,2023-01-20,21:00,23:00,commodity-v1
CZCE,CF,2023-01-30,2023-01-30,none,none,commodity-v1
CZCE,CF,2023-01-31,2023-04-04,21:00,23:00,commodity-v1
CZCE,CF,2023-04-06,2023-04-06,none,none,commodity-v1
CZCE,CF,2023-04-07,2023-04-28,21:00,23:00,commodity-v1
CZCE,CF,2023-05-04,2023-05-04,none,none,commodity-v1
CZCE,CF,2023-05-05,2023-06-21,21:00,23:00,commodity-v1
CZCE,CF,2023-06-26,2023-06-26,none,none,commodity-v1
CZCE,CF,2023-06-27,2023-09-28,21:00,23:00,commodity-v1
CZCE,CF,2023-10-09,2023-10-09,none,none,commodity-v1
CZCE,CF,2023-10-10,2023-12-29,21:00,23:00,commodity-v1
CZCE,CF,2024-01-02,2024-01-02,none,none,commodity-v1
CZCE,CF,2024-01-03,2024-02-08,21:00,23:00,commodity-v1
CZCE,CF,2024-02-19,2024-02-19,none,none,commodity-v1
CZCE,CF,2024-02-20,2024-04-03,21:00,23:00,commodity-v1
CZCE,CF,2024-04-08,2024-04-08,none,none,commodity-v1
CZCE,CF,2024-04-09,2024-04-30,21:00,23:00,commodity-v1
CZCE,CF,2024-05-06,2024-05-06,none,none,commodity-v1
CZCE,CF,2024-05-07,2024-06-07,21:00,23:00,commodity-v1
CZCE,CF,2024-06-11,2024-06-11,none,none,commodity-v1
CZCE,CF,2024-06-12,2024-09-13,21:00,23:00,commodity-v1
CZCE,CF,2024-09-18,2024-09-18,none,none,commodity-v1
CZCE,CF,2024-09-19,2024-09-30,21:00,23:00,commodity-v1
CZCE,CF,2024-10-08,2024-10-08,none,none,commodity-v1
CZCE,CF,2024-10-09,2024-12-31,21:00,23:00,commodity-v1
CZCE,CF,2025-01-02,2025-01-02,none,none,commodity-v1
CZCE,CF,2025-01-03,2025-01-27,21:00,23:00,commodity-v1
CZCE,CF,2025-02-05,2025-02-05,none,none,commodity-v1
CZCE,CF,2025-02-06,2025-04-03,21:00,23:00,commodity-v1
CZCE,CF,2025-04-07,2025-04-07,none,none,commodity-v1
CZCE,CF,2025-04-08,2025-04-30,21:00,23:00,commodity-v1
CZCE,CF,2025-05-06,2025-05-06,none,none,commodity-v1
CZCE,CF,2025-05-07,2025-05-30,21:00,23:00,commodity-v1
CZCE,CF,2025-06-03,2025-06-03,none,none,commodity-v1
CZCE,CF,2025-06-04,2025-09-30,21:00,23:00,commodity-v1
CZCE,CF,2025-10-09,2025-10-09,none,none,commodity-v1
CZCE,CF,2025-10-10,2025-12-31,21:00,23:00,commodity-v1
CZCE,CF,2026-01-05,2026-01-05,none,none,commodity-v1
CZCE,CF,2026-01-06,2026-01-30,21:00,23:00,commodity-v1
CZCE,CJ,2019-10-29,2020-04-07,none,none,commodity-v1
CZCE,CJ,2021-08-19,2022-04-13,none,none,commodity-v1
CZCE,CJ,2025-07-11,2026-01-30,none,none,commodity-v1
CZCE,FG,2013-06-06,2015-06-11,none,none,commodity-v1
CZCE,FG,2015-06-12,2015-06-19,21:00,23:30,commodity-v1
CZCE,FG,2015-06-23,2015-06-23,none,none,commodity-v1
CZCE,FG,2015-06-24,2015-09-02,21:00,23:30,commodity-v1
CZCE,FG,2015-09-07,2015-09-07,none,none,commodity-v1
CZCE,FG,2015-09-08,2015-09-25,21:00,23:30,commodity-v1
CZCE,FG,2015-09-28,2015-09-28,none,none,commodity-v1
CZCE,FG,2015-09-29,2015-09-30,21:00,23:30,commodity-v1
CZCE,FG,2015-10-08,2015-10-08,none,none,commodity-v1
CZCE,FG,2015-10-09,2015-10-15,21:00,23:30,commodity-v1
CZCE,FG,2015-10-29,2015-12-31,21:00,23:30,commodity-v1
CZCE,FG,2016-01-04,2016-01-04,none,none,commodity-v1
CZCE,FG,2016-01-05,2016-02-05,21:00,23:30,commodity-v1
CZCE,FG,2016-02-15,2016-02-15,none,none,commodity-v1
CZCE,FG,2016-02-16,2016-04-01,21:00,23:30,commodity-v1
CZCE,FG,2016-04-05,2016-04-05,none,none,commodity-v1
CZCE,FG,2016-04-06,2016-04-29,21:00,23:30,commodity-v1
CZCE,FG,2016-05-03,2016-05-03,none,none,commodity-v1
CZCE,FG,2016-05-04,2016-06-08,21:00,23:30,commodity-v1
CZCE,FG,2016-06-13,2016-06-13,none,none,commodity-v1
CZCE,FG,2016-06-14,2016-09-14,21:00,23:30,commodity-v1
CZCE,FG,2016-09-19,2016-09-19,none,none,commodity-v1
CZCE,FG,2016-09-20,2016-09-30,21:00,23:30,commodity-v1
CZCE,FG,2016-10-10,2016-10-10,none,none,commodity-v1
CZCE,FG,2016-10-11,2016-12-30,21:00,23:30,commodity-v1
CZCE,FG,2017-01-03,2017-01-03,none,none,commodity-v1
CZCE,FG,2017-01-04,2017-01-26,21:00,23:30,commodity-v1
CZCE,FG,2017-02-03,2017-02-03,none,none,commodity-v1
CZCE,FG,2017-02-06,2017-03-31,21:00,23:30,commodity-v1
CZCE,FG,2017-04-05,2017-04-05,none,none,commodity-v1
CZCE,FG,2017-04-06,2017-04-18,21:00,23:30,commodity-v1
CZCE,FG,2017-04-19,2017-04-19,none,none,commodity-v1
CZCE,FG,2017-04-20,2017-04-28,21:00,23:30,commodity-v1
CZCE,FG,2017-05-02,2017-05-02,none,none,commodity-v1
CZCE,FG,2017-05-03,2017-05-26,21:00,23:30,commodity-v1
CZCE,FG,2017-05-31,2017-05-31,none,none,commodity-v1
CZCE,FG,2017-06-01,2017-09-29,21:00,23:30,commodity-v1
CZCE,FG,2017-10-09,2017-10-09,none,none,commodity-v1
CZCE,FG,2017-10-10,2017-12-29,21:00,23:30,commodity-v1
CZCE,FG,2018-01-02,2018-01-02,none,none,commodity-v1
CZCE,FG,2018-01-03,2018-02-14,21:00,23:30,commodity-v1
CZCE,FG,2018-02-22,2018-02-22,none,none,commodity-v1
CZCE,FG,2018-02-23,2018-04-04,21:00,23:30,commodity-v1
CZCE,FG,2018-04-09,2018-04-09,none,none,commodity-v1
CZCE,FG,2018-04-10,2018-04-27,21:00,23:30,commodity-v1
CZCE,FG,2018-05-02,2018-05-02,none,none,commodity-v1
CZCE,FG,2018-05-03,2018-06-15,21:00,23:30,commodity-v1
CZCE,FG,2018-06-19,2018-06-19,none,none,commodity-v1
CZCE,FG,2018-06-20,2018-09-21,21:00,23:30,commodity-v1
CZCE,FG,2018-09-25,2018-09-25,none,none,commodity-v1
CZCE,FG,2018-09-26,2018-09-28,21:00,23:30,commodity-v1
CZCE,FG,2018-10-08,2018-10-08,none,none,commodity-v1
CZCE,FG,2018-10-09,2018-10-30,21:00,23:30,commodity-v1
CZCE,FG,2018-11-02,2018-11-06,21:00,23:30,commodity-v1
CZCE,FG,2018-11-09,2018-11-15,21:00,23:30,commodity-v1
CZCE,FG,2019-07-01,2019-09-12,21:00,23:30,commodity-v1
CZCE,FG,2019-09-16,2019-09-16,none,none,commodity-v1
CZCE,FG,2019-09-17,2019-09-30,21:00,23:30,commodity-v1
CZCE,FG,2019-10-08,2019-10-08,none,none,commodity-v1
CZCE,FG,2019-10-09,2019-12-11,21:00,23:30,commodity-v1
CZCE,FG,2019-12-12,2019-12-25,21:00,23:00,commodity-v1
CZCE,FG,2019-12-26,2019-12-26,22:30,23:00,commodity-v1
CZCE,FG,2019-12-27,2019-12-31,21:00,23:00,commodity-v1
CZCE,FG,2020-01-02,2020-01-02,none,none,commodity-v1
CZCE,FG,2020-01-03,2020-01-23,21:00,23:00,commodity-v1
CZCE,FG,2020-02-03,2020-05-06,none,none,commodity-v1
CZCE,FG,2020-05-07,2020-06-24,21:00,23:00,commodity-v1
CZCE,FG,2020-06-29,2020-06-29,none,none,commodity-v1
CZCE,FG,2020-06-30,2020-09-30,21:00,23:00,commodity-v1
CZCE,FG,2020-10-09,2020-10-09,none,none,commodity-v1
CZCE,FG,2020-10-12,2020-12-31,21:00,23:00,commodity-v1
CZCE,FG,2021-01-04,2021-01-04,none,none,commodity-v1
CZCE,FG,2021-01-05,2021-02-10,21:00,23:00,commodity-v1
CZCE,FG,2021-02-18,2021-02-18,none,none,commodity-v1
CZCE,FG,2021-02-19,2021-04-02,21:00,23:00,commodity-v1
CZCE,FG,2021-04-06,2021-04-06,none,none,commodity-v1
CZCE,FG,2021-04-07,2021-04-30,21:00,23:00,commodity-v1
CZCE,FG,2021-05-06,2021-05-06,none,none,commodity-v1
CZCE,FG,2021-05-07,2021-06-11,21:00,23:00,commodity-v1
CZCE,FG,2021-06-15,2021-06-15,none,none,commodity-v1
CZCE,FG,2021-06-16,2021-09-17,21:00,23:00,commodity-v1
CZCE,FG,2021-09-22,2021-09-22,none,none,commodity-v1
CZCE,FG,2021-09-23,2021-09-30,21:00,23:00,commodity-v1
CZCE,FG,2021-10-08,2021-10-08,none,none,commodity-v1
CZCE,FG,2021-10-11,2021-12-31,21:00,23:00,commodity-v1
CZCE,FG,2022-01-04,2022-01-04,none,none,commodity-v1
CZCE,FG,2022-01-05,2022-01-28,21:00,23:00,commodity-v1
CZCE,FG,2022-02-07,2022-02-07,none,none,commodity-v1
CZCE,FG,2022-02-08,2022-04-01,21:00,23:00,commodity-v1
CZCE,FG,2022-04-06,2022-04-06,none,none,commodity-v1
CZCE,FG,2022-04-07,2022-04-29,21:00,23:00,commodity-v1
CZCE,FG,2022-05-05,2022-05-05,none,none,commodity-v1
CZCE,FG,2022-05-06,2022-06-02,21:00,23:00,commodity-v1
CZCE,FG,2022-06-06,2022-06-06,none,none,commodity-v1
CZCE,FG,2022-06-07,2022-09-09,21:00,23:00,commodity-v1
CZCE,FG,2022-09-13,2022-09-13,none,none,commodity-v1
CZCE,FG,2022-09-14,2022-09-30,21:00,23:00,commodity-v1
CZCE,FG,2022-10-10,2022-10-10,none,none,commodity-v1
CZCE,FG,2022-10-11,2022-12-30,21:00,23:00,commodity-v1
CZCE,FG,2023-01-03,2023-01-03,none,none,commodity-v1
CZCE,FG,2023-01-04,2023-01-20,21:00,23:00,commodity-v1
CZCE,FG,2023-01-30,2023-01-30,none,none,commodity-v1
CZCE,FG,2023-01-31,2023-04-04,21:00,23:00,commodity-v1
CZCE,FG,2023-04-06,2023-04-06,none,none,commodity-v1
CZCE,FG,2023-04-07,2023-04-28,21:00,23:00,commodity-v1
CZCE,FG,2023-05-04,2023-05-04,none,none,commodity-v1
CZCE,FG,2023-05-05,2023-06-21,21:00,23:00,commodity-v1
CZCE,FG,2023-06-26,2023-06-26,none,none,commodity-v1
CZCE,FG,2023-06-27,2023-09-28,21:00,23:00,commodity-v1
CZCE,FG,2023-10-09,2023-10-09,none,none,commodity-v1
CZCE,FG,2023-10-10,2023-12-29,21:00,23:00,commodity-v1
CZCE,FG,2024-01-02,2024-01-02,none,none,commodity-v1
CZCE,FG,2024-01-03,2024-02-08,21:00,23:00,commodity-v1
CZCE,FG,2024-02-19,2024-02-19,none,none,commodity-v1
CZCE,FG,2024-02-20,2024-04-03,21:00,23:00,commodity-v1
CZCE,FG,2024-04-08,2024-04-08,none,none,commodity-v1
CZCE,FG,2024-04-09,2024-04-30,21:00,23:00,commodity-v1
CZCE,FG,2024-05-06,2024-05-06,none,none,commodity-v1
CZCE,FG,2024-05-07,2024-06-07,21:00,23:00,commodity-v1
CZCE,FG,2024-06-11,2024-06-11,none,none,commodity-v1
CZCE,FG,2024-06-12,2024-09-13,21:00,23:00,commodity-v1
CZCE,FG,2024-09-18,2024-09-18,none,none,commodity-v1
CZCE,FG,2024-09-19,2024-09-30,21:00,23:00,commodity-v1
CZCE,FG,2024-10-08,2024-10-08,none,none,commodity-v1
CZCE,FG,2024-10-09,2024-12-31,21:00,23:00,commodity-v1
CZCE,FG,2025-01-02,2025-01-02,none,none,commodity-v1
CZCE,FG,2025-01-03,2025-01-27,21:00,23:00,commodity-v1
CZCE,FG,2025-02-05,2025-02-05,none,none,commodity-v1
CZCE,FG,2025-02-06,2025-04-03,21:00,23:00,commodity-v1
CZCE,FG,2025-04-07,2025-04-07,none,none,commodity-v1
CZCE,FG,2025-04-08,2025-04-30,21:00,23:00,commodity-v1
CZCE,FG,2025-05-06,2025-05-06,none,none,commodity-v1
CZCE,FG,2025-05-07,2025-05-30,21:00,23:00,commodity-v1
CZCE,FG,2025-06-03,2025-06-03,none,none,commodity-v1
CZCE,FG,2025-06-04,2025-09-30,21:00,23:00,commodity-v1
CZCE,FG,2025-10-09,2025-10-09,none,none,commodity-v1
CZCE,FG,2025-10-10,2025-12-31,21:00,23:00,commodity-v1
CZCE,FG,2026-01-05,2026-01-05,none,none,commodity-v1
CZCE,FG,2026-01-06,2026-01-30,21:00,23:00,commodity-v1
CZCE,MA,2015-01-06,2015-02-17,21:00,23:30,commodity-v1
CZCE,MA,2015-02-25,2015-02-25,none,none,commodity-v1
CZCE,MA,2015-02-26,2015-04-03,21:00,23:30,commodity-v1
CZCE,MA,2015-04-07,2015-04-07,none,none,commodity-v1
CZCE,MA,2015-04-08,2015-04-30,21:00,23:30,commodity-v1
CZCE,MA,2015-05-04,2015-05-04,none,none,commodity-v1
CZCE,MA,2015-05-05,2015-06-19,21:00,23:30,commodity-v1
CZCE,MA,2015-06-23,2015-06-23,none,none,commodity-v1
CZCE,MA,2015-06-24,2015-09-02,21:00,23:30,commodity-v1
CZCE,MA,2015-09-07,2015-09-07,none,none,commodity-v1
CZCE,MA,2015-09-08,2015-09-25,21:00,23:30,commodity-v1
CZCE,MA,2015-09-28,2015-09-28,none,none,commodity-v1
CZCE,MA,2015-09-29,2015-09-30,21:00,23:30,commodity-v1
CZCE,MA,2015-10-08,2015-10-08,none,none,commodity-v1
CZCE,MA,2015-10-09,2015-12-31,21:00,23:30,commodity-v1
CZCE,MA,2016-01-04,2016-01-04,none,none,commodity-v1
CZCE,MA,2016-01-05,2016-02-05,21:00,23:30,commodity-v1
CZCE,MA,2016-02-15,2016-02-15,none,none,commodity-v1
CZCE,MA,2016-02-16,2016-04-01,21:00,23:30,commodity-v1
CZCE,MA,2016-04-05,2016-04-05,none,none,commodity-v1
CZCE,MA,2016-04-06,2016-04-29,21:00,23:30,commodity-v1
CZCE,MA,2016-05-03,2016-05-03,none,none,commodity-v1
CZCE,MA,2016-05-04,2016-06-08,21:00,23:30,commodity-v1
CZCE,MA,2016-06-13,2016-06-13,none,none,commodity-v1
CZCE,MA,2016-06-14,2016-09-14,21:00,23:30,commodity-v1
CZCE,MA,2016-09-19,2016-09-19,none,none,commodity-v1
CZCE,MA,2016-09-20,2016-09-30,21:00,23:30,commodity-v1
CZCE,MA,2016-10-10,2016-10-10,none,none,commodity-v1
CZCE,MA,2016-10-11,2016-12-30,21:00,23:30,commodity-v1
CZCE,MA,2017-01-03,2017-01-03,none,none,commodity-v1
CZCE,MA,2017-01-04,2017-01-26,21:00,23:30,commodity-v1
CZCE,MA,2017-02-03,2017-02-03,none,none,commodity-v1
CZCE,MA,2017-02-06,2017-03-31,21:00,23:30,commodity-v1
CZCE,MA,2017-04-05,2017-04-05,none,none,commodity-v1
CZCE,MA,2017-04-06,2017-04-18,21:00,23:30,commodity-v1
CZCE,MA,2017-04-19,2017-04-19,none,none,commodity-v1
CZCE,MA,2017-04-20,2017-04-28,21:00,23:30,commodity-v1
CZCE,MA,2017-05-02,2017-05-02,none,none,commodity-v1
CZCE,MA,2017-05-03,2017-05-26,21:00,23:30,commodity-v1
CZCE,MA,2017-05-31,2017-05-31,none,none,commodity-v1
CZCE,MA,2017-06-01,2017-09-29,21:00,23:30,commodity-v1
CZCE,MA,2017-10-09,2017-10-09,none,none,commodity-v1
CZCE,MA,2017-10-10,2017-12-29,21:00,23:30,commodity-v1
CZCE,MA,2018-01-02,2018-01-02,none,none,commodity-v1
CZCE,MA,2018-01-03,2018-02-14,21:00,23:30,commodity-v1
CZCE,MA,2018-02-22,2018-02-22,none,none,commodity-v1
CZCE,MA,2018-02-23,2018-04-04,21:00,23:30,commodity-v1
CZCE,MA,2018-04-09,2018-04-09,none,none,commodity-v1
CZCE,MA,2018-04-10,2018-04-27,21:00,23:30,commodity-v1
CZCE,MA,2018-05-02,2018-05-02,none,none,commodity-v1
CZCE,MA,2018-05-03,2018-06-15,21:00,23:30,commodity-v1
CZCE,MA,2018-06-19,2018-06-19,none,none,commodity-v1
CZCE,MA,2018-06-20,2018-09-21,21:00,23:30,commodity-v1
CZCE,MA,2018-09-25,2018-09-25,none,none,commodity-v1
CZCE,MA,2018-09-26,2018-09-28,21:00,23:30,commodity-v1
CZCE,MA,2018-10-08,2018-10-08,none,none,commodity-v1
CZCE,MA,2018-10-09,2018-12-28,21:00,23:30,commodity-v1
CZCE,MA,2019-01-02,2019-01-02,none,none,commodity-v1
CZCE,MA,2019-01-03,2019-02-01,21:00,23:30,commodity-v1
CZCE,MA,2019-02-11,2019-02-11,none,none,commodity-v1
CZCE,MA,2019-02-12,2019-04-04,21:00,23:30,commodity-v1
CZCE,MA,2019-04-08,2019-04-08,none,none,commodity-v1
CZCE,MA,2019-04-09,2019-04-30,21:00,23:30,commodity-v1
CZCE,MA,2019-05-06,2019-05-06,none,none,commodity-v1
CZCE,MA,2019-05-07,2019-06-06,21:00,23:30,commodity-v1
CZCE,MA,2019-06-10,2019-06-10,none,none,commodity-v1
CZCE,MA,2019-06-11,2019-09-12,21:00,23:30,commodity-v1
CZCE,MA,2019-09-16,2019-09-16,none,none,commodity-v1
CZCE,MA,2019-09-17,2019-09-30,21:00,23:30,commodity-v1
CZCE,MA,2019-10-08,2019-10-08,none,none,commodity-v1
CZCE,MA,2019-10-09,2019-12-11,21:00,23:30,commodity-v1
CZCE,MA,2019-12-12,2019-12-25,21:00,23:00,commodity-v1
CZCE,MA,2019-12-26,2019-12-26,22:30,23:00,commodity-v1
CZCE,MA,2019-12-27,2019-12-31,21:00,23:00,commodity-v1
CZCE,MA,2020-01-02,2020-01-02,none,none,commodity-v1
CZCE,MA,2020-01-03,2020-01-23,21:00,23:00,commodity-v1
CZCE,MA,2020-02-03,2020-05-06,none,none,commodity-v1
CZCE,MA,2020-05-07,2020-06-24,21:00,23:00,commodity-v1
CZCE,MA,2020-06-29,2020-06-29,none,none,commodity-v1
CZCE,MA,2020-06-30,2020-09-30,21:00,23:00,commodity-v1
CZCE,MA,2020-10-09,2020-10-09,none,none,commodity-v1
CZCE,MA,2020-10-12,2020-12-31,21:00,23:00,commodity-v1
CZCE,MA,2021-01-04,2021-01-04,none,none,commodity-v1
CZCE,MA,2021-01-05,2021-02-10,21:00,23:00,commodity-v1
CZCE,MA,2021-02-18,2021-02-18,none,none,commodity-v1
CZCE,MA,2021-02-19,2021-04-02,21:00,23:00,commodity-v1
CZCE,MA,2021-04-06,2021-04-06,none,none,commodity-v1
CZCE,MA,2021-04-07,2021-04-30,21:00,23:00,commodity-v1
CZCE,MA,2021-05-06,2021-05-06,none,none,commodity-v1
CZCE,MA,2021-05-07,2021-06-11,21:00,23:00,commodity-v1
CZCE,MA,2021-06-15,2021-06-15,none,none,commodity-v1
CZCE,MA,2021-06-16,2021-09-17,21:00,23:00,commodity-v1
CZCE,MA,2021-09-22,2021-09-22,none,none,commodity-v1
CZCE,MA,2021-09-23,2021-09-30,21:00,23:00,commodity-v1
CZCE,MA,2021-10-08,2021-10-08,none,none,commodity-v1
CZCE,MA,2021-10-11,2021-12-31,21:00,23:00,commodity-v1
CZCE,MA,2022-01-04,2022-01-04,none,none,commodity-v1
CZCE,MA,2022-01-05,2022-01-28,21:00,23:00,commodity-v1
CZCE,MA,2022-02-07,2022-02-07,none,none,commodity-v1
CZCE,MA,2022-02-08,2022-04-01,21:00,23:00,commodity-v1
CZCE,MA,2022-04-06,2022-04-06,none,none,commodity-v1
CZCE,MA,2022-04-07,2022-04-29,21:00,23:00,commodity-v1
CZCE,MA,2022-05-05,2022-05-05,none,none,commodity-v1
CZCE,MA,2022-05-06,2022-06-02,21:00,23:00,commodity-v1
CZCE,MA,2022-06-06,2022-06-06,none,none,commodity-v1
CZCE,MA,2022-06-07,2022-09-09,21:00,23:00,commodity-v1
CZCE,MA,2022-09-13,2022-09-13,none,none,commodity-v1
CZCE,MA,2022-09-14,2022-09-30,21:00,23:00,commodity-v1
CZCE,MA,2022-10-10,2022-10-10,none,none,commodity-v1
CZCE,MA,2022-10-11,2022-12-30,21:00,23:00,commodity-v1
CZCE,MA,2023-01-03,2023-01-03,none,none,commodity-v1
CZCE,MA,2023-01-04,2023-01-20,21:00,23:00,commodity-v1
CZCE,MA,2023-01-30,2023-01-30,none,none,commodity-v1
CZCE,MA,2023-01-31,2023-04-04,21:00,23:00,commodity-v1
CZCE,MA,2023-04-06,2023-04-06,none,none,commodity-v1
CZCE,MA,2023-04-07,2023-04-28,21:00,23:00,commodity-v1
CZCE,MA,2023-05-04,2023-05-04,none,none,commodity-v1
CZCE,MA,2023-05-05,2023-06-21,21:00,23:00,commodity-v1
CZCE,MA,2023-06-26,2023-06-26,none,none,commodity-v1
CZCE,MA,2023-06-27,2023-09-28,21:00,23:00,commodity-v1
CZCE,MA,2023-10-09,2023-10-09,none,none,commodity-v1
CZCE,MA,2023-10-10,2023-12-29,21:00,23:00,commodity-v1
CZCE,MA,2024-01-02,2024-01-02,none,none,commodity-v1
CZCE,MA,2024-01-03,2024-02-08,21:00,23:00,commodity-v1
CZCE,MA,2024-02-19,2024-02-19,none,none,commodity-v1
CZCE,MA,2024-02-20,2024-04-03,21:00,23:00,commodity-v1
CZCE,MA,2024-04-08,2024-04-08,none,none,commodity-v1
CZCE,MA,2024-04-09,2024-04-30,21:00,23:00,commodity-v1
CZCE,MA,2024-05-06,2024-05-06,none,none,commodity-v1
CZCE,MA,2024-05-07,2024-06-07,21:00,23:00,commodity-v1
CZCE,MA,2024-06-11,2024-06-11,none,none,commodity-v1
CZCE,MA,2024-06-12,2024-09-13,21:00,23:00,commodity-v1
CZCE,MA,2024-09-18,2024-09-18,none,none,commodity-v1
CZCE,MA,2024-09-19,2024-09-30,21:00,23:00,commodity-v1
CZCE,MA,2024-10-08,2024-10-08,none,none,commodity-v1
CZCE,MA,2024-10-09,2024-12-31,21:00,23:00,commodity-v1
CZCE,MA,2025-01-02,2025-01-02,none,none,commodity-v1
CZCE,MA,2025-01-03,2025-01-27,21:00,23:00,commodity-v1
CZCE,MA,2025-02-05,2025-02-05,none,none,commodity-v1
CZCE,MA,2025-02-06,2025-04-03,21:00,23:00,commodity-v1
CZCE,MA,2025-04-07,2025-04-07,none,none,commodity-v1
CZCE,MA,2025-04-08,2025-04-30,21:00,23:00,commodity-v1
CZCE,MA,2025-05-06,2025-05-06,none,none,commodity-v1
CZCE,MA,2025-05-07,2025-05-30,21:00,23:00,commodity-v1
CZCE,MA,2025-06-03,2025-06-03,none,none,commodity-v1
CZCE,MA,2025-06-04,2025-09-30,21:00,23:00,commodity-v1
CZCE,MA,2025-10-09,2025-10-09,none,none,commodity-v1
CZCE,MA,2025-10-10,2025-12-31,21:00,23:00,commodity-v1
CZCE,MA,2026-01-05,2026-01-05,none,none,commodity-v1
CZCE,MA,2026-01-06,2026-01-30,21:00,23:00,commodity-v1
CZCE,OI,2013-08-30,2015-03-02,none,none,commodity-v1
CZCE,OI,2016-03-28,2016-04-01,21:00,23:30,commodity-v1
CZCE,OI,2016-04-05,2016-04-05,none,none,commodity-v1
CZCE,OI,2016-04-06,2016-04-29,21:00,23:30,commodity-v1
CZCE,OI,2016-05-03,2016-05-03,none,none,commodity-v1
CZCE,OI,2016-05-04,2016-06-08,21:00,23:30,commodity-v1
CZCE,OI,2016-06-13,2016-06-13,none,none,commodity-v1
CZCE,OI,2016-06-14,2016-09-14,21:00,23:30,commodity-v1
CZCE,OI,2016-09-19,2016-09-19,none,none,commodity-v1
CZCE,OI,2016-09-20,2016-09-30,21:00,23:30,commodity-v1
CZCE,OI,2016-10-10,2016-10-10,none,none,commodity-v1
CZCE,OI,2016-10-11,2016-12-30,21:00,23:30,commodity-v1
CZCE,OI,2017-01-03,2017-01-03,none,none,commodity-v1
CZCE,OI,2017-01-04,2017-01-26,21:00,23:30,commodity-v1
CZCE,OI,2017-02-03,2017-02-03,none,none,commodity-v1
CZCE,OI,2017-02-06,2017-03-31,21:00,23:30,commodity-v1
CZCE,OI,2017-04-05,2017-04-05,none,none,commodity-v1
CZCE,OI,2017-04-06,2017-04-18,21:00,23:30,commodity-v1
CZCE,OI,2017-04-19,2017-04-19,none,none,commodity-v1
CZCE,OI,2017-04-20,2017-04-28,21:00,23:30,commodity-v1
CZCE,OI,2017-05-02,2017-05-02,none,none,commodity-v1
CZCE,OI,2017-05-03,2017-05-26,21:00,23:30,commodity-v1
CZCE,OI,2017-05-31,2017-05-31,none,none,commodity-v1
CZCE,OI,2017-06-01,2017-09-29,21:00,23:30,commodity-v1
CZCE,OI,2017-10-09,2017-10-09,none,none,commodity-v1
CZCE,OI,2017-10-10,2017-12-29,21:00,23:30,commodity-v1
CZCE,OI,2018-01-02,2018-01-02,none,none,commodity-v1
CZCE,OI,2018-01-03,2018-02-14,21:00,23:30,commodity-v1
CZCE,OI,2018-02-22,2018-02-22,none,none,commodity-v1
CZCE,OI,2018-02-23,2018-04-04,21:00,23:30,commodity-v1
CZCE,OI,2018-04-09,2018-04-09,none,none,commodity-v1
CZCE,OI,2018-04-10,2018-04-27,21:00,23:30,commodity-v1
CZCE,OI,2018-05-02,2018-05-02,none,none,commodity-v1
CZCE,OI,2018-05-03,2018-06-15,21:00,23:30,commodity-v1
CZCE,OI,2018-06-19,2018-06-19,none,none,commodity-v1
CZCE,OI,2018-06-20,2018-09-21,21:00,23:30,commodity-v1
CZCE,OI,2018-09-25,2018-09-25,none,none,commodity-v1
CZCE,OI,2018-09-26,2018-09-28,21:00,23:30,commodity-v1
CZCE,OI,2018-10-08,2018-10-08,none,none,commodity-v1
CZCE,OI,2018-10-09,2018-12-28,21:00,23:30,commodity-v1
CZCE,OI,2019-01-02,2019-01-02,none,none,commodity-v1
CZCE,OI,2019-01-03,2019-02-01,21:00,23:30,commodity-v1
CZCE,OI,2019-02-11,2019-02-11,none,none,commodity-v1
CZCE,OI,2019-02-12,2019-04-04,21:00,23:30,commodity-v1
CZCE,OI,2019-04-08,2019-04-08,none,none,commodity-v1
CZCE,OI,2019-04-09,2019-04-30,21:00,23:30,commodity-v1
CZCE,OI,2019-05-06,2019-05-06,none,none,commodity-v1
CZCE,OI,2019-05-07,2019-06-06,21:00,23:30,commodity-v1
CZCE,OI,2019-06-10,2019-06-10,none,none,commodity-v1
CZCE,OI,2019-06-11,2019-09-12,21:00,23:30,commodity-v1
CZCE,OI,2019-09-16,2019-09-16,none,none,commodity-v1
CZCE,OI,2019-09-17,2019-09-30,21:00,23:30,commodity-v1
CZCE,OI,2019-10-08,2019-10-08,none,none,commodity-v1
CZCE,OI,2019-10-09,2019-12-11,21:00,23:30,commodity-v1
CZCE,OI,2019-12-12,2019-12-25,21:00,23:00,commodity-v1
CZCE,OI,2019-12-26,2019-12-26,22:30,23:00,commodity-v1
CZCE,OI,2019-12-27,2019-12-31,21:00,23:00,commodity-v1
CZCE,OI,2020-01-02,2020-01-02,none,none,commodity-v1
CZCE,OI,2020-01-03,2020-01-23,21:00,23:00,commodity-v1
CZCE,OI,2020-02-03,2020-05-06,none,none,commodity-v1
CZCE,OI,2020-05-07,2020-06-24,21:00,23:00,commodity-v1
CZCE,OI,2020-06-29,2020-06-29,none,none,commodity-v1
CZCE,OI,2020-06-30,2020-09-30,21:00,23:00,commodity-v1
CZCE,OI,2020-10-09,2020-10-09,none,none,commodity-v1
CZCE,OI,2020-10-12,2020-12-31,21:00,23:00,commodity-v1
CZCE,OI,2021-01-04,2021-01-04,none,none,commodity-v1
CZCE,OI,2021-01-05,2021-02-10,21:00,23:00,commodity-v1
CZCE,OI,2021-02-18,2021-02-18,none,none,commodity-v1
CZCE,OI,2021-02-19,2021-04-02,21:00,23:00,commodity-v1
CZCE,OI,2021-04-06,2021-04-06,none,none,commodity-v1
CZCE,OI,2021-04-07,2021-04-30,21:00,23:00,commodity-v1
CZCE,OI,2021-05-06,2021-05-06,none,none,commodity-v1
CZCE,OI,2021-05-07,2021-06-11,21:00,23:00,commodity-v1
CZCE,OI,2021-06-15,2021-06-15,none,none,commodity-v1
CZCE,OI,2021-06-16,2021-09-17,21:00,23:00,commodity-v1
CZCE,OI,2021-09-22,2021-09-22,none,none,commodity-v1
CZCE,OI,2021-09-23,2021-09-30,21:00,23:00,commodity-v1
CZCE,OI,2021-10-08,2021-10-08,none,none,commodity-v1
CZCE,OI,2021-10-11,2021-12-31,21:00,23:00,commodity-v1
CZCE,OI,2022-01-04,2022-01-04,none,none,commodity-v1
CZCE,OI,2022-01-05,2022-01-28,21:00,23:00,commodity-v1
CZCE,OI,2022-02-07,2022-02-07,none,none,commodity-v1
CZCE,OI,2022-02-08,2022-04-01,21:00,23:00,commodity-v1
CZCE,OI,2022-04-06,2022-04-06,none,none,commodity-v1
CZCE,OI,2022-04-07,2022-04-29,21:00,23:00,commodity-v1
CZCE,OI,2022-05-05,2022-05-05,none,none,commodity-v1
CZCE,OI,2022-05-06,2022-06-02,21:00,23:00,commodity-v1
CZCE,OI,2022-06-06,2022-06-06,none,none,commodity-v1
CZCE,OI,2022-06-07,2022-09-09,21:00,23:00,commodity-v1
CZCE,OI,2022-09-13,2022-09-13,none,none,commodity-v1
CZCE,OI,2022-09-14,2022-09-30,21:00,23:00,commodity-v1
CZCE,OI,2022-10-10,2022-10-10,none,none,commodity-v1
CZCE,OI,2022-10-11,2022-12-30,21:00,23:00,commodity-v1
CZCE,OI,2023-01-03,2023-01-03,none,none,commodity-v1
CZCE,OI,2023-01-04,2023-01-20,21:00,23:00,commodity-v1
CZCE,OI,2023-01-30,2023-01-30,none,none,commodity-v1
CZCE,OI,2023-01-31,2023-04-04,21:00,23:00,commodity-v1
CZCE,OI,2023-04-06,2023-04-06,none,none,commodity-v1
CZCE,OI,2023-04-07,2023-04-28,21:00,23:00,commodity-v1
CZCE,OI,2023-05-04,2023-05-04,none,none,commodity-v1
CZCE,OI,2023-05-05,2023-06-21,21:00,23:00,commodity-v1
CZCE,OI,2023-06-26,2023-06-26,none,none,commodity-v1
CZCE,OI,2023-06-27,2023-09-28,21:00,23:00,commodity-v1
CZCE,OI,2023-10-09,2023-10-09,none,none,commodity-v1
CZCE,OI,2023-10-10,2023-12-29,21:00,23:00,commodity-v1
CZCE,OI,2024-01-02,2024-01-02,none,none,commodity-v1
CZCE,OI,2024-01-03,2024-02-08,21:00,23:00,commodity-v1
CZCE,OI,2024-02-19,2024-02-19,none,none,commodity-v1
CZCE,OI,2024-02-20,2024-04-03,21:00,23:00,commodity-v1
CZCE,OI,2024-04-08,2024-04-08,none,none,commodity-v1
CZCE,OI,2024-04-09,2024-04-30,21:00,23:00,commodity-v1
CZCE,OI,2024-05-06,2024-05-06,none,none,commodity-v1
CZCE,OI,2024-05-07,2024-06-07,21:00,23:00,commodity-v1
CZCE,OI,2024-06-11,2024-06-11,none,none,commodity-v1
CZCE,OI,2024-06-12,2024-09-13,21:00,23:00,commodity-v1
CZCE,OI,2024-09-18,2024-09-18,none,none,commodity-v1
CZCE,OI,2024-09-19,2024-09-30,21:00,23:00,commodity-v1
CZCE,OI,2024-10-08,2024-10-08,none,none,commodity-v1
CZCE,OI,2024-10-09,2024-12-31,21:00,23:00,commodity-v1
CZCE,OI,2025-01-02,2025-01-02,none,none,commodity-v1
CZCE,OI,2025-01-03,2025-01-27,21:00,23:00,commodity-v1
CZCE,OI,2025-02-05,2025-02-05,none,none,commodity-v1
CZCE,OI,2025-02-06,2025-04-03,21:00,23:00,commodity-v1
CZCE,OI,2025-04-07,2025-04-07,none,none,commodity-v1
CZCE,OI,2025-04-08,2025-04-30,21:00,23:00,commodity-v1
CZCE,OI,2025-05-06,2025-05-06,none,none,commodity-v1
CZCE,OI,2025-05-07,2025-05-30,21:00,23:00,commodity-v1
CZCE,OI,2025-06-03,2025-06-03,none,none,commodity-v1
CZCE,OI,2025-06-04,2025-09-30,21:00,23:00,commodity-v1
CZCE,OI,2025-10-09,2025-10-09,none,none,commodity-v1
CZCE,OI,2025-10-10,2025-12-31,21:00,23:00,commodity-v1
CZCE,OI,2026-01-05,2026-01-05,none,none,commodity-v1
CZCE,OI,2026-01-06,2026-01-30,21:00,23:00,commodity-v1
CZCE,PF,2021-04-07,2021-04-30,21:00,23:00,commodity-v1
CZCE,PF,2021-05-06,2021-05-06,none,none,commodity-v1
CZCE,PF,2021-05-07,2021-06-11,21:00,23:00,commodity-v1
CZCE,PF,2021-06-15,2021-06-15,none,none,commodity-v1
CZCE,PF,2021-06-16,2021-09-17,21:00,23:00,commodity-v1
CZCE,PF,2021-09-22,2021-09-22,none,none,commodity-v1
CZCE,PF,2021-09-23,2021-09-30,21:00,23:00,commodity-v1
CZCE,PF,2021-10-08,2021-10-08,none,none,commodity-v1
CZCE,PF,2021-10-11,2021-12-31,21:00,23:00,commodity-v1
CZCE,PF,2022-01-04,2022-01-04,none,none,commodity-v1
CZCE,PF,2022-01-05,2022-01-28,21:00,23:00,commodity-v1
CZCE,PF,2022-02-07,2022-02-07,none,none,commodity-v1
CZCE,PF,2022-02-08,2022-04-01,21:00,23:00,commodity-v1
CZCE,PF,2022-04-06,2022-04-06,none,none,commodity-v1
CZCE,PF,2022-04-07,2022-04-29,21:00,23:00,commodity-v1
CZCE,PF,2022-05-05,2022-05-05,none,none,commodity-v1
CZCE,PF,2022-05-06,2022-06-02,21:00,23:00,commodity-v1
CZCE,PF,2022-06-06,2022-06-06,none,none,commodity-v1
CZCE,PF,2022-06-07,2022-09-09,21:00,23:00,commodity-v1
CZCE,PF,2022-09-13,2022-09-13,none,none,commodity-v1
CZCE,PF,2022-09-14,2022-09-30,21:00,23:00,commodity-v1
CZCE,PF,2022-10-10,2022-10-10,none,none,commodity-v1
CZCE,PF,2022-10-11,2022-12-30,21:00,23:00,commodity-v1
CZCE,PF,2023-01-03,2023-01-03,none,none,commodity-v1
CZCE,PF,2023-01-04,2023-01-20,21:00,23:00,commodity-v1
CZCE,PF,2023-01-30,2023-01-30,none,none,commodity-v1
CZCE,PF,2023-01-31,2023-04-04,21:00,23:00,commodity-v1
CZCE,PF,2023-04-06,2023-04-06,none,none,commodity-v1
CZCE,PF,2023-04-07,2023-04-28,21:00,23:00,commodity-v1
CZCE,PF,2023-05-04,2023-05-04,none,none,commodity-v1
CZCE,PF,2023-05-05,2023-06-21,21:00,23:00,commodity-v1
CZCE,PF,2023-06-26,2023-06-26,none,none,commodity-v1
CZCE,PF,2023-06-27,2023-09-28,21:00,23:00,commodity-v1
CZCE,PF,2023-10-09,2023-10-09,none,none,commodity-v1
CZCE,PF,2023-10-10,2023-12-29,21:00,23:00,commodity-v1
CZCE,PF,2024-01-02,2024-01-02,none,none,commodity-v1
CZCE,PF,2024-01-03,2024-02-08,21:00,23:00,commodity-v1
CZCE,PF,2024-02-19,2024-02-19,none,none,commodity-v1
CZCE,PF,2024-02-20,2024-04-03,21:00,23:00,commodity-v1
CZCE,PF,2024-04-08,2024-04-08,none,none,commodity-v1
CZCE,PF,2024-04-09,2024-04-30,21:00,23:00,commodity-v1
CZCE,PF,2024-05-06,2024-05-06,none,none,commodity-v1
CZCE,PF,2024-05-07,2024-06-07,21:00,23:00,commodity-v1
CZCE,PF,2024-06-11,2024-06-11,none,none,commodity-v1
CZCE,PF,2024-06-12,2024-09-13,21:00,23:00,commodity-v1
CZCE,PF,2024-09-18,2024-09-18,none,none,commodity-v1
CZCE,PF,2024-09-19,2024-09-30,21:00,23:00,commodity-v1
CZCE,PF,2024-10-08,2024-10-08,none,none,commodity-v1
CZCE,PF,2024-10-09,2024-12-31,21:00,23:00,commodity-v1
CZCE,PF,2025-01-02,2025-01-02,none,none,commodity-v1
CZCE,PF,2025-01-03,2025-01-27,21:00,23:00,commodity-v1
CZCE,PF,2025-02-05,2025-02-05,none,none,commodity-v1
CZCE,PF,2025-02-06,2025-04-03,21:00,23:00,commodity-v1
CZCE,PF,2025-04-07,2025-04-07,none,none,commodity-v1
CZCE,PF,2025-04-08,2025-04-30,21:00,23:00,commodity-v1
CZCE,PF,2025-05-06,2025-05-06,none,none,commodity-v1
CZCE,PF,2025-05-07,2025-05-30,21:00,23:00,commodity-v1
CZCE,PF,2025-06-03,2025-06-03,none,none,commodity-v1
CZCE,PF,2025-06-04,2025-09-30,21:00,23:00,commodity-v1
CZCE,PF,2025-10-09,2025-10-09,none,none,commodity-v1
CZCE,PF,2025-10-10,2025-12-31,21:00,23:00,commodity-v1
CZCE,PF,2026-01-05,2026-01-05,none,none,commodity-v1
CZCE,PF,2026-01-06,2026-01-30,21:00,23:00,commodity-v1
CZCE,PK,2022-02-18,2022-04-25,none,none,commodity-v1
CZCE,PK,2022-05-24,2024-04-15,none,none,commodity-v1
CZCE,PK,2025-11-27,2026-01-30,none,none,commodity-v1
CZCE,PR,2025-08-05,2025-09-30,21:00,23:00,commodity-v1
CZCE,PR,2025-10-09,2025-10-09,none,none,commodity-v1
CZCE,PR,2025-10-10,2025-12-31,21:00,23:00,commodity-v1
CZCE,PR,2026-01-05,2026-01-05,none,none,commodity-v1
CZCE,PR,2026-01-06,2026-01-30,21:00,23:00,commodity-v1
CZCE,PX,2025-01-24,2025-01-27,21:00,23:00,commodity-v1
CZCE,PX,2025-02-05,2025-02-05,none,none,commodity-v1
CZCE,PX,2025-02-06,2025-04-03,21:00,23:00,commodity-v1
CZCE,PX,2025-04-07,2025-04-07,none,none,commodity-v1
CZCE,PX,2025-04-08,2025-04-30,21:00,23:00,commodity-v1
CZCE,PX,2025-05-06,2025-05-06,none,none,commodity-v1
CZCE,PX,2025-05-07,2025-05-30,21:00,23:00,commodity-v1
CZCE,PX,2025-06-03,2025-06-03,none,none,commodity-v1
CZCE,PX,2025-06-04,2025-09-30,21:00,23:00,commodity-v1
CZCE,PX,2025-10-09,2025-10-09,none,none,commodity-v1
CZCE,PX,2025-10-10,2025-12-31,21:00,23:00,commodity-v1
CZCE,PX,2026-01-05,2026-01-05,none,none,commodity-v1
CZCE,PX,2026-01-06,2026-01-30,21:00,23:00,commodity-v1
CZCE,RM,2013-07-08,2014-12-12,none,none,commodity-v1
CZCE,RM,2014-12-15,2014-12-31,21:00,23:30,commodity-v1
CZCE,RM,2015-01-05,2015-01-05,none,none,commodity-v1
CZCE,RM,2015-01-06,2015-02-17,21:00,23:30,commodity-v1
CZCE,RM,2015-02-25,2015-02-25,none,none,commodity-v1
CZCE,RM,2015-02-26,2015-04-03,21:00,23:30,commodity-v1
CZCE,RM,2015-04-07,2015-04-07,none,none,commodity-v1
CZCE,RM,2015-04-08,2015-04-30,21:00,23:30,commodity-v1
CZCE,RM,2015-05-04,2015-05-04,none,none,commodity-v1
CZCE,RM,2015-05-05,2015-06-19,21:00,23:30,commodity-v1
CZCE,RM,2015-06-23,2015-06-23,none,none,commodity-v1
CZCE,RM,2015-06-24,2015-09-02,21:00,23:30,commodity-v1
CZCE,RM,2015-09-07,2015-09-07,none,none,commodity-v1
CZCE,RM,2015-09-08,2015-09-25,21:00,23:30,commodity-v1
CZCE,RM,2015-09-28,2015-09-28,none,none,commodity-v1
CZCE,RM,2015-09-29,2015-09-30,21:00,23:30,commodity-v1
CZCE,RM,2015-10-08,2015-10-08,none,none,commodity-v1
CZCE,RM,2015-10-09,2015-12-31,21:00,23:30,commodity-v1
CZCE,RM,2016-01-04,2016-01-04,none,none,commodity-v1
CZCE,RM,2016-01-05,2016-02-05,21:00,23:30,commodity-v1
CZCE,RM,2016-02-15,2016-02-15,none,none,commodity-v1
CZCE,RM,2016-02-16,2016-04-01,21:00,23:30,commodity-v1
CZCE,RM,2016-04-05,2016-04-05,none,none,commodity-v1
CZCE,RM,2016-04-06,2016-04-29,21:00,23:30,commodity-v1
CZCE,RM,2016-05-03,2016-05-03,none,none,commodity-v1
CZCE,RM,2016-05-04,2016-06-08,21:00,23:30,commodity-v1
CZCE,RM,2016-06-13,2016-06-13,none,none,commodity-v1
CZCE,RM,2016-06-14,2016-09-14,21:00,23:30,commodity-v1
CZCE,RM,2016-09-19,2016-09-19,none,none,commodity-v1
CZCE,RM,2016-09-20,2016-09-30,21:00,23:30,commodity-v1
CZCE,RM,2016-10-10,2016-10-10,none,none,commodity-v1
CZCE,RM,2016-10-11,2016-12-30,21:00,23:30,commodity-v1
CZCE,RM,2017-01-03,2017-01-03,none,none,commodity-v1
CZCE,RM,2017-01-04,2017-01-26,21:00,23:30,commodity-v1
CZCE,RM,2017-02-03,2017-02-03,none,none,commodity-v1
CZCE,RM,2017-02-06,2017-03-31,21:00,23:30,commodity-v1
CZCE,RM,2017-04-05,2017-04-05,none,none,commodity-v1
CZCE,RM,2017-04-06,2017-04-18,21:00,23:30,commodity-v1
CZCE,RM,2017-04-19,2017-04-19,none,none,commodity-v1
CZCE,RM,2017-04-20,2017-04-28,21:00,23:30,commodity-v1
CZCE,RM,2017-05-02,2017-05-02,none,none,commodity-v1
CZCE,RM,2017-05-03,2017-05-26,21:00,23:30,commodity-v1
CZCE,RM,2017-05-31,2017-05-31,none,none,commodity-v1
CZCE,RM,2017-06-01,2017-09-29,21:00,23:30,commodity-v1
CZCE,RM,2017-10-09,2017-10-09,none,none,commodity-v1
CZCE,RM,2017-10-10,2017-12-29,21:00,23:30,commodity-v1
CZCE,RM,2018-01-02,2018-01-02,none,none,commodity-v1
CZCE,RM,2018-01-03,2018-02-14,21:00,23:30,commodity-v1
CZCE,RM,2018-02-22,2018-02-22,none,none,commodity-v1
CZCE,RM,2018-02-23,2018-04-04,21:00,23:30,commodity-v1
CZCE,RM,2018-04-09,2018-04-09,none,none,commodity-v1
CZCE,RM,2018-04-10,2018-04-27,21:00,23:30,commodity-v1
CZCE,RM,2018-05-02,2018-05-02,none,none,commodity-v1
CZCE,RM,2018-05-03,2018-06-15,21:00,23:30,commodity-v1
CZCE,RM,2018-06-19,2018-06-19,none,none,commodity-v1
CZCE,RM,2018-06-20,2018-09-21,21:00,23:30,commodity-v1
CZCE,RM,2018-09-25,2018-09-25,none,none,commodity-v1
CZCE,RM,2018-09-26,2018-09-28,21:00,23:30,commodity-v1
CZCE,RM,2018-10-08,2018-10-08,none,none,commodity-v1
CZCE,RM,2018-10-09,2018-12-28,21:00,23:30,commodity-v1
CZCE,RM,2019-01-02,2019-01-02,none,none,commodity-v1
CZCE,RM,2019-01-03,2019-02-01,21:00,23:30,commodity-v1
CZCE,RM,2019-02-11,2019-02-11,none,none,commodity-v1
CZCE,RM,2019-02-12,2019-04-04,21:00,23:30,commodity-v1
CZCE,RM,2019-04-08,2019-04-08,none,none,commodity-v1
CZCE,RM,2019-04-09,2019-04-30,21:00,23:30,commodity-v1
CZCE,RM,2019-05-06,2019-05-06,none,none,commodity-v1
CZCE,RM,2019-05-07,2019-06-06,21:00,23:30,commodity-v1
CZCE,RM,2019-06-10,2019-06-10,none,none,commodity-v1
CZCE,RM,2019-06-11,2019-09-12,21:00,23:30,commodity-v1
CZCE,RM,2019-09-16,2019-09-16,none,none,commodity-v1
CZCE,RM,2019-09-17,2019-09-30,21:00,23:30,commodity-v1
CZCE,RM,2019-10-08,2019-10-08,none,none,commodity-v1
CZCE,RM,2019-10-09,2019-12-11,21:00,23:30,commodity-v1
CZCE,RM,2019-12-12,2019-12-25,21:00,23:00,commodity-v1
CZCE,RM,2019-12-26,2019-12-26,22:30,23:00,commodity-v1
CZCE,RM,2019-12-27,2019-12-31,21:00,23:00,commodity-v1
CZCE,RM,2020-01-02,2020-01-02,none,none,commodity-v1
CZCE,RM,2020-01-03,2020-01-23,21:00,23:00,commodity-v1
CZCE,RM,2020-02-03,2020-05-06,none,none,commodity-v1
CZCE,RM,2020-05-07,2020-06-24,21:00,23:00,commodity-v1
CZCE,RM,2020-06-29,2020-06-29,none,none,commodity-v1
CZCE,RM,2020-06-30,2020-09-30,21:00,23:00,commodity-v1
CZCE,RM,2020-10-09,2020-10-09,none,none,commodity-v1
CZCE,RM,2020-10-12,2020-12-31,21:00,23:00,commodity-v1
CZCE,RM,2021-01-04,2021-01-04,none,none,commodity-v1
CZCE,RM,2021-01-05,2021-02-10,21:00,23:00,commodity-v1
CZCE,RM,2021-02-18,2021-02-18,none,none,commodity-v1
CZCE,RM,2021-02-19,2021-04-02,21:00,23:00,commodity-v1
CZCE,RM,2021-04-06,2021-04-06,none,none,commodity-v1
CZCE,RM,2021-04-07,2021-04-30,21:00,23:00,commodity-v1
CZCE,RM,2021-05-06,2021-05-06,none,none,commodity-v1
CZCE,RM,2021-05-07,2021-06-11,21:00,23:00,commodity-v1
CZCE,RM,2021-06-15,2021-06-15,none,none,commodity-v1
CZCE,RM,2021-06-16,2021-09-17,21:00,23:00,commodity-v1
CZCE,RM,2021-09-22,2021-09-22,none,none,commodity-v1
CZCE,RM,2021-09-23,2021-09-30,21:00,23:00,commodity-v1
CZCE,RM,2021-10-08,2021-10-08,none,none,commodity-v1
CZCE,RM,2021-10-11,2021-12-31,21:00,23:00,commodity-v1
CZCE,RM,2022-01-04,2022-01-04,none,none,commodity-v1
CZCE,RM,2022-01-05,2022-01-28,21:00,23:00,commodity-v1
CZCE,RM,2022-02-07,2022-02-07,none,none,commodity-v1
CZCE,RM,2022-02-08,2022-04-01,21:00,23:00,commodity-v1
CZCE,RM,2022-04-06,2022-04-06,none,none,commodity-v1
CZCE,RM,2022-04-07,2022-04-29,21:00,23:00,commodity-v1
CZCE,RM,2022-05-05,2022-05-05,none,none,commodity-v1
CZCE,RM,2022-05-06,2022-06-02,21:00,23:00,commodity-v1
CZCE,RM,2022-06-06,2022-06-06,none,none,commodity-v1
CZCE,RM,2022-06-07,2022-09-09,21:00,23:00,commodity-v1
CZCE,RM,2022-09-13,2022-09-13,none,none,commodity-v1
CZCE,RM,2022-09-14,2022-09-30,21:00,23:00,commodity-v1
CZCE,RM,2022-10-10,2022-10-10,none,none,commodity-v1
CZCE,RM,2022-10-11,2022-12-30,21:00,23:00,commodity-v1
CZCE,RM,2023-01-03,2023-01-03,none,none,commodity-v1
CZCE,RM,2023-01-04,2023-01-20,21:00,23:00,commodity-v1
CZCE,RM,2023-01-30,2023-01-30,none,none,commodity-v1
CZCE,RM,2023-01-31,2023-04-04,21:00,23:00,commodity-v1
CZCE,RM,2023-04-06,2023-04-06,none,none,commodity-v1
CZCE,RM,2023-04-07,2023-04-28,21:00,23:00,commodity-v1
CZCE,RM,2023-05-04,2023-05-04,none,none,commodity-v1
CZCE,RM,2023-05-05,2023-06-21,21:00,23:00,commodity-v1
CZCE,RM,2023-06-26,2023-06-26,none,none,commodity-v1
CZCE,RM,2023-06-27,2023-09-28,21:00,23:00,commodity-v1
CZCE,RM,2023-10-09,2023-10-09,none,none,commodity-v1
CZCE,RM,2023-10-10,2023-12-29,21:00,23:00,commodity-v1
CZCE,RM,2024-01-02,2024-01-02,none,none,commodity-v1
CZCE,RM,2024-01-03,2024-02-08,21:00,23:00,commodity-v1
CZCE,RM,2024-02-19,2024-02-19,none,none,commodity-v1
CZCE,RM,2024-02-20,2024-04-03,21:00,23:00,commodity-v1
CZCE,RM,2024-04-08,2024-04-08,none,none,commodity-v1
CZCE,RM,2024-04-09,2024-04-30,21:00,23:00,commodity-v1
CZCE,RM,2024-05-06,2024-05-06,none,none,commodity-v1
CZCE,RM,2024-05-07,2024-06-07,21:00,23:00,commodity-v1
CZCE,RM,2024-06-11,2024-06-11,none,none,commodity-v1
CZCE,RM,2024-06-12,2024-09-13,21:00,23:00,commodity-v1
CZCE,RM,2024-09-18,2024-09-18,none,none,commodity-v1
CZCE,RM,2024-09-19,2024-09-30,21:00,23:00,commodity-v1
CZCE,RM,2024-10-08,2024-10-08,none,none,commodity-v1
CZCE,RM,2024-10-09,2024-12-31,21:00,23:00,commodity-v1
CZCE,RM,2025-01-02,2025-01-02,none,none,commodity-v1
CZCE,RM,2025-01-03,2025-01-27,21:00,23:00,commodity-v1
CZCE,RM,2025-02-05,2025-02-05,none,none,commodity-v1
CZCE,RM,2025-02-06,2025-04-03,21:00,23:00,commodity-v1
CZCE,RM,2025-04-07,2025-04-07,none,none,commodity-v1
CZCE,RM,2025-04-08,2025-04-30,21:00,23:00,commodity-v1
CZCE,RM,2025-05-06,2025-05-06,none,none,commodity-v1
CZCE,RM,2025-05-07,2025-05-30,21:00,23:00,commodity-v1
CZCE,RM,2025-06-03,2025-06-03,none,none,commodity-v1
CZCE,RM,2025-06-04,2025-09-30,21:00,23:00,commodity-v1
CZCE,RM,2025-10-09,2025-10-09,none,none,commodity-v1
CZCE,RM,2025-10-10,2025-12-31,21:00,23:00,commodity-v1
CZCE,RM,2026-01-05,2026-01-05,none,none,commodity-v1
CZCE,RM,2026-01-06,2026-01-30,21:00,23:00,commodity-v1
CZCE,SA,2020-09-03,2020-09-30,21:00,23:00,commodity-v1
CZCE,SA,2020-10-09,2020-10-09,none,none,commodity-v1
CZCE,SA,2020-10-12,2020-12-31,21:00,23:00,commodity-v1
CZCE,SA,2021-01-04,2021-01-04,none,none,commodity-v1
CZCE,SA,2021-01-05,2021-02-10,21:00,23:00,commodity-v1
CZCE,SA,2021-02-18,2021-02-18,none,none,commodity-v1
CZCE,SA,2021-02-19,2021-04-02,21:00,23:00,commodity-v1
CZCE,SA,2021-04-06,2021-04-06,none,none,commodity-v1
CZCE,SA,2021-04-07,2021-04-30,21:00,23:00,commodity-v1
CZCE,SA,2021-05-06,2021-05-06,none,none,commodity-v1
CZCE,SA,2021-05-07,2021-06-11,21:00,23:00,commodity-v1
CZCE,SA,2021-06-15,2021-06-15,none,none,commodity-v1
CZCE,SA,2021-06-16,2021-09-17,21:00,23:00,commodity-v1
CZCE,SA,2021-09-22,2021-09-22,none,none,commodity-v1
CZCE,SA,2021-09-23,2021-09-30,21:00,23:00,commodity-v1
CZCE,SA,2021-10-08,2021-10-08,none,none,commodity-v1
CZCE,SA,2021-10-11,2021-12-31,21:00,23:00,commodity-v1
CZCE,SA,2022-01-04,2022-01-04,none,none,commodity-v1
CZCE,SA,2022-01-05,2022-01-28,21:00,23:00,commodity-v1
CZCE,SA,2022-02-07,2022-02-07,none,none,commodity-v1
CZCE,SA,2022-02-08,2022-04-01,21:00,23:00,commodity-v1
CZCE,SA,2022-04-06,2022-04-06,none,none,commodity-v1
CZCE,SA,2022-04-07,2022-04-29,21:00,23:00,commodity-v1
CZCE,SA,2022-05-05,2022-05-05,none,none,commodity-v1
CZCE,SA,2022-05-06,2022-06-02,21:00,23:00,commodity-v1
CZCE,SA,2022-06-06,2022-06-06,none,none,commodity-v1
CZCE,SA,2022-06-07,2022-09-09,21:00,23:00,commodity-v1
CZCE,SA,2022-09-13,2022-09-13,none,none,commodity-v1
CZCE,SA,2022-09-14,2022-09-30,21:00,23:00,commodity-v1
CZCE,SA,2022-10-10,2022-10-10,none,none,commodity-v1
CZCE,SA,2022-10-11,2022-12-30,21:00,23:00,commodity-v1
CZCE,SA,2023-01-03,2023-01-03,none,none,commodity-v1
CZCE,SA,2023-01-04,2023-01-20,21:00,23:00,commodity-v1
CZCE,SA,2023-01-30,2023-01-30,none,none,commodity-v1
CZCE,SA,2023-01-31,2023-04-04,21:00,23:00,commodity-v1
CZCE,SA,2023-04-06,2023-04-06,none,none,commodity-v1
CZCE,SA,2023-04-07,2023-04-28,21:00,23:00,commodity-v1
CZCE,SA,2023-05-04,2023-05-04,none,none,commodity-v1
CZCE,SA,2023-05-05,2023-06-21,21:00,23:00,commodity-v1
CZCE,SA,2023-06-26,2023-06-26,none,none,commodity-v1
CZCE,SA,2023-06-27,2023-09-28,21:00,23:00,commodity-v1
CZCE,SA,2023-10-09,2023-10-09,none,none,commodity-v1
CZCE,SA,2023-10-10,2023-12-29,21:00,23:00,commodity-v1
CZCE,SA,2024-01-02,2024-01-02,none,none,commodity-v1
CZCE,SA,2024-01-03,2024-02-08,21:00,23:00,commodity-v1
CZCE,SA,2024-02-19,2024-02-19,none,none,commodity-v1
CZCE,SA,2024-02-20,2024-04-03,21:00,23:00,commodity-v1
CZCE,SA,2024-04-08,2024-04-08,none,none,commodity-v1
CZCE,SA,2024-04-09,2024-04-30,21:00,23:00,commodity-v1
CZCE,SA,2024-05-06,2024-05-06,none,none,commodity-v1
CZCE,SA,2024-05-07,2024-06-07,21:00,23:00,commodity-v1
CZCE,SA,2024-06-11,2024-06-11,none,none,commodity-v1
CZCE,SA,2024-06-12,2024-09-13,21:00,23:00,commodity-v1
CZCE,SA,2024-09-18,2024-09-18,none,none,commodity-v1
CZCE,SA,2024-09-19,2024-09-30,21:00,23:00,commodity-v1
CZCE,SA,2024-10-08,2024-10-08,none,none,commodity-v1
CZCE,SA,2024-10-09,2024-12-31,21:00,23:00,commodity-v1
CZCE,SA,2025-01-02,2025-01-02,none,none,commodity-v1
CZCE,SA,2025-01-03,2025-01-27,21:00,23:00,commodity-v1
CZCE,SA,2025-02-05,2025-02-05,none,none,commodity-v1
CZCE,SA,2025-02-06,2025-04-03,21:00,23:00,commodity-v1
CZCE,SA,2025-04-07,2025-04-07,none,none,commodity-v1
CZCE,SA,2025-04-08,2025-04-30,21:00,23:00,commodity-v1
CZCE,SA,2025-05-06,2025-05-06,none,none,commodity-v1
CZCE,SA,2025-05-07,2025-05-30,21:00,23:00,commodity-v1
CZCE,SA,2025-06-03,2025-06-03,none,none,commodity-v1
CZCE,SA,2025-06-04,2025-09-30,21:00,23:00,commodity-v1
CZCE,SA,2025-10-09,2025-10-09,none,none,commodity-v1
CZCE,SA,2025-10-10,2025-12-31,21:00,23:00,commodity-v1
CZCE,SA,2026-01-05,2026-01-05,none,none,commodity-v1
CZCE,SA,2026-01-06,2026-01-30,21:00,23:00,commodity-v1
CZCE,SF,2017-11-13,2018-12-21,none,none,commodity-v1
CZCE,SF,2021-01-14,2024-12-05,none,none,commodity-v1
CZCE,SF,2025-04-10,2026-01-30,none,none,commodity-v1
CZCE,SH,2024-03-20,2024-04-03,21:00,23:00,commodity-v1
CZCE,SH,2024-04-08,2024-04-08,none,none,commodity-v1
CZCE,SH,2024-04-09,2024-04-30,21:00,23:00,commodity-v1
CZCE,SH,2024-05-06,2024-05-06,none,none,commodity-v1
CZCE,SH,2024-05-07,2024-06-07,21:00,23:00,commodity-v1
CZCE,SH,2024-06-11,2024-06-11,none,none,commodity-v1
CZCE,SH,2024-06-12,2024-09-13,21:00,23:00,commodity-v1
CZCE,SH,2024-09-18,2024-09-18,none,none,commodity-v1
CZCE,SH,2024-09-19,2024-09-30,21:00,23:00,commodity-v1
CZCE,SH,2024-10-08,2024-10-08,none,none,commodity-v1
CZCE,SH,2024-10-09,2024-12-31,21:00,23:00,commodity-v1
CZCE,SH,2025-01-02,2025-01-02,none,none,commodity-v1
CZCE,SH,2025-01-03,2025-01-27,21:00,23:00,commodity-v1
CZCE,SH,2025-02-05,2025-02-05,none,none,commodity-v1
CZCE,SH,2025-02-06,2025-04-03,21:00,23:00,commodity-v1
CZCE,SH,2025-04-07,2025-04-07,none,none,commodity-v1
CZCE,SH,2025-04-08,2025-04-30,21:00,23:00,commodity-v1
CZCE,SH,2025-05-06,2025-05-06,none,none,commodity-v1
CZCE,SH,2025-05-07,2025-05-30,21:00,23:00,commodity-v1
CZCE,SH,2025-06-03,2025-06-03,none,none,commodity-v1
CZCE,SH,2025-06-04,2025-09-30,21:00,23:00,commodity-v1
CZCE,SH,2025-10-09,2025-10-09,none,none,commodity-v1
CZCE,SH,2025-10-10,2025-12-31,21:00,23:00,commodity-v1
CZCE,SH,2026-01-05,2026-01-05,none,none,commodity-v1
CZCE,SH,2026-01-06,2026-01-30,21:00,23:00,commodity-v1
CZCE,SM,2017-05-11,2019-04-23,none,none,commodity-v1
CZCE,SM,2020-05-26,2026-01-30,none,none,commodity-v1
CZCE,SR,2011-01-04,2014-12-12,none,none,commodity-v1
CZCE,SR,2014-12-15,2014-12-31,21:00,23:30,commodity-v1
CZCE,SR,2015-01-05,2015-01-05,none,none,commodity-v1
CZCE,SR,2015-01-06,2015-02-17,21:00,23:30,commodity-v1
CZCE,SR,2015-02-25,2015-02-25,none,none,commodity-v1
CZCE,SR,2015-02-26,2015-04-03,21:00,23:30,commodity-v1
CZCE,SR,2015-04-07,2015-04-07,none,none,commodity-v1
CZCE,SR,2015-04-08,2015-04-30,21:00,23:30,commodity-v1
CZCE,SR,2015-05-04,2015-05-04,none,none,commodity-v1
CZCE,SR,2015-05-05,2015-06-19,21:00,23:30,commodity-v1
CZCE,SR,2015-06-23,2015-06-23,none,none,commodity-v1
CZCE,SR,2015-06-24,2015-09-02,21:00,23:30,commodity-v1
CZCE,SR,2015-09-07,2015-09-07,none,none,commodity-v1
CZCE,SR,2015-09-08,2015-09-25,21:00,23:30,commodity-v1
CZCE,SR,2015-09-28,2015-09-28,none,none,commodity-v1
CZCE,SR,2015-09-29,2015-09-30,21:00,23:30,commodity-v1
CZCE,SR,2015-10-08,2015-10-08,none,none,commodity-v1
CZCE,SR,2015-10-09,2015-12-31,21:00,23:30,commodity-v1
CZCE,SR,2016-01-04,2016-01-04,none,none,commodity-v1
CZCE,SR,2016-01-05,2016-02-05,21:00,23:30,commodity-v1
CZCE,SR,2016-02-15,2016-02-15,none,none,commodity-v1
CZCE,SR,2016-02-16,2016-04-01,21:00,23:30,commodity-v1
CZCE,SR,2016-04-05,2016-04-05,none,none,commodity-v1
CZCE,SR,2016-04-06,2016-04-29,21:00,23:30,commodity-v1
CZCE,SR,2016-05-03,2016-05-03,none,none,commodity-v1
CZCE,SR,2016-05-04,2016-06-08,21:00,23:30,commodity-v1
CZCE,SR,2016-06-13,2016-06-13,none,none,commodity-v1
CZCE,SR,2016-06-14,2016-09-14,21:00,23:30,commodity-v1
CZCE,SR,2016-09-19,2016-09-19,none,none,commodity-v1
CZCE,SR,2016-09-20,2016-09-30,21:00,23:30,commodity-v1
CZCE,SR,2016-10-10,2016-10-10,none,none,commodity-v1
CZCE,SR,2016-10-11,2016-12-30,21:00,23:30,commodity-v1
CZCE,SR,2017-01-03,2017-01-03,none,none,commodity-v1
CZCE,SR,2017-01-04,2017-01-26,21:00,23:30,commodity-v1
CZCE,SR,2017-02-03,2017-02-03,none,none,commodity-v1
CZCE,SR,2017-02-06,2017-03-31,21:00,23:30,commodity-v1
CZCE,SR,2017-04-05,2017-04-05,none,none,commodity-v1
CZCE,SR,2017-04-06,2017-04-18,21:00,23:30,commodity-v1
CZCE,SR,2017-04-19,2017-04-19,none,none,commodity-v1
CZCE,SR,2017-04-20,2017-04-28,21:00,23:30,commodity-v1
CZCE,SR,2017-05-02,2017-05-02,none,none,commodity-v1
CZCE,SR,2017-05-03,2017-05-26,21:00,23:30,commodity-v1
CZCE,SR,2017-05-31,2017-05-31,none,none,commodity-v1
CZCE,SR,2017-06-01,2017-09-29,21:00,23:30,commodity-v1
CZCE,SR,2017-10-09,2017-10-09,none,none,commodity-v1
CZCE,SR,2017-10-10,2017-12-29,21:00,23:30,commodity-v1
CZCE,SR,2018-01-02,2018-01-02,none,none,commodity-v1
CZCE,SR,2018-01-03,2018-02-14,21:00,23:30,commodity-v1
CZCE,SR,2018-02-22,2018-02-22,none,none,commodity-v1
CZCE,SR,2018-02-23,2018-04-04,21:00,23:30,commodity-v1
CZCE,SR,2018-04-09,2018-04-09,none,none,commodity-v1
CZCE,SR,2018-04-10,2018-04-27,21:00,23:30,commodity-v1
CZCE,SR,2018-05-02,2018-05-02,none,none,commodity-v1
CZCE,SR,2018-05-03,2018-06-15,21:00,23:30,commodity-v1
CZCE,SR,2018-06-19,2018-06-19,none,none,commodity-v1
CZCE,SR,2018-06-20,2018-09-21,21:00,23:30,commodity-v1
CZCE,SR,2018-09-25,2018-09-25,none,none,commodity-v1
CZCE,SR,2018-09-26,2018-09-28,21:00,23:30,commodity-v1
CZCE,SR,2018-10-08,2018-10-08,none,none,commodity-v1
CZCE,SR,2018-10-09,2018-12-28,21:00,23:30,commodity-v1
CZCE,SR,2019-01-02,2019-01-02,none,none,commodity-v1
CZCE,SR,2019-01-03,2019-02-01,21:00,23:30,commodity-v1
CZCE,SR,2019-02-11,2019-02-11,none,none,commodity-v1
CZCE,SR,2019-02-12,2019-04-04,21:00,23:30,commodity-v1
CZCE,SR,2019-04-08,2019-04-08,none,none,commodity-v1
CZCE,SR,2019-04-09,2019-04-30,21:00,23:30,commodity-v1
CZCE,SR,2019-05-06,2019-05-06,none,none,commodity-v1
CZCE,SR,2019-05-07,2019-06-06,21:00,23:30,commodity-v1
CZCE,SR,2019-06-10,2019-06-10,none,none,commodity-v1
CZCE,SR,2019-06-11,2019-09-12,21:00,23:30,commodity-v1
CZCE,SR,2019-09-16,2019-09-16,none,none,commodity-v1
CZCE,SR,2019-09-17,2019-09-30,21:00,23:30,commodity-v1
CZCE,SR,2019-10-08,2019-10-08,none,none,commodity-v1
CZCE,SR,2019-10-09,2019-12-11,21:00,23:30,commodity-v1
CZCE,SR,2019-12-12,2019-12-25,21:00,23:00,commodity-v1
CZCE,SR,2019-12-26,2019-12-26,22:30,23:00,commodity-v1
CZCE,SR,2019-12-27,2019-12-31,21:00,23:00,commodity-v1
CZCE,SR,2020-01-02,2020-01-02,none,none,commodity-v1
CZCE,SR,2020-01-03,2020-01-23,21:00,23:00,commodity-v1
CZCE,SR,2020-02-03,2020-05-06,none,none,commodity-v1
CZCE,SR,2020-05-07,2020-06-24,21:00,23:00,commodity-v1
CZCE,SR,2020-06-29,2020-06-29,none,none,commodity-v1
CZCE,SR,2020-06-30,2020-09-30,21:00,23:00,commodity-v1
CZCE,SR,2020-10-09,2020-10-09,none,none,commodity-v1
CZCE,SR,2020-10-12,2020-12-31,21:00,23:00,commodity-v1
CZCE,SR,2021-01-04,2021-01-04,none,none,commodity-v1
CZCE,SR,2021-01-05,2021-02-10,21:00,23:00,commodity-v1
CZCE,SR,2021-02-18,2021-02-18,none,none,commodity-v1
CZCE,SR,2021-02-19,2021-04-02,21:00,23:00,commodity-v1
CZCE,SR,2021-04-06,2021-04-06,none,none,commodity-v1
CZCE,SR,2021-04-07,2021-04-30,21:00,23:00,commodity-v1
CZCE,SR,2021-05-06,2021-05-06,none,none,commodity-v1
CZCE,SR,2021-05-07,2021-06-11,21:00,23:00,commodity-v1
CZCE,SR,2021-06-15,2021-06-15,none,none,commodity-v1
CZCE,SR,2021-06-16,2021-09-17,21:00,23:00,commodity-v1
CZCE,SR,2021-09-22,2021-09-22,none,none,commodity-v1
CZCE,SR,2021-09-23,2021-09-30,21:00,23:00,commodity-v1
CZCE,SR,2021-10-08,2021-10-08,none,none,commodity-v1
CZCE,SR,2021-10-11,2021-12-31,21:00,23:00,commodity-v1
CZCE,SR,2022-01-04,2022-01-04,none,none,commodity-v1
CZCE,SR,2022-01-05,2022-01-28,21:00,23:00,commodity-v1
CZCE,SR,2022-02-07,2022-02-07,none,none,commodity-v1
CZCE,SR,2022-02-08,2022-04-01,21:00,23:00,commodity-v1
CZCE,SR,2022-04-06,2022-04-06,none,none,commodity-v1
CZCE,SR,2022-04-07,2022-04-29,21:00,23:00,commodity-v1
CZCE,SR,2022-05-05,2022-05-05,none,none,commodity-v1
CZCE,SR,2022-05-06,2022-06-02,21:00,23:00,commodity-v1
CZCE,SR,2022-06-06,2022-06-06,none,none,commodity-v1
CZCE,SR,2022-06-07,2022-09-09,21:00,23:00,commodity-v1
CZCE,SR,2022-09-13,2022-09-13,none,none,commodity-v1
CZCE,SR,2022-09-14,2022-09-30,21:00,23:00,commodity-v1
CZCE,SR,2022-10-10,2022-10-10,none,none,commodity-v1
CZCE,SR,2022-10-11,2022-12-30,21:00,23:00,commodity-v1
CZCE,SR,2023-01-03,2023-01-03,none,none,commodity-v1
CZCE,SR,2023-01-04,2023-01-20,21:00,23:00,commodity-v1
CZCE,SR,2023-01-30,2023-01-30,none,none,commodity-v1
CZCE,SR,2023-01-31,2023-04-04,21:00,23:00,commodity-v1
CZCE,SR,2023-04-06,2023-04-06,none,none,commodity-v1
CZCE,SR,2023-04-07,2023-04-28,21:00,23:00,commodity-v1
CZCE,SR,2023-05-04,2023-05-04,none,none,commodity-v1
CZCE,SR,2023-05-05,2023-06-21,21:00,23:00,commodity-v1
CZCE,SR,2023-06-26,2023-06-26,none,none,commodity-v1
CZCE,SR,2023-06-27,2023-09-28,21:00,23:00,commodity-v1
CZCE,SR,2023-10-09,2023-10-09,none,none,commodity-v1
CZCE,SR,2023-10-10,2023-12-29,21:00,23:00,commodity-v1
CZCE,SR,2024-01-02,2024-01-02,none,none,commodity-v1
CZCE,SR,2024-01-03,2024-02-08,21:00,23:00,commodity-v1
CZCE,SR,2024-02-19,2024-02-19,none,none,commodity-v1
CZCE,SR,2024-02-20,2024-04-03,21:00,23:00,commodity-v1
CZCE,SR,2024-04-08,2024-04-08,none,none,commodity-v1
CZCE,SR,2024-04-09,2024-04-30,21:00,23:00,commodity-v1
CZCE,SR,2024-05-06,2024-05-06,none,none,commodity-v1
CZCE,SR,2024-05-07,2024-06-07,21:00,23:00,commodity-v1
CZCE,SR,2024-06-11,2024-06-11,none,none,commodity-v1
CZCE,SR,2024-06-12,2024-09-13,21:00,23:00,commodity-v1
CZCE,SR,2024-09-18,2024-09-18,none,none,commodity-v1
CZCE,SR,2024-09-19,2024-09-30,21:00,23:00,commodity-v1
CZCE,SR,2024-10-08,2024-10-08,none,none,commodity-v1
CZCE,SR,2024-10-09,2024-12-31,21:00,23:00,commodity-v1
CZCE,SR,2025-01-02,2025-01-02,none,none,commodity-v1
CZCE,SR,2025-01-03,2025-01-27,21:00,23:00,commodity-v1
CZCE,SR,2025-02-05,2025-02-05,none,none,commodity-v1
CZCE,SR,2025-02-06,2025-04-03,21:00,23:00,commodity-v1
CZCE,SR,2025-04-07,2025-04-07,none,none,commodity-v1
CZCE,SR,2025-04-08,2025-04-30,21:00,23:00,commodity-v1
CZCE,SR,2025-05-06,2025-05-06,none,none,commodity-v1
CZCE,SR,2025-05-07,2025-05-30,21:00,23:00,commodity-v1
CZCE,SR,2025-06-03,2025-06-03,none,none,commodity-v1
CZCE,SR,2025-06-04,2025-09-30,21:00,23:00,commodity-v1
CZCE,SR,2025-10-09,2025-10-09,none,none,commodity-v1
CZCE,SR,2025-10-10,2025-12-31,21:00,23:00,commodity-v1
CZCE,SR,2026-01-05,2026-01-05,none,none,commodity-v1
CZCE,SR,2026-01-06,2026-01-30,21:00,23:00,commodity-v1
CZCE,TA,2011-01-04,2014-12-12,none,none,commodity-v1
CZCE,TA,2014-12-15,2014-12-31,21:00,23:30,commodity-v1
CZCE,TA,2015-01-05,2015-01-05,none,none,commodity-v1
CZCE,TA,2015-01-06,2015-02-17,21:00,23:30,commodity-v1
CZCE,TA,2015-02-25,2015-02-25,none,none,commodity-v1
CZCE,TA,2015-02-26,2015-04-03,21:00,23:30,commodity-v1
CZCE,TA,2015-04-07,2015-04-07,none,none,commodity-v1
CZCE,TA,2015-04-08,2015-04-30,21:00,23:30,commodity-v1
CZCE,TA,2015-05-04,2015-05-04,none,none,commodity-v1
CZCE,TA,2015-05-05,2015-06-19,21:00,23:30,commodity-v1
CZCE,TA,2015-06-23,2015-06-23,none,none,commodity-v1
CZCE,TA,2015-06-24,2015-09-02,21:00,23:30,commodity-v1
CZCE,TA,2015-09-07,2015-09-07,none,none,commodity-v1
CZCE,TA,2015-09-08,2015-09-25,21:00,23:30,commodity-v1
CZCE,TA,2015-09-28,2015-09-28,none,none,commodity-v1
CZCE,TA,2015-09-29,2015-09-30,21:00,23:30,commodity-v1
CZCE,TA,2015-10-08,2015-10-08,none,none,commodity-v1
CZCE,TA,2015-10-09,2015-12-31,21:00,23:30,commodity-v1
CZCE,TA,2016-01-04,2016-01-04,none,none,commodity-v1
CZCE,TA,2016-01-05,2016-02-05,21:00,23:30,commodity-v1
CZCE,TA,2016-02-15,2016-02-15,none,none,commodity-v1
CZCE,TA,2016-02-16,2016-04-01,21:00,23:30,commodity-v1
CZCE,TA,2016-04-05,2016-04-05,none,none,commodity-v1
CZCE,TA,2016-04-06,2016-04-29,21:00,23:30,commodity-v1
CZCE,TA,2016-05-03,2016-05-03,none,none,commodity-v1
CZCE,TA,2016-05-04,2016-06-08,21:00,23:30,commodity-v1
CZCE,TA,2016-06-13,2016-06-13,none,none,commodity-v1
CZCE,TA,2016-06-14,2016-09-14,21:00,23:30,commodity-v1
CZCE,TA,2016-09-19,2016-09-19,none,none,commodity-v1
CZCE,TA,2016-09-20,2016-09-30,21:00,23:30,commodity-v1
CZCE,TA,2016-10-10,2016-10-10,none,none,commodity-v1
CZCE,TA,2016-10-11,2016-12-30,21:00,23:30,commodity-v1
CZCE,TA,2017-01-03,2017-01-03,none,none,commodity-v1
CZCE,TA,2017-01-04,2017-01-26,21:00,23:30,commodity-v1
CZCE,TA,2017-02-03,2017-02-03,none,none,commodity-v1
CZCE,TA,2017-02-06,2017-03-31,21:00,23:30,commodity-v1
CZCE,TA,2017-04-05,2017-04-05,none,none,commodity-v1
CZCE,TA,2017-04-06,2017-04-18,21:00,23:30,commodity-v1
CZCE,TA,2017-04-19,2017-04-19,none,none,commodity-v1
CZCE,TA,2017-04-20,2017-04-28,21:00,23:30,commodity-v1
CZCE,TA,2017-05-02,2017-05-02,none,none,commodity-v1
CZCE,TA,2017-05-03,2017-05-26,21:00,23:30,commodity-v1
CZCE,TA,2017-05-31,2017-05-31,none,none,commodity-v1
CZCE,TA,2017-06-01,2017-09-29,21:00,23:30,commodity-v1
CZCE,TA,2017-10-09,2017-10-09,none,none,commodity-v1
CZCE,TA,2017-10-10,2017-12-29,21:00,23:30,commodity-v1
CZCE,TA,2018-01-02,2018-01-02,none,none,commodity-v1
CZCE,TA,2018-01-03,2018-02-14,21:00,23:30,commodity-v1
CZCE,TA,2018-02-22,2018-02-22,none,none,commodity-v1
CZCE,TA,2018-02-23,2018-04-04,21:00,23:30,commodity-v1
CZCE,TA,2018-04-09,2018-04-09,none,none,commodity-v1
CZCE,TA,2018-04-10,2018-04-27,21:00,23:30,commodity-v1
CZCE,TA,2018-05-02,2018-05-02,none,none,commodity-v1
CZCE,TA,2018-05-03,2018-06-15,21:00,23:30,commodity-v1
CZCE,TA,2018-06-19,2018-06-19,none,none,commodity-v1
CZCE,TA,2018-06-20,2018-09-21,21:00,23:30,commodity-v1
CZCE,TA,2018-09-25,2018-09-25,none,none,commodity-v1
CZCE,TA,2018-09-26,2018-09-28,21:00,23:30,commodity-v1
CZCE,TA,2018-10-08,2018-10-08,none,none,commodity-v1
CZCE,TA,2018-10-09,2018-12-28,21:00,23:30,commodity-v1
CZCE,TA,2019-01-02,2019-01-02,none,none,commodity-v1
CZCE,TA,2019-01-03,2019-02-01,21:00,23:30,commodity-v1
CZCE,TA,2019-02-11,2019-02-11,none,none,commodity-v1
CZCE,TA,2019-02-12,2019-04-04,21:00,23:30,commodity-v1
CZCE,TA,2019-04-08,2019-04-08,none,none,commodity-v1
CZCE,TA,2019-04-09,2019-04-30,21:00,23:30,commodity-v1
CZCE,TA,2019-05-06,2019-05-06,none,none,commodity-v1
CZCE,TA,2019-05-07,2019-06-06,21:00,23:30,commodity-v1
CZCE,TA,2019-06-10,2019-06-10,none,none,commodity-v1
CZCE,TA,2019-06-11,2019-09-12,21:00,23:30,commodity-v1
CZCE,TA,2019-09-16,2019-09-16,none,none,commodity-v1
CZCE,TA,2019-09-17,2019-09-30,21:00,23:30,commodity-v1
CZCE,TA,2019-10-08,2019-10-08,none,none,commodity-v1
CZCE,TA,2019-10-09,2019-12-11,21:00,23:30,commodity-v1
CZCE,TA,2019-12-12,2019-12-25,21:00,23:00,commodity-v1
CZCE,TA,2019-12-26,2019-12-26,22:30,23:00,commodity-v1
CZCE,TA,2019-12-27,2019-12-31,21:00,23:00,commodity-v1
CZCE,TA,2020-01-02,2020-01-02,none,none,commodity-v1
CZCE,TA,2020-01-03,2020-01-23,21:00,23:00,commodity-v1
CZCE,TA,2020-02-03,2020-05-06,none,none,commodity-v1
CZCE,TA,2020-05-07,2020-06-24,21:00,23:00,commodity-v1
CZCE,TA,2020-06-29,2020-06-29,none,none,commodity-v1
CZCE,TA,2020-06-30,2020-09-30,21:00,23:00,commodity-v1
CZCE,TA,2020-10-09,2020-10-09,none,none,commodity-v1
CZCE,TA,2020-10-12,2020-12-31,21:00,23:00,commodity-v1
CZCE,TA,2021-01-04,2021-01-04,none,none,commodity-v1
CZCE,TA,2021-01-05,2021-02-10,21:00,23:00,commodity-v1
CZCE,TA,2021-02-18,2021-02-18,none,none,commodity-v1
CZCE,TA,2021-02-19,2021-04-02,21:00,23:00,commodity-v1
CZCE,TA,2021-04-06,2021-04-06,none,none,commodity-v1
CZCE,TA,2021-04-07,2021-04-30,21:00,23:00,commodity-v1
CZCE,TA,2021-05-06,2021-05-06,none,none,commodity-v1
CZCE,TA,2021-05-07,2021-06-11,21:00,23:00,commodity-v1
CZCE,TA,2021-06-15,2021-06-15,none,none,commodity-v1
CZCE,TA,2021-06-16,2021-09-17,21:00,23:00,commodity-v1
CZCE,TA,2021-09-22,2021-09-22,none,none,commodity-v1
CZCE,TA,2021-09-23,2021-09-30,21:00,23:00,commodity-v1
CZCE,TA,2021-10-08,2021-10-08,none,none,commodity-v1
CZCE,TA,2021-10-11,2021-12-31,21:00,23:00,commodity-v1
CZCE,TA,2022-01-04,2022-01-04,none,none,commodity-v1
CZCE,TA,2022-01-05,2022-01-28,21:00,23:00,commodity-v1
CZCE,TA,2022-02-07,2022-02-07,none,none,commodity-v1
CZCE,TA,2022-02-08,2022-04-01,21:00,23:00,commodity-v1
CZCE,TA,2022-04-06,2022-04-06,none,none,commodity-v1
CZCE,TA,2022-04-07,2022-04-29,21:00,23:00,commodity-v1
CZCE,TA,2022-05-05,2022-05-05,none,none,commodity-v1
CZCE,TA,2022-05-06,2022-06-02,21:00,23:00,commodity-v1
CZCE,TA,2022-06-06,2022-06-06,none,none,commodity-v1
CZCE,TA,2022-06-07,2022-09-09,21:00,23:00,commodity-v1
CZCE,TA,2022-09-13,2022-09-13,none,none,commodity-v1
CZCE,TA,2022-09-14,2022-09-30,21:00,23:00,commodity-v1
CZCE,TA,2022-10-10,2022-10-10,none,none,commodity-v1
CZCE,TA,2022-10-11,2022-12-30,21:00,23:00,commodity-v1
CZCE,TA,2023-01-03,2023-01-03,none,none,commodity-v1
CZCE,TA,2023-01-04,2023-01-20,21:00,23:00,commodity-v1
CZCE,TA,2023-01-30,2023-01-30,none,none,commodity-v1
CZCE,TA,2023-01-31,2023-04-04,21:00,23:00,commodity-v1
CZCE,TA,2023-04-06,2023-04-06,none,none,commodity-v1
CZCE,TA,2023-04-07,2023-04-28,21:00,23:00,commodity-v1
CZCE,TA,2023-05-04,2023-05-04,none,none,commodity-v1
CZCE,TA,2023-05-05,2023-06-21,21:00,23:00,commodity-v1
CZCE,TA,2023-06-26,2023-06-26,none,none,commodity-v1
CZCE,TA,2023-06-27,2023-09-28,21:00,23:00,commodity-v1
CZCE,TA,2023-10-09,2023-10-09,none,none,commodity-v1
CZCE,TA,2023-10-10,2023-12-29,21:00,23:00,commodity-v1
CZCE,TA,2024-01-02,2024-01-02,none,none,commodity-v1
CZCE,TA,2024-01-03,2024-02-08,21:00,23:00,commodity-v1
CZCE,TA,2024-02-19,2024-02-19,none,none,commodity-v1
CZCE,TA,2024-02-20,2024-04-03,21:00,23:00,commodity-v1
CZCE,TA,2024-04-08,2024-04-08,none,none,commodity-v1
CZCE,TA,2024-04-09,2024-04-30,21:00,23:00,commodity-v1
CZCE,TA,2024-05-06,2024-05-06,none,none,commodity-v1
CZCE,TA,2024-05-07,2024-06-07,21:00,23:00,commodity-v1
CZCE,TA,2024-06-11,2024-06-11,none,none,commodity-v1
CZCE,TA,2024-06-12,2024-09-13,21:00,23:00,commodity-v1
CZCE,TA,2024-09-18,2024-09-18,none,none,commodity-v1
CZCE,TA,2024-09-19,2024-09-30,21:00,23:00,commodity-v1
CZCE,TA,2024-10-08,2024-10-08,none,none,commodity-v1
CZCE,TA,2024-10-09,2024-12-31,21:00,23:00,commodity-v1
CZCE,TA,2025-01-02,2025-01-02,none,none,commodity-v1
CZCE,TA,2025-01-03,2025-01-27,21:00,23:00,commodity-v1
CZCE,TA,2025-02-05,2025-02-05,none,none,commodity-v1
CZCE,TA,2025-02-06,2025-04-03,21:00,23:00,commodity-v1
CZCE,TA,2025-04-07,2025-04-07,none,none,commodity-v1
CZCE,TA,2025-04-08,2025-04-30,21:00,23:00,commodity-v1
CZCE,TA,2025-05-06,2025-05-06,none,none,commodity-v1
CZCE,TA,2025-05-07,2025-05-30,21:00,23:00,commodity-v1
CZCE,TA,2025-06-03,2025-06-03,none,none,commodity-v1
CZCE,TA,2025-06-04,2025-09-30,21:00,23:00,commodity-v1
CZCE,TA,2025-10-09,2025-10-09,none,none,commodity-v1
CZCE,TA,2025-10-10,2025-12-31,21:00,23:00,commodity-v1
CZCE,TA,2026-01-05,2026-01-05,none,none,commodity-v1
CZCE,TA,2026-01-06,2026-01-30,21:00,23:00,commodity-v1
CZCE,UR,2021-04-12,2022-05-10,none,none,commodity-v1
CZCE,UR,2022-10-19,2022-10-27,none,none,commodity-v1
CZCE,UR,2022-11-01,2026-01-30,none,none,commodity-v1
CZCE,ZC,2016-04-08,2016-04-29,21:00,23:30,commodity-v1
CZCE,ZC,2016-05-03,2016-05-03,none,none,commodity-v1
CZCE,ZC,2016-05-04,2016-06-08,21:00,23:30,commodity-v1
CZCE,ZC,2016-06-13,2016-06-13,none,none,commodity-v1
CZCE,ZC,2016-06-14,2016-09-14,21:00,23:30,commodity-v1
CZCE,ZC,2016-09-19,2016-09-19,none,none,commodity-v1
CZCE,ZC,2016-09-20,2016-09-30,21:00,23:30,commodity-v1
CZCE,ZC,2016-10-10,2016-10-10,none,none,commodity-v1
CZCE,ZC,2016-10-11,2016-12-30,21:00,23:30,commodity-v1
CZCE,ZC,2017-01-03,2017-01-03,none,none,commodity-v1
CZCE,ZC,2017-01-04,2017-01-26,21:00,23:30,commodity-v1
CZCE,ZC,2017-02-03,2017-02-03,none,none,commodity-v1
CZCE,ZC,2017-02-06,2017-03-31,21:00,23:30,commodity-v1
CZCE,ZC,2017-04-05,2017-04-05,none,none,commodity-v1
CZCE,ZC,2017-04-06,2017-04-18,21:00,23:30,commodity-v1
CZCE,ZC,2017-04-19,2017-04-19,none,none,commodity-v1
CZCE,ZC,2017-04-20,2017-04-28,21:00,23:30,commodity-v1
CZCE,ZC,2017-05-02,2017-05-02,none,none,commodity-v1
CZCE,ZC,2017-05-03,2017-05-26,21:00,23:30,commodity-v1
CZCE,ZC,2017-05-31,2017-05-31,none,none,commodity-v1
CZCE,ZC,2017-06-01,2017-09-29,21:00,23:30,commodity-v1
CZCE,ZC,2017-10-09,2017-10-09,none,none,commodity-v1
CZCE,ZC,2017-10-10,2017-12-29,21:00,23:30,commodity-v1
CZCE,ZC,2018-01-02,2018-01-02,none,none,commodity-v1
CZCE,ZC,2018-01-03,2018-02-14,21:00,23:30,commodity-v1
CZCE,ZC,2018-02-22,2018-02-22,none,none,commodity-v1
CZCE,ZC,2018-02-23,2018-04-04,21:00,23:30,commodity-v1
CZCE,ZC,2018-04-09,2018-04-09,none,none,commodity-v1
CZCE,ZC,2018-04-10,2018-04-27,21:00,23:30,commodity-v1
CZCE,ZC,2018-05-02,2018-05-02,none,none,commodity-v1
CZCE,ZC,2018-05-03,2018-06-15,21:00,23:30,commodity-v1
CZCE,ZC,2018-06-19,2018-06-19,none,none,commodity-v1
CZCE,ZC,2018-06-20,2018-09-21,21:00,23:30,commodity-v1
CZCE,ZC,2018-09-25,2018-09-25,none,none,commodity-v1
CZCE,ZC,2018-09-26,2018-09-28,21:00,23:30,commodity-v1
CZCE,ZC,2018-10-08,2018-10-08,none,none,commodity-v1
CZCE,ZC,2018-10-09,2018-12-28,21:00,23:30,commodity-v1
CZCE,ZC,2019-01-02,2019-01-02,none,none,commodity-v1
CZCE,ZC,2019-01-03,2019-02-01,21:00,23:30,commodity-v1
CZCE,ZC,2019-02-11,2019-02-11,none,none,commodity-v1
CZCE,ZC,2019-02-12,2019-04-04,21:00,23:30,commodity-v1
CZCE,ZC,2019-04-08,2019-04-08,none,none,commodity-v1
CZCE,ZC,2019-04-09,2019-04-30,21:00,23:30,commodity-v1
CZCE,ZC,2019-05-06,2019-05-06,none,none,commodity-v1
CZCE,ZC,2019-05-07,2019-06-06,21:00,23:30,commodity-v1
CZCE,ZC,2019-06-10,2019-06-10,none,none,commodity-v1
CZCE,ZC,2019-06-11,2019-09-12,21:00,23:30,commodity-v1
CZCE,ZC,2019-09-16,2019-09-16,none,none,commodity-v1
CZCE,ZC,2019-09-17,2019-09-30,21:00,23:30,commodity-v1
CZCE,ZC,2019-10-08,2019-10-08,none,none,commodity-v1
CZCE,ZC,2019-10-09,2019-12-11,21:00,23:30,commodity-v1
CZCE,ZC,2019-12-12,2019-12-25,21:00,23:00,commodity-v1
CZCE,ZC,2019-12-26,2019-12-26,22:30,23:00,commodity-v1
CZCE,ZC,2019-12-27,2019-12-31,21:00,23:00,commodity-v1
CZCE,ZC,2020-01-02,2020-01-02,none,none,commodity-v1
CZCE,ZC,2020-01-03,2020-01-23,21:00,23:00,commodity-v1
CZCE,ZC,2020-02-03,2020-05-06,none,none,commodity-v1
CZCE,ZC,2020-05-07,2020-06-24,21:00,23:00,commodity-v1
CZCE,ZC,2020-06-29,2020-06-29,none,none,commodity-v1
CZCE,ZC,2020-06-30,2020-09-30,21:00,23:00,commodity-v1
CZCE,ZC,2020-10-09,2020-10-09,none,none,commodity-v1
CZCE,ZC,2020-10-12,2020-12-31,21:00,23:00,commodity-v1
CZCE,ZC,2021-01-04,2021-01-04,none,none,commodity-v1
CZCE,ZC,2021-01-05,2021-02-10,21:00,23:00,commodity-v1
CZCE,ZC,2021-02-18,2021-02-18,none,none,commodity-v1
CZCE,ZC,2021-02-19,2021-04-02,21:00,23:00,commodity-v1
CZCE,ZC,2021-04-06,2021-04-06,none,none,commodity-v1
CZCE,ZC,2021-04-07,2021-04-30,21:00,23:00,commodity-v1
CZCE,ZC,2021-05-06,2021-05-06,none,none,commodity-v1
CZCE,ZC,2021-05-07,2021-06-11,21:00,23:00,commodity-v1
CZCE,ZC,2021-06-15,2021-06-15,none,none,commodity-v1
CZCE,ZC,2021-06-16,2021-09-17,21:00,23:00,commodity-v1
CZCE,ZC,2021-09-22,2021-09-22,none,none,commodity-v1
CZCE,ZC,2021-09-23,2021-09-30,21:00,23:00,commodity-v1
CZCE,ZC,2021-10-08,2021-10-08,none,none,commodity-v1
CZCE,ZC,2021-10-11,2021-12-31,21:00,23:00,commodity-v1
CZCE,ZC,2022-01-04,2022-01-04,none,none,commodity-v1
CZCE,ZC,2022-01-05,2022-01-28,21:00,23:00,commodity-v1
CZCE,ZC,2022-02-07,2022-02-07,none,none,commodity-v1
CZCE,ZC,2022-02-08,2022-03-10,21:00,23:00,commodity-v1
DCE,A,2011-01-04,2013-06-27,none,none,commodity-v1
DCE,A,2013-08-14,2013-09-27,none,none,commodity-v1
DCE,A,2014-05-23,2014-12-26,none,none,commodity-v1
DCE,A,2014-12-29,2014-12-31,21:00,02:30,commodity-v1
DCE,A,2015-01-05,2015-01-05,none,none,commodity-v1
DCE,A,2015-01-06,2015-02-17,21:00,02:30,commodity-v1
DCE,A,2015-02-25,2015-02-25,none,none,commodity-v1
DCE,A,2015-02-26,2015-04-03,21:00,02:30,commodity-v1
DCE,A,2015-04-07,2015-04-07,none,none,commodity-v1
DCE,A,2015-04-08,2015-04-30,21:00,02:30,commodity-v1
DCE,A,2015-05-04,2015-05-04,none,none,commodity-v1
DCE,A,2015-05-05,2015-05-08,21:00,02:30,commodity-v1
DCE,A,2015-05-11,2015-06-19,21:00,23:30,commodity-v1
DCE,A,2015-06-23,2015-06-23,none,none,commodity-v1
DCE,A,2015-06-24,2015-09-02,21:00,23:30,commodity-v1
DCE,A,2015-09-07,2015-09-07,none,none,commodity-v1
DCE,A,2015-09-08,2015-09-25,21:00,23:30,commodity-v1
DCE,A,2015-09-28,2015-09-28,none,none,commodity-v1
DCE,A,2015-09-29,2015-09-30,21:00,23:30,commodity-v1
DCE,A,2015-10-08,2015-10-08,none,none,commodity-v1
DCE,A,2015-10-09,2015-12-31,21:00,23:30,commodity-v1
DCE,A,2016-01-04,2016-01-04,none,none,commodity-v1
DCE,A,2016-01-05,2016-02-05,21:00,23:30,commodity-v1
DCE,A,2016-02-15,2016-02-15,none,none,commodity-v1
DCE,A,2016-02-16,2016-04-01,21:00,23:30,commodity-v1
DCE,A,2016-04-05,2016-04-05,none,none,commodity-v1
DCE,A,2016-04-06,2016-04-29,21:00,23:30,commodity-v1
DCE,A,2016-05-03,2016-05-03,none,none,commodity-v1
DCE,A,2016-05-04,2016-06-08,21:00,23:30,commodity-v1
DCE,A,2016-06-13,2016-06-13,none,none,commodity-v1
DCE,A,2016-06-14,2016-09-14,21:00,23:30,commodity-v1
DCE,A,2016-09-19,2016-09-19,none,none,commodity-v1
DCE,A,2016-09-20,2016-09-30,21:00,23:30,commodity-v1
DCE,A,2016-10-10,2016-10-10,none,none,commodity-v1
DCE,A,2016-10-11,2016-12-30,21:00,23:30,commodity-v1
DCE,A,2017-01-03,2017-01-03,none,none,commodity-v1
DCE,A,2017-01-04,2017-01-26,21:00,23:30,commodity-v1
DCE,A,2017-02-03,2017-02-03,none,none,commodity-v1
DCE,A,2017-02-06,2017-03-30,21:00,23:30,commodity-v1
DCE,A,2017-03-31,2017-04-05,none,none,commodity-v1
DCE,A,2017-04-06,2017-04-28,21:00,23:30,commodity-v1
DCE,A,2017-05-02,2017-05-02,none,none,commodity-v1
DCE,A,2017-05-03,2017-05-26,21:00,23:30,commodity-v1
DCE,A,2017-05-31,2017-05-31,none,none,commodity-v1
DCE,A,2017-06-01,2017-09-29,21:00,23:30,commodity-v1
DCE,A,2017-10-09,2017-10-09,none,none,commodity-v1
DCE,A,2017-10-10,2017-12-29,21:00,23:30,commodity-v1
DCE,A,2018-01-02,2018-01-02,none,none,commodity-v1
DCE,A,2018-01-03,2018-02-14,21:00,23:30,commodity-v1
DCE,A,2018-02-22,2018-02-22,none,none,commodity-v1
DCE,A,2018-02-23,2018-04-04,21:00,23:30,commodity-v1
DCE,A,2018-04-09,2018-04-09,none,none,commodity-v1
DCE,A,2018-04-10,2018-04-27,21:00,23:30,commodity-v1
DCE,A,2018-05-02,2018-05-02,none,none,commodity-v1
DCE,A,2018-05-03,2018-06-15,21:00,23:30,commodity-v1
DCE,A,2018-06-19,2018-06-19,none,none,commodity-v1
DCE,A,2018-06-20,2018-09-21,21:00,23:30,commodity-v1
DCE,A,2018-09-25,2018-09-25,none,none,commodity-v1
DCE,A,2018-09-26,2018-09-28,21:00,23:30,commodity-v1
DCE,A,2018-10-08,2018-10-08,none,none,commodity-v1
DCE,A,2018-10-09,2018-12-28,21:00,23:30,commodity-v1
DCE,A,2019-01-02,2019-01-02,none,none,commodity-v1
DCE,A,2019-01-03,2019-02-01,21:00,23:30,commodity-v1
DCE,A,2019-02-11,2019-02-11,none,none,commodity-v1
DCE,A,2019-02-12,2019-03-29,21:00,23:30,commodity-v1
DCE,A,2019-04-01,2019-04-04,21:00,23:00,commodity-v1
DCE,A,2019-04-08,2019-04-08,none,none,commodity-v1
DCE,A,2019-04-09,2019-04-29,21:00,23:00,commodity-v1
DCE,A,2019-07-30,2019-09-12,21:00,23:00,commodity-v1
DCE,A,2019-09-16,2019-09-16,none,none,commodity-v1
DCE,A,2019-09-17,2019-09-30,21:00,23:00,commodity-v1
DCE,A,2019-10-08,2019-10-08,none,none,commodity-v1
DCE,A,2019-10-09,2019-12-25,21:00,23:00,commodity-v1
DCE,A,2019-12-26,2019-12-26,22:30,23:00,commodity-v1
DCE,A,2019-12-27,2019-12-31,21:00,23:00,commodity-v1
DCE,A,2020-01-02,2020-01-02,none,none,commodity-v1
DCE,A,2020-01-03,2020-01-23,21:00,23:00,commodity-v1
DCE,A,2020-02-03,2020-05-06,none,none,commodity-v1
DCE,A,2020-05-07,2020-06-24,21:00,23:00,commodity-v1
DCE,A,2020-06-29,2020-06-29,none,none,commodity-v1
DCE,A,2020-06-30,2020-09-30,21:00,23:00,commodity-v1
DCE,A,2020-10-09,2020-10-09,none,none,commodity-v1
DCE,A,2020-10-12,2020-12-31,21:00,23:00,commodity-v1
DCE,A,2021-01-04,2021-01-04,none,none,commodity-v1
DCE,A,2021-01-05,2021-02-10,21:00,23:00,commodity-v1
DCE,A,2021-02-18,2021-02-18,none,none,commodity-v1
DCE,A,2021-02-19,2021-04-02,21:00,23:00,commodity-v1
DCE,A,2021-04-06,2021-04-06,none,none,commodity-v1
DCE,A,2021-04-07,2021-04-30,21:00,23:00,commodity-v1
DCE,A,2021-05-06,2021-05-06,none,none,commodity-v1
DCE,A,2021-05-07,2021-06-11,21:00,23:00,commodity-v1
DCE,A,2021-06-15,2021-06-15,none,none,commodity-v1
DCE,A,2021-06-16,2021-09-17,21:00,23:00,commodity-v1
DCE,A,2021-09-22,2021-09-22,none,none,commodity-v1
DCE,A,2021-09-23,2021-09-30,21:00,23:00,commodity-v1
DCE,A,2021-10-08,2021-10-08,none,none,commodity-v1
DCE,A,2021-10-11,2021-12-31,21:00,23:00,commodity-v1
DCE,A,2022-01-04,2022-01-04,none,none,commodity-v1
DCE,A,2022-01-05,2022-01-28,21:00,23:00,commodity-v1
DCE,A,2022-02-07,2022-02-07,none,none,commodity-v1
DCE,A,2022-02-08,2022-04-01,21:00,23:00,commodity-v1
DCE,A,2022-04-06,2022-04-06,none,none,commodity-v1
DCE,A,2022-04-07,2022-04-29,21:00,23:00,commodity-v1
DCE,A,2022-05-05,2022-05-05,none,none,commodity-v1
DCE,A,2022-05-06,2022-06-02,21:00,23:00,commodity-v1
DCE,A,2022-06-06,2022-06-06,none,none,commodity-v1
DCE,A,2022-06-07,2022-09-09,21:00,23:00,commodity-v1
DCE,A,2022-09-13,2022-09-13,none,none,commodity-v1
DCE,A,2022-09-14,2022-09-30,21:00,23:00,commodity-v1
DCE,A,2022-10-10,2022-10-10,none,none,commodity-v1
DCE,A,2022-10-11,2022-12-30,21:00,23:00,commodity-v1
DCE,A,2023-01-03,2023-01-03,none,none,commodity-v1
DCE,A,2023-01-04,2023-01-20,21:00,23:00,commodity-v1
DCE,A,2023-01-30,2023-01-30,none,none,commodity-v1
DCE,A,2023-01-31,2023-04-04,21:00,23:00,commodity-v1
DCE,A,2023-04-06,2023-04-06,none,none,commodity-v1
DCE,A,2023-04-07,2023-04-28,21:00,23:00,commodity-v1
DCE,A,2023-05-04,2023-05-04,none,none,commodity-v1
DCE,A,2023-05-05,2023-06-21,21:00,23:00,commodity-v1
DCE,A,2023-06-26,2023-06-26,none,none,commodity-v1
DCE,A,2023-06-27,2023-09-28,21:00,23:00,commodity-v1
DCE,A,2023-10-09,2023-10-09,none,none,commodity-v1
DCE,A,2023-10-10,2023-12-29,21:00,23:00,commodity-v1
DCE,A,2024-01-02,2024-01-02,none,none,commodity-v1
DCE,A,2024-01-03,2024-02-08,21:00,23:00,commodity-v1
DCE,A,2024-02-19,2024-02-19,none,none,commodity-v1
DCE,A,2024-02-20,2024-04-03,21:00,23:00,commodity-v1
DCE,A,2024-04-08,2024-04-08,none,none,commodity-v1
DCE,A,2024-04-09,2024-04-30,21:00,23:00,commodity-v1
DCE,A,2024-05-06,2024-05-06,none,none,commodity-v1
DCE,A,2024-05-07,2024-06-07,21:00,23:00,commodity-v1
DCE,A,2024-06-11,2024-06-11,none,none,commodity-v1
DCE,A,2024-06-12,2024-09-13,21:00,23:00,commodity-v1
DCE,A,2024-09-18,2024-09-18,none,none,commodity-v1
DCE,A,2024-09-19,2024-09-30,21:00,23:00,commodity-v1
DCE,A,2024-10-08,2024-10-08,none,none,commodity-v1
DCE,A,2024-10-09,2024-12-31,21:00,23:00,commodity-v1
DCE,A,2025-01-02,2025-01-02,none,none,commodity-v1
DCE,A,2025-01-03,2025-01-27,21:00,23:00,commodity-v1
DCE,A,2025-02-05,2025-02-05,none,none,commodity-v1
DCE,A,2025-02-06,2025-04-03,21:00,23:00,commodity-v1
DCE,A,2025-04-07,2025-04-07,none,none,commodity-v1
DCE,A,2025-04-08,2025-04-30,21:00,23:00,commodity-v1
DCE,A,2025-05-06,2025-05-06,none,none,commodity-v1
DCE,A,2025-05-07,2025-05-30,21:00,23:00,commodity-v1
DCE,A,2025-06-03,2025-06-03,none,none,commodity-v1
DCE,A,2025-06-04,2025-09-30,21:00,23:00,commodity-v1
DCE,A,2025-10-09,2025-10-09,none,none,commodity-v1
DCE,A,2025-10-10,2025-12-31,21:00,23:00,commodity-v1
DCE,A,2026-01-05,2026-01-05,none,none,commodity-v1
DCE,A,2026-01-06,2026-01-30,21:00,23:00,commodity-v1
DCE,B,2018-06-25,2018-09-21,21:00,23:30,commodity-v1
DCE,B,2018-09-25,2018-09-25,none,none,commodity-v1
DCE,B,2018-09-26,2018-09-28,21:00,23:30,commodity-v1
DCE,B,2018-10-08,2018-10-08,none,none,commodity-v1
DCE,B,2018-10-09,2018-12-28,21:00,23:30,commodity-v1
DCE,B,2019-01-02,2019-01-02,none,none,commodity-v1
DCE,B,2019-01-03,2019-02-01,21:00,23:30,commodity-v1
DCE,B,2019-02-11,2019-02-11,none,none,commodity-v1
DCE,B,2019-02-12,2019-03-29,21:00,23:30,commodity-v1
DCE,B,2019-04-01,2019-04-04,21:00,23:00,commodity-v1
DCE,B,2019-04-08,2019-04-08,none,none,commodity-v1
DCE,B,2019-04-09,2019-04-30,21:00,23:00,commodity-v1
DCE,B,2019-05-06,2019-05-06,none,none,commodity-v1
DCE,B,2019-05-07,2019-06-06,21:00,23:00,commodity-v1
DCE,B,2019-06-10,2019-06-10,none,none,commodity-v1
DCE,B,2019-06-11,2019-06-11,21:00,23:00,commodity-v1
DCE,B,2023-08-08,2023-09-28,21:00,23:00,commodity-v1
DCE,B,2023-10-09,2023-10-09,none,none,commodity-v1
DCE,B,2023-10-10,2023-12-29,21:00,23:00,commodity-v1
DCE,B,2024-01-02,2024-01-02,none,none,commodity-v1
DCE,B,2024-01-03,2024-02-08,21:00,23:00,commodity-v1
DCE,B,2024-02-19,2024-02-19,none,none,commodity-v1
DCE,B,2024-02-20,2024-04-03,21:00,23:00,commodity-v1
DCE,B,2024-04-08,2024-04-08,none,none,commodity-v1
DCE,B,2024-04-09,2024-04-30,21:00,23:00,commodity-v1
DCE,B,2024-05-06,2024-05-06,none,none,commodity-v1
DCE,B,2024-05-07,2024-06-07,21:00,23:00,commodity-v1
DCE,B,2024-06-11,2024-06-11,none,none,commodity-v1
DCE,B,2024-06-12,2024-09-13,21:00,23:00,commodity-v1
DCE,B,2024-09-18,2024-09-18,none,none,commodity-v1
DCE,B,2024-09-19,2024-09-30,21:00,23:00,commodity-v1
DCE,B,2024-10-08,2024-10-08,none,none,commodity-v1
DCE,B,2024-10-09,2024-12-31,21:00,23:00,commodity-v1
DCE,B,2025-01-02,2025-01-02,none,none,commodity-v1
DCE,B,2025-01-03,2025-01-27,21:00,23:00,commodity-v1
DCE,B,2025-02-05,2025-02-05,none,none,commodity-v1
DCE,B,2025-02-06,2025-04-03,21:00,23:00,commodity-v1
DCE,B,2025-04-07,2025-04-07,none,none,commodity-v1
DCE,B,2025-04-08,2025-04-30,21:00,23:00,commodity-v1
DCE,B,2025-05-06,2025-05-06,none,none,commodity-v1
DCE,B,2025-05-07,2025-05-30,21:00,23:00,commodity-v1
DCE,B,2025-06-03,2025-06-03,none,none,commodity-v1
DCE,B,2025-06-04,2025-09-30,21:00,23:00,commodity-v1
DCE,B,2025-10-09,2025-10-09,none,none,commodity-v1
DCE,B,2025-10-10,2025-12-31,21:00,23:00,commodity-v1
DCE,B,2026-01-05,2026-01-05,none,none,commodity-v1
DCE,B,2026-01-06,2026-01-30,21:00,23:00,commodity-v1
DCE,C,2011-01-04,2011-08-26,none,none,commodity-v1
DCE,C,2012-03-19,2013-02-05,none,none,commodity-v1
DCE,C,2015-09-22,2019-03-29,none,none,commodity-v1
DCE,C,2019-04-01,2019-04-04,21:00,23:00,commodity-v1
DCE,C,2019-04-08,2019-04-08,none,none,commodity-v1
DCE,C,2019-04-09,2019-04-30,21:00,23:00,commodity-v1
DCE,C,2019-05-06,2019-05-06,none,none,commodity-v1
DCE,C,2019-05-07,2019-06-06,21:00,23:00,commodity-v1
DCE,C,2019-06-10,2019-06-10,none,none,commodity-v1
DCE,C,2019-06-11,2019-09-12,21:00,23:00,commodity-v1
DCE,C,2019-09-16,2019-09-16,none,none,commodity-v1
DCE,C,2019-09-17,2019-09-30,21:00,23:00,commodity-v1
DCE,C,2019-10-08,2019-10-08,none,none,commodity-v1
DCE,C,2019-10-09,2019-12-25,21:00,23:00,commodity-v1
DCE,C,2019-12-26,2019-12-26,22:30,23:00,commodity-v1
DCE,C,2019-12-27,2019-12-31,21:00,23:00,commodity-v1
DCE,C,2020-01-02,2020-01-02,none,none,commodity-v1
DCE,C,2020-01-03,2020-01-23,21:00,23:00,commodity-v1
DCE,C,2020-02-03,2020-05-06,none,none,commodity-v1
DCE,C,2020-05-07,2020-06-24,21:00,23:00,commodity-v1
DCE,C,2020-06-29,2020-06-29,none,none,commodity-v1
DCE,C,2020-06-30,2020-09-30,21:00,23:00,commodity-v1
DCE,C,2020-10-09,2020-10-09,none,none,commodity-v1
DCE,C,2020-10-12,2020-12-31,21:00,23:00,commodity-v1
DCE,C,2021-01-04,2021-01-04,none,none,commodity-v1
DCE,C,2021-01-05,2021-02-10,21:00,23:00,commodity-v1
DCE,C,2021-02-18,2021-02-18,none,none,commodity-v1
DCE,C,2021-02-19,2021-04-02,21:00,23:00,commodity-v1
DCE,C,2021-04-06,2021-04-06,none,none,commodity-v1
DCE,C,2021-04-07,2021-04-30,21:00,23:00,commodity-v1
DCE,C,2021-05-06,2021-05-06,none,none,commodity-v1
DCE,C,2021-05-07,2021-06-11,21:00,23:00,commodity-v1
DCE,C,2021-06-15,2021-06-15,none,none,commodity-v1
DCE,C,2021-06-16,2021-09-17,21:00,23:00,commodity-v1
DCE,C,2021-09-22,2021-09-22,none,none,commodity-v1
DCE,C,2021-09-23,2021-09-30,21:00,23:00,commodity-v1
DCE,C,2021-10-08,2021-10-08,none,none,commodity-v1
DCE,C,2021-10-11,2021-12-31,21:00,23:00,commodity-v1
DCE,C,2022-01-04,2022-01-04,none,none,commodity-v1
DCE,C,2022-01-05,2022-01-28,21:00,23:00,commodity-v1
DCE,C,2022-02-07,2022-02-07,none,none,commodity-v1
DCE,C,2022-02-08,2022-04-01,21:00,23:00,commodity-v1
DCE,C,2022-04-06,2022-04-06,none,none,commodity-v1
DCE,C,2022-04-07,2022-04-29,21:00,23:00,commodity-v1
DCE,C,2022-05-05,2022-05-05,none,none,commodity-v1
DCE,C,2022-05-06,2022-06-02,21:00,23:00,commodity-v1
DCE,C,2022-06-06,2022-06-06,none,none,commodity-v1
DCE,C,2022-06-07,2022-09-09,21:00,23:00,commodity-v1
DCE,C,2022-09-13,2022-09-13,none,none,commodity-v1
DCE,C,2022-09-14,2022-09-30,21:00,23:00,commodity-v1
DCE,C,2022-10-10,2022-10-10,none,none,commodity-v1
DCE,C,2022-10-11,2022-12-30,21:00,23:00,commodity-v1
DCE,C,2023-01-03,2023-01-03,none,none,commodity-v1
DCE,C,2023-01-04,2023-01-20,21:00,23:00,commodity-v1
DCE,C,2023-01-30,2023-01-30,none,none,commodity-v1
DCE,C,2023-01-31,2023-04-04,21:00,23:00,commodity-v1
DCE,C,2023-04-06,2023-04-06,none,none,commodity-v1
DCE,C,2023-04-07,2023-04-28,21:00,23:00,commodity-v1
DCE,C,2023-05-04,2023-05-04,none,none,commodity-v1
DCE,C,2023-05-05,2023-06-21,21:00,23:00,commodity-v1
DCE,C,2023-06-26,2023-06-26,none,none,commodity-v1
DCE,C,2023-06-27,2023-09-28,21:00,23:00,commodity-v1
DCE,C,2023-10-09,2023-10-09,none,none,commodity-v1
DCE,C,2023-10-10,2023-12-29,21:00,23:00,commodity-v1
DCE,C,2024-01-02,2024-01-02,none,none,commodity-v1
DCE,C,2024-01-03,2024-02-08,21:00,23:00,commodity-v1
DCE,C,2024-02-19,2024-02-19,none,none,commodity-v1
DCE,C,2024-02-20,2024-04-03,21:00,23:00,commodity-v1
DCE,C,2024-04-08,2024-04-08,none,none,commodity-v1
DCE,C,2024-04-09,2024-04-30,21:00,23:00,commodity-v1
DCE,C,2024-05-06,2024-05-06,none,none,commodity-v1
DCE,C,2024-05-07,2024-06-07,21:00,23:00,commodity-v1
DCE,C,2024-06-11,2024-06-11,none,none,commodity-v1
DCE,C,2024-06-12,2024-09-13,21:00,23:00,commodity-v1
DCE,C,2024-09-18,2024-09-18,none,none,commodity-v1
DCE,C,2024-09-19,2024-09-30,21:00,23:00,commodity-v1
DCE,C,2024-10-08,2024-10-08,none,none,commodity-v1
DCE,C,2024-10-09,2024-12-31,21:00,23:00,commodity-v1
DCE,C,2025-01-02,2025-01-02,none,none,commodity-v1
DCE,C,2025-01-03,2025-01-27,21:00,23:00,commodity-v1
DCE,C,2025-02-05,2025-02-05,none,none,commodity-v1
DCE,C,2025-02-06,2025-04-03,21:00,23:00,commodity-v1
DCE,C,2025-04-07,2025-04-07,none,none,commodity-v1
DCE,C,2025-04-08,2025-04-30,21:00,23:00,commodity-v1
DCE,C,2025-05-06,2025-05-06,none,none,commodity-v1
DCE,C,2025-05-07,2025-05-30,21:00,23:00,commodity-v1
DCE,C,2025-06-03,2025-06-03,none,none,commodity-v1
DCE,C,2025-06-04,2025-09-30,21:00,23:00,commodity-v1
DCE,C,2025-10-09,2025-10-09,none,none,commodity-v1
DCE,C,2025-10-10,2025-12-31,21:00,23:00,commodity-v1
DCE,C,2026-01-05,2026-01-05,none,none,commodity-v1
DCE,C,2026-01-06,2026-01-30,21:00,23:00,commodity-v1
DCE,CS,2015-11-26,2018-05-14,none,none,commodity-v1
DCE,CS,2021-01-19,2021-02-10,21:00,23:00,commodity-v1
DCE,CS,2021-02-18,2021-02-18,none,none,commodity-v1
DCE,CS,2021-02-19,2021-04-02,21:00,23:00,commodity-v1
DCE,CS,2021-04-06,2021-04-06,none,none,commodity-v1
DCE,CS,2021-04-07,2021-04-30,21:00,23:00,commodity-v1
DCE,CS,2021-05-06,2021-05-06,none,none,commodity-v1
DCE,CS,2021-05-07,2021-06-11,21:00,23:00,commodity-v1
DCE,CS,2021-06-15,2021-06-15,none,none,commodity-v1
DCE,CS,2021-06-16,2021-09-17,21:00,23:00,commodity-v1
DCE,CS,2021-09-22,2021-09-22,none,none,commodity-v1
DCE,CS,2021-09-23,2021-09-30,21:00,23:00,commodity-v1
DCE,CS,2021-10-08,2021-10-08,none,none,commodity-v1
DCE,CS,2021-10-11,2021-12-31,21:00,23:00,commodity-v1
DCE,CS,2022-01-04,2022-01-04,none,none,commodity-v1
DCE,CS,2022-01-05,2022-01-28,21:00,23:00,commodity-v1
DCE,CS,2022-02-07,2022-02-07,none,none,commodity-v1
DCE,CS,2022-02-08,2022-04-01,21:00,23:00,commodity-v1
DCE,CS,2022-04-06,2022-04-06,none,none,commodity-v1
DCE,CS,2022-04-07,2022-04-29,21:00,23:00,commodity-v1
DCE,CS,2022-05-05,2022-05-05,none,none,commodity-v1
DCE,CS,2022-05-06,2022-06-02,21:00,23:00,commodity-v1
DCE,CS,2022-06-06,2022-06-06,none,none,commodity-v1
DCE,CS,2022-06-07,2022-09-09,21:00,23:00,commodity-v1
DCE,CS,2022-09-13,2022-09-13,none,none,commodity-v1
DCE,CS,2022-09-14,2022-09-30,21:00,23:00,commodity-v1
DCE,CS,2022-10-10,2022-10-10,none,none,commodity-v1
DCE,CS,2022-10-11,2022-12-30,21:00,23:00,commodity-v1
DCE,CS,2023-01-03,2023-01-03,none,none,commodity-v1
DCE,CS,2023-01-04,2023-01-20,21:00,23:00,commodity-v1
DCE,CS,2023-01-30,2023-01-30,none,none,commodity-v1
DCE,CS,2023-01-31,2023-04-04,21:00,23:00,commodity-v1
DCE,CS,2023-04-06,2023-04-06,none,none,commodity-v1
DCE,CS,2023-04-07,2023-04-28,21:00,23:00,commodity-v1
DCE,CS,2023-05-04,2023-05-04,none,none,commodity-v1
DCE,CS,2023-05-05,2023-06-21,21:00,23:00,commodity-v1
DCE,CS,2023-06-26,2023-06-26,none,none,commodity-v1
DCE,CS,2023-06-27,2023-09-28,21:00,23:00,commodity-v1
DCE,CS,2023-10-09,2023-10-09,none,none,commodity-v1
DCE,CS,2023-10-10,2023-12-29,21:00,23:00,commodity-v1
DCE,CS,2024-01-02,2024-01-02,none,none,commodity-v1
DCE,CS,2024-01-03,2024-02-08,21:00,23:00,commodity-v1
DCE,CS,2024-02-19,2024-02-19,none,none,commodity-v1
DCE,CS,2024-02-20,2024-04-03,21:00,23:00,commodity-v1
DCE,CS,2024-04-08,2024-04-08,none,none,commodity-v1
DCE,CS,2024-04-09,2024-04-30,21:00,23:00,commodity-v1
DCE,CS,2024-05-06,2024-05-06,none,none,commodity-v1
DCE,CS,2024-05-07,2024-05-07,21:00,23:00,commodity-v1
DCE,EB,2020-11-09,2020-12-31,21:00,23:00,commodity-v1
DCE,EB,2021-01-04,2021-01-04,none,none,commodity-v1
DCE,EB,2021-01-05,2021-02-10,21:00,23:00,commodity-v1
DCE,EB,2021-02-18,2021-02-18,none,none,commodity-v1
DCE,EB,2021-02-19,2021-04-02,21:00,23:00,commodity-v1
DCE,EB,2021-04-06,2021-04-06,none,none,commodity-v1
DCE,EB,2021-04-07,2021-04-30,21:00,23:00,commodity-v1
DCE,EB,2021-05-06,2021-05-06,none,none,commodity-v1
DCE,EB,2021-05-07,2021-06-11,21:00,23:00,commodity-v1
DCE,EB,2021-06-15,2021-06-15,none,none,commodity-v1
DCE,EB,2021-06-16,2021-09-17,21:00,23:00,commodity-v1
DCE,EB,2021-09-22,2021-09-22,none,none,commodity-v1
DCE,EB,2021-09-23,2021-09-30,21:00,23:00,commodity-v1
DCE,EB,2021-10-08,2021-10-08,none,none,commodity-v1
DCE,EB,2021-10-11,2021-12-31,21:00,23:00,commodity-v1
DCE,EB,2022-01-04,2022-01-04,none,none,commodity-v1
DCE,EB,2022-01-05,2022-01-28,21:00,23:00,commodity-v1
DCE,EB,2022-02-07,2022-02-07,none,none,commodity-v1
DCE,EB,2022-02-08,2022-04-01,21:00,23:00,commodity-v1
DCE,EB,2022-04-06,2022-04-06,none,none,commodity-v1
DCE,EB,2022-04-07,2022-04-29,21:00,23:00,commodity-v1
DCE,EB,2022-05-05,2022-05-05,none,none,commodity-v1
DCE,EB,2022-05-06,2022-06-02,21:00,23:00,commodity-v1
DCE,EB,2022-06-06,2022-06-06,none,none,commodity-v1
DCE,EB,2022-06-07,2022-09-09,21:00,23:00,commodity-v1
DCE,EB,2022-09-13,2022-09-13,none,none,commodity-v1
DCE,EB,2022-09-14,2022-09-30,21:00,23:00,commodity-v1
DCE,EB,2022-10-10,2022-10-10,none,none,commodity-v1
DCE,EB,2022-10-11,2022-12-30,21:00,23:00,commodity-v1
DCE,EB,2023-01-03,2023-01-03,none,none,commodity-v1
DCE,EB,2023-01-04,2023-01-20,21:00,23:00,commodity-v1
DCE,EB,2023-01-30,2023-01-30,none,none,commodity-v1
DCE,EB,2023-01-31,2023-04-04,21:00,23:00,commodity-v1
DCE,EB,2023-04-06,2023-04-06,none,none,commodity-v1
DCE,EB,2023-04-07,2023-04-28,21:00,23:00,commodity-v1
DCE,EB,2023-05-04,2023-05-04,none,none,commodity-v1
DCE,EB,2023-05-05,2023-06-21,21:00,23:00,commodity-v1
DCE,EB,2023-06-26,2023-06-26,none,none,commodity-v1
DCE,EB,2023-06-27,2023-09-28,21:00,23:00,commodity-v1
DCE,EB,2023-10-09,2023-10-09,none,none,commodity-v1
DCE,EB,2023-10-10,2023-12-29,21:00,23:00,commodity-v1
DCE,EB,2024-01-02,2024-01-02,none,none,commodity-v1
DCE,EB,2024-01-03,2024-02-08,21:00,23:00,commodity-v1
DCE,EB,2024-02-19,2024-02-19,none,none,commodity-v1
DCE,EB,2024-02-20,2024-04-03,21:00,23:00,commodity-v1
DCE,EB,2024-04-08,2024-04-08,none,none,commodity-v1
DCE,EB,2024-04-09,2024-04-30,21:00,23:00,commodity-v1
DCE,EB,2024-05-06,2024-05-06,none,none,commodity-v1
DCE,EB,2024-05-07,2024-06-07,21:00,23:00,commodity-v1
DCE,EB,2024-06-11,2024-06-11,none,none,commodity-v1
DCE,EB,2024-06-12,2024-09-13,21:00,23:00,commodity-v1
DCE,EB,2024-09-18,2024-09-18,none,none,commodity-v1
DCE,EB,2024-09-19,2024-09-30,21:00,23:00,commodity-v1
DCE,EB,2024-10-08,2024-10-08,none,none,commodity-v1
DCE,EB,2024-10-09,2024-12-31,21:00,23:00,commodity-v1
DCE,EB,2025-01-02,2025-01-02,none,none,commodity-v1
DCE,EB,2025-01-03,2025-01-27,21:00,23:00,commodity-v1
DCE,EB,2025-02-05,2025-02-05,none,none,commodity-v1
DCE,EB,2025-02-06,2025-04-03,21:00,23:00,commodity-v1
DCE,EB,2025-04-07,2025-04-07,none,none,commodity-v1
DCE,EB,2025-04-08,2025-04-30,21:00,23:00,commodity-v1
DCE,EB,2025-05-06,2025-05-06,none,none,commodity-v1
DCE,EB,2025-05-07,2025-05-30,21:00,23:00,commodity-v1
DCE,EB,2025-06-03,2025-06-03,none,none,commodity-v1
DCE,EB,2025-06-04,2025-09-30,21:00,23:00,commodity-v1
DCE,EB,2025-10-09,2025-10-09,none,none,commodity-v1
DCE,EB,2025-10-10,2025-12-31,21:00,23:00,commodity-v1
DCE,EB,2026-01-05,2026-01-05,none,none,commodity-v1
DCE,EB,2026-01-06,2026-01-30,21:00,23:00,commodity-v1
DCE,EG,2019-06-12,2019-09-12,21:00,23:00,commodity-v1
DCE,EG,2019-09-16,2019-09-16,none,none,commodity-v1
DCE,EG,2019-09-17,2019-09-30,21:00,23:00,commodity-v1
DCE,EG,2019-10-08,2019-10-08,none,none,commodity-v1
DCE,EG,2019-10-09,2019-12-25,21:00,23:00,commodity-v1
DCE,EG,2019-12-26,2019-12-26,22:30,23:00,commodity-v1
DCE,EG,2019-12-27,2019-12-31,21:00,23:00,commodity-v1
DCE,EG,2020-01-02,2020-01-02,none,none,commodity-v1
DCE,EG,2020-01-03,2020-01-23,21:00,23:00,commodity-v1
DCE,EG,2020-02-03,2020-05-06,none,none,commodity-v1
DCE,EG,2020-05-07,2020-06-24,21:00,23:00,commodity-v1
DCE,EG,2020-06-29,2020-06-29,none,none,commodity-v1
DCE,EG,2020-06-30,2020-09-30,21:00,23:00,commodity-v1
DCE,EG,2020-10-09,2020-10-09,none,none,commodity-v1
DCE,EG,2020-10-12,2020-12-31,21:00,23:00,commodity-v1
DCE,EG,2021-01-04,2021-01-04,none,none,commodity-v1
DCE,EG,2021-01-05,2021-02-10,21:00,23:00,commodity-v1
DCE,EG,2021-02-18,2021-02-18,none,none,commodity-v1
DCE,EG,2021-02-19,2021-04-02,21:00,23:00,commodity-v1
DCE,EG,2021-04-06,2021-04-06,none,none,commodity-v1
DCE,EG,2021-04-07,2021-04-30,21:00,23:00,commodity-v1
DCE,EG,2021-05-06,2021-05-06,none,none,commodity-v1
DCE,EG,2021-05-07,2021-06-11,21:00,23:00,commodity-v1
DCE,EG,2021-06-15,2021-06-15,none,none,commodity-v1
DCE,EG,2021-06-16,2021-09-17,21:00,23:00,commodity-v1
DCE,EG,2021-09-22,2021-09-22,none,none,commodity-v1
DCE,EG,2021-09-23,2021-09-30,21:00,23:00,commodity-v1
DCE,EG,2021-10-08,2021-10-08,none,none,commodity-v1
DCE,EG,2021-10-11,2021-12-31,21:00,23:00,commodity-v1
DCE,EG,2022-01-04,2022-01-04,none,none,commodity-v1
DCE,EG,2022-01-05,2022-01-28,21:00,23:00,commodity-v1
DCE,EG,2022-02-07,2022-02-07,none,none,commodity-v1
DCE,EG,2022-02-08,2022-04-01,21:00,23:00,commodity-v1
DCE,EG,2022-04-06,2022-04-06,none,none,commodity-v1
DCE,EG,2022-04-07,2022-04-29,21:00,23:00,commodity-v1
DCE,EG,2022-05-05,2022-05-05,none,none,commodity-v1
DCE,EG,2022-05-06,2022-06-02,21:00,23:00,commodity-v1
DCE,EG,2022-06-06,2022-06-06,none,none,commodity-v1
DCE,EG,2022-06-07,2022-09-09,21:00,23:00,commodity-v1
DCE,EG,2022-09-13,2022-09-13,none,none,commodity-v1
DCE,EG,2022-09-14,2022-09-30,21:00,23:00,commodity-v1
DCE,EG,2022-10-10,2022-10-10,none,none,commodity-v1
DCE,EG,2022-10-11,2022-12-30,21:00,23:00,commodity-v1
DCE,EG,2023-01-03,2023-01-03,none,none,commodity-v1
DCE,EG,2023-01-04,2023-01-20,21:00,23:00,commodity-v1
DCE,EG,2023-01-30,2023-01-30,none,none,commodity-v1
DCE,EG,2023-01-31,2023-04-04,21:00,23:00,commodity-v1
DCE,EG,2023-04-06,2023-04-06,none,none,commodity-v1
DCE,EG,2023-04-07,2023-04-28,21:00,23:00,commodity-v1
DCE,EG,2023-05-04,2023-05-04,none,none,commodity-v1
DCE,EG,2023-05-05,2023-06-21,21:00,23:00,commodity-v1
DCE,EG,2023-06-26,2023-06-26,none,none,commodity-v1
DCE,EG,2023-06-27,2023-09-28,21:00,23:00,commodity-v1
DCE,EG,2023-10-09,2023-10-09,none,none,commodity-v1
DCE,EG,2023-10-10,2023-12-29,21:00,23:00,commodity-v1
DCE,EG,2024-01-02,2024-01-02,none,none,commodity-v1
DCE,EG,2024-01-03,2024-02-08,21:00,23:00,commodity-v1
DCE,EG,2024-02-19,2024-02-19,none,none,commodity-v1
DCE,EG,2024-02-20,2024-04-03,21:00,23:00,commodity-v1
DCE,EG,2024-04-08,2024-04-08,none,none,commodity-v1
DCE,EG,2024-04-09,2024-04-30,21:00,23:00,commodity-v1
DCE,EG,2024-05-06,2024-05-06,none,none,commodity-v1
DCE,EG,2024-05-07,2024-06-07,21:00,23:00,commodity-v1
DCE,EG,2024-06-11,2024-06-11,none,none,commodity-v1
DCE,EG,2024-06-12,2024-09-13,21:00,23:00,commodity-v1
DCE,EG,2024-09-18,2024-09-18,none,none,commodity-v1
DCE,EG,2024-09-19,2024-09-30,21:00,23:00,commodity-v1
DCE,EG,2024-10-08,2024-10-08,none,none,commodity-v1
DCE,EG,2024-10-09,2024-12-31,21:00,23:00,commodity-v1
DCE,EG,2025-01-02,2025-01-02,none,none,commodity-v1
DCE,EG,2025-01-03,2025-01-27,21:00,23:00,commodity-v1
DCE,EG,2025-02-05,2025-02-05,none,none,commodity-v1
DCE,EG,2025-02-06,2025-04-03,21:00,23:00,commodity-v1
DCE,EG,2025-04-07,2025-04-07,none,none,commodity-v1
DCE,EG,2025-04-08,2025-04-30,21:00,23:00,commodity-v1
DCE,EG,2025-05-06,2025-05-06,none,none,commodity-v1
DCE,EG,2025-05-07,2025-05-30,21:00,23:00,commodity-v1
DCE,EG,2025-06-03,2025-06-03,none,none,commodity-v1
DCE,EG,2025-06-04,2025-09-30,21:00,23:00,commodity-v1
DCE,EG,2025-10-09,2025-10-09,none,none,commodity-v1
DCE,EG,2025-10-10,2025-12-31,21:00,23:00,commodity-v1
DCE,EG,2026-01-05,2026-01-05,none,none,commodity-v1
DCE,EG,2026-01-06,2026-01-30,21:00,23:00,commodity-v1
DCE,I,2014-04-15,2014-12-26,none,none,commodity-v1
DCE,I,2014-12-29,2014-12-31,21:00,02:30,commodity-v1
DCE,I,2015-01-05,2015-01-05,none,none,commodity-v1
DCE,I,2015-01-06,2015-02-17,21:00,02:30,commodity-v1
DCE,I,2015-02-25,2015-02-25,none,none,commodity-v1
DCE,I,2015-02-26,2015-04-03,21:00,02:30,commodity-v1
DCE,I,2015-04-07,2015-04-07,none,none,commodity-v1
DCE,I,2015-04-08,2015-04-30,21:00,02:30,commodity-v1
DCE,I,2015-05-04,2015-05-04,none,none,commodity-v1
DCE,I,2015-05-05,2015-05-08,21:00,02:30,commodity-v1
DCE,I,2015-05-11,2015-06-19,21:00,23:30,commodity-v1
DCE,I,2015-06-23,2015-06-23,none,none,commodity-v1
DCE,I,2015-06-24,2015-09-02,21:00,23:30,commodity-v1
DCE,I,2015-09-07,2015-09-07,none,none,commodity-v1
DCE,I,2015-09-08,2015-09-25,21:00,23:30,commodity-v1
DCE,I,2015-09-28,2015-09-28,none,none,commodity-v1
DCE,I,2015-09-29,2015-09-30,21:00,23:30,commodity-v1
DCE,I,2015-10-08,2015-10-08,none,none,commodity-v1
DCE,I,2015-10-09,2015-12-31,21:00,23:30,commodity-v1
DCE,I,2016-01-04,2016-01-04,none,none,commodity-v1
DCE,I,2016-01-05,2016-02-05,21:00,23:30,commodity-v1
DCE,I,2016-02-15,2016-02-15,none,none,commodity-v1
DCE,I,2016-02-16,2016-04-01,21:00,23:30,commodity-v1
DCE,I,2016-04-05,2016-04-05,none,none,commodity-v1
DCE,I,2016-04-06,2016-04-29,21:00,23:30,commodity-v1
DCE,I,2016-05-03,2016-05-03,none,none,commodity-v1
DCE,I,2016-05-04,2016-06-08,21:00,23:30,commodity-v1
DCE,I,2016-06-13,2016-06-13,none,none,commodity-v1
DCE,I,2016-06-14,2016-09-14,21:00,23:30,commodity-v1
DCE,I,2016-09-19,2016-09-19,none,none,commodity-v1
DCE,I,2016-09-20,2016-09-30,21:00,23:30,commodity-v1
DCE,I,2016-10-10,2016-10-10,none,none,commodity-v1
DCE,I,2016-10-11,2016-12-30,21:00,23:30,commodity-v1
DCE,I,2017-01-03,2017-01-03,none,none,commodity-v1
DCE,I,2017-01-04,2017-01-26,21:00,23:30,commodity-v1
DCE,I,2017-02-03,2017-02-03,none,none,commodity-v1
DCE,I,2017-02-06,2017-03-30,21:00,23:30,commodity-v1
DCE,I,2017-03-31,2017-04-05,none,none,commodity-v1
DCE,I,2017-04-06,2017-04-28,21:00,23:30,commodity-v1
DCE,I,2017-05-02,2017-05-02,none,none,commodity-v1
DCE,I,2017-05-03,2017-05-26,21:00,23:30,commodity-v1
DCE,I,2017-05-31,2017-05-31,none,none,commodity-v1
DCE,I,2017-06-01,2017-09-29,21:00,23:30,commodity-v1
DCE,I,2017-10-09,2017-10-09,none,none,commodity-v1
DCE,I,2017-10-10,2017-12-29,21:00,23:30,commodity-v1
DCE,I,2018-01-02,2018-01-02,none,none,commodity-v1
DCE,I,2018-01-03,2018-02-14,21:00,23:30,commodity-v1
DCE,I,2018-02-22,2018-02-22,none,none,commodity-v1
DCE,I,2018-02-23,2018-04-04,21:00,23:30,commodity-v1
DCE,I,2018-04-09,2018-04-09,none,none,commodity-v1
DCE,I,2018-04-10,2018-04-27,21:00,23:30,commodity-v1
DCE,I,2018-05-02,2018-05-02,none,none,commodity-v1
DCE,I,2018-05-03,2018-06-15,21:00,23:30,commodity-v1
DCE,I,2018-06-19,2018-06-19,none,none,commodity-v1
DCE,I,2018-06-20,2018-09-21,21:00,23:30,commodity-v1
DCE,I,2018-09-25,2018-09-25,none,none,commodity-v1
DCE,I,2018-09-26,2018-09-28,21:00,23:30,commodity-v1
DCE,I,2018-10-08,2018-10-08,none,none,commodity-v1
DCE,I,2018-10-09,2018-12-28,21:00,23:30,commodity-v1
DCE,I,2019-01-02,2019-01-02,none,none,commodity-v1
DCE,I,2019-01-03,2019-02-01,21:00,23:30,commodity-v1
DCE,I,2019-02-11,2019-02-11,none,none,commodity-v1
DCE,I,2019-02-12,2019-03-29,21:00,23:30,commodity-v1
DCE,I,2019-04-01,2019-04-04,21:00,23:00,commodity-v1
DCE,I,2019-04-08,2019-04-08,none,none,commodity-v1
DCE,I,2019-04-09,2019-04-30,21:00,23:00,commodity-v1
DCE,I,2019-05-06,2019-05-06,none,none,commodity-v1
DCE,I,2019-05-07,2019-06-06,21:00,23:00,commodity-v1
DCE,I,2019-06-10,2019-06-10,none,none,commodity-v1
DCE,I,2019-06-11,2019-09-12,21:00,23:00,commodity-v1
DCE,I,2019-09-16,2019-09-16,none,none,commodity-v1
DCE,I,2019-09-17,2019-09-30,21:00,23:00,commodity-v1
DCE,I,2019-10-08,2019-10-08,none,none,commodity-v1
DCE,I,2019-10-09,2019-12-25,21:00,23:00,commodity-v1
DCE,I,2019-12-26,2019-12-26,22:30,23:00,commodity-v1
DCE,I,2019-12-27,2019-12-31,21:00,23:00,commodity-v1
DCE,I,2020-01-02,2020-01-02,none,none,commodity-v1
DCE,I,2020-01-03,2020-01-23,21:00,23:00,commodity-v1
DCE,I,2020-02-03,2020-05-06,none,none,commodity-v1
DCE,I,2020-05-07,2020-06-24,21:00,23:00,commodity-v1
DCE,I,2020-06-29,2020-06-29,none,none,commodity-v1
DCE,I,2020-06-30,2020-09-30,21:00,23:00,commodity-v1
DCE,I,2020-10-09,2020-10-09,none,none,commodity-v1
DCE,I,2020-10-12,2020-12-31,21:00,23:00,commodity-v1
DCE,I,2021-01-04,2021-01-04,none,none,commodity-v1
DCE,I,2021-01-05,2021-02-10,21:00,23:00,commodity-v1
DCE,I,2021-02-18,2021-02-18,none,none,commodity-v1
DCE,I,2021-02-19,2021-04-02,21:00,23:00,commodity-v1
DCE,I,2021-04-06,2021-04-06,none,none,commodity-v1
DCE,I,2021-04-07,2021-04-30,21:00,23:00,commodity-v1
DCE,I,2021-05-06,2021-05-06,none,none,commodity-v1
DCE,I,2021-05-07,2021-06-11,21:00,23:00,commodity-v1
DCE,I,2021-06-15,2021-06-15,none,none,commodity-v1
DCE,I,2021-06-16,2021-09-17,21:00,23:00,commodity-v1
DCE,I,2021-09-22,2021-09-22,none,none,commodity-v1
DCE,I,2021-09-23,2021-09-30,21:00,23:00,commodity-v1
DCE,I,2021-10-08,2021-10-08,none,none,commodity-v1
DCE,I,2021-10-11,2021-12-31,21:00,23:00,commodity-v1
DCE,I,2022-01-04,2022-01-04,none,none,commodity-v1
DCE,I,2022-01-05,2022-01-28,21:00,23:00,commodity-v1
DCE,I,2022-02-07,2022-02-07,none,none,commodity-v1
DCE,I,2022-02-08,2022-04-01,21:00,23:00,commodity-v1
DCE,I,2022-04-06,2022-04-06,none,none,commodity-v1
DCE,I,2022-04-07,2022-04-29,21:00,23:00,commodity-v1
DCE,I,2022-05-05,2022-05-05,none,none,commodity-v1
DCE,I,2022-05-06,2022-06-02,21:00,23:00,commodity-v1
DCE,I,2022-06-06,2022-06-06,none,none,commodity-v1
DCE,I,2022-06-07,2022-09-09,21:00,23:00,commodity-v1
DCE,I,2022-09-13,2022-09-13,none,none,commodity-v1
DCE,I,2022-09-14,2022-09-30,21:00,23:00,commodity-v1
DCE,I,2022-10-10,2022-10-10,none,none,commodity-v1
DCE,I,2022-10-11,2022-12-30,21:00,23:00,commodity-v1
DCE,I,2023-01-03,2023-01-03,none,none,commodity-v1
DCE,I,2023-01-04,2023-01-20,21:00,23:00,commodity-v1
DCE,I,2023-01-30,2023-01-30,none,none,commodity-v1
DCE,I,2023-01-31,2023-04-04,21:00,23:00,commodity-v1
DCE,I,2023-04-06,2023-04-06,none,none,commodity-v1
DCE,I,2023-04-07,2023-04-28,21:00,23:00,commodity-v1
DCE,I,2023-05-04,2023-05-04,none,none,commodity-v1
DCE,I,2023-05-05,2023-06-21,21:00,23:00,commodity-v1
DCE,I,2023-06-26,2023-06-26,none,none,commodity-v1
DCE,I,2023-06-27,2023-09-28,21:00,23:00,commodity-v1
DCE,I,2023-10-09,2023-10-09,none,none,commodity-v1
DCE,I,2023-10-10,2023-12-29,21:00,23:00,commodity-v1
DCE,I,2024-01-02,2024-01-02,none,none,commodity-v1
DCE,I,2024-01-03,2024-02-08,21:00,23:00,commodity-v1
DCE,I,2024-02-19,2024-02-19,none,none,commodity-v1
DCE,I,2024-02-20,2024-04-03,21:00,23:00,commodity-v1
DCE,I,2024-04-08,2024-04-08,none,none,commodity-v1
DCE,I,2024-04-09,2024-04-30,21:00,23:00,commodity-v1
DCE,I,2024-05-06,2024-05-06,none,none,commodity-v1
DCE,I,2024-05-07,2024-06-07,21:00,23:00,commodity-v1
DCE,I,2024-06-11,2024-06-11,none,none,commodity-v1
DCE,I,2024-06-12,2024-09-13,21:00,23:00,commodity-v1
DCE,I,2024-09-18,2024-09-18,none,none,commodity-v1
DCE,I,2024-09-19,2024-09-30,21:00,23:00,commodity-v1
DCE,I,2024-10-08,2024-10-08,none,none,commodity-v1
DCE,I,2024-10-09,2024-12-31,21:00,23:00,commodity-v1
DCE,I,2025-01-02,2025-01-02,none,none,commodity-v1
DCE,I,2025-01-03,2025-01-27,21:00,23:00,commodity-v1
DCE,I,2025-02-05,2025-02-05,none,none,commodity-v1
DCE,I,2025-02-06,2025-04-03,21:00,23:00,commodity-v1
DCE,I,2025-04-07,2025-04-07,none,none,commodity-v1
DCE,I,2025-04-08,2025-04-30,21:00,23:00,commodity-v1
DCE,I,2025-05-06,2025-05-06,none,none,commodity-v1
DCE,I,2025-05-07,2025-05-30,21:00,23:00,commodity-v1
DCE,I,2025-06-03,2025-06-03,none,none,commodity-v1
DCE,I,2025-06-04,2025-09-30,21:00,23:00,commodity-v1
DCE,I,2025-10-09,2025-10-09,none,none,commodity-v1
DCE,I,2025-10-10,2025-12-31,21:00,23:00,commodity-v1
DCE,I,2026-01-05,2026-01-05,none,none,commodity-v1
DCE,I,2026-01-06,2026-01-30,21:00,23:00,commodity-v1
DCE,J,2012-08-17,2014-07-04,none,none,commodity-v1
DCE,J,2014-07-07,2014-09-05,21:00,02:30,commodity-v1
DCE,J,2014-09-09,2014-09-09,none,none,commodity-v1
DCE,J,2014-09-10,2014-09-30,21:00,02:30,commodity-v1
DCE,J,2014-10-08,2014-10-08,none,none,commodity-v1
DCE,J,2014-10-09,2014-12-31,21:00,02:30,commodity-v1
DCE,J,2015-01-05,2015-01-05,none,none,commodity-v1
DCE,J,2015-01-06,2015-02-17,21:00,02:30,commodity-v1
DCE,J,2015-02-25,2015-02-25,none,none,commodity-v1
DCE,J,2015-02-26,2015-04-03,21:00,02:30,commodity-v1
DCE,J,2015-04-07,2015-04-07,none,none,commodity-v1
DCE,J,2015-04-08,2015-04-30,21:00,02:30,commodity-v1
DCE,J,2015-05-04,2015-05-04,none,none,commodity-v1
DCE,J,2015-05-05,2015-05-08,21:00,02:30,commodity-v1
DCE,J,2015-05-11,2015-06-19,21:00,23:30,commodity-v1
DCE,J,2015-06-23,2015-06-23,none,none,commodity-v1
DCE,J,2015-06-24,2015-09-02,21:00,23:30,commodity-v1
DCE,J,2015-09-07,2015-09-07,none,none,commodity-v1
DCE,J,2015-09-08,2015-09-25,21:00,23:30,commodity-v1
DCE,J,2015-09-28,2015-09-28,none,none,commodity-v1
DCE,J,2015-09-29,2015-09-30,21:00,23:30,commodity-v1
DCE,J,2015-10-08,2015-10-08,none,none,commodity-v1
DCE,J,2015-10-09,2015-12-31,21:00,23:30,commodity-v1
DCE,J,2016-01-04,2016-01-04,none,none,commodity-v1
DCE,J,2016-01-05,2016-02-05,21:00,23:30,commodity-v1
DCE,J,2016-02-15,2016-02-15,none,none,commodity-v1
DCE,J,2016-02-16,2016-04-01,21:00,23:30,commodity-v1
DCE,J,2016-04-05,2016-04-05,none,none,commodity-v1
DCE,J,2016-04-06,2016-04-29,21:00,23:30,commodity-v1
DCE,J,2016-05-03,2016-05-03,none,none,commodity-v1
DCE,J,2016-05-04,2016-06-08,21:00,23:30,commodity-v1
DCE,J,2016-06-13,2016-06-13,none,none,commodity-v1
DCE,J,2016-06-14,2016-09-14,21:00,23:30,commodity-v1
DCE,J,2016-09-19,2016-09-19,none,none,commodity-v1
DCE,J,2016-09-20,2016-09-30,21:00,23:30,commodity-v1
DCE,J,2016-10-10,2016-10-10,none,none,commodity-v1
DCE,J,2016-10-11,2016-12-30,21:00,23:30,commodity-v1
DCE,J,2017-01-03,2017-01-03,none,none,commodity-v1
DCE,J,2017-01-04,2017-01-26,21:00,23:30,commodity-v1
DCE,J,2017-02-03,2017-02-03,none,none,commodity-v1
DCE,J,2017-02-06,2017-03-30,21:00,23:30,commodity-v1
DCE,J,2017-03-31,2017-04-05,none,none,commodity-v1
DCE,J,2017-04-06,2017-04-28,21:00,23:30,commodity-v1
DCE,J,2017-05-02,2017-05-02,none,none,commodity-v1
DCE,J,2017-05-03,2017-05-26,21:00,23:30,commodity-v1
DCE,J,2017-05-31,2017-05-31,none,none,commodity-v1
DCE,J,2017-06-01,2017-09-29,21:00,23:30,commodity-v1
DCE,J,2017-10-09,2017-10-09,none,none,commodity-v1
DCE,J,2017-10-10,2017-12-29,21:00,23:30,commodity-v1
DCE,J,2018-01-02,2018-01-02,none,none,commodity-v1
DCE,J,2018-01-03,2018-02-14,21:00,23:30,commodity-v1
DCE,J,2018-02-22,2018-02-22,none,none,commodity-v1
DCE,J,2018-02-23,2018-04-04,21:00,23:30,commodity-v1
DCE,J,2018-04-09,2018-04-09,none,none,commodity-v1
DCE,J,2018-04-10,2018-04-27,21:00,23:30,commodity-v1
DCE,J,2018-05-02,2018-05-02,none,none,commodity-v1
DCE,J,2018-05-03,2018-06-15,21:00,23:30,commodity-v1
DCE,J,2018-06-19,2018-06-19,none,none,commodity-v1
DCE,J,2018-06-20,2018-09-21,21:00,23:30,commodity-v1
DCE,J,2018-09-25,2018-09-25,none,none,commodity-v1
DCE,J,2018-09-26,2018-09-28,21:00,23:30,commodity-v1
DCE,J,2018-10-08,2018-10-08,none,none,commodity-v1
DCE,J,2018-10-09,2018-12-28,21:00,23:30,commodity-v1
DCE,J,2019-01-02,2019-01-02,none,none,commodity-v1
DCE,J,2019-01-03,2019-02-01,21:00,23:30,commodity-v1
DCE,J,2019-02-11,2019-02-11,none,none,commodity-v1
DCE,J,2019-02-12,2019-03-29,21:00,23:30,commodity-v1
DCE,J,2019-04-01,2019-04-04,21:00,23:00,commodity-v1
DCE,J,2019-04-08,2019-04-08,none,none,commodity-v1
DCE,J,2019-04-09,2019-04-30,21:00,23:00,commodity-v1
DCE,J,2019-05-06,2019-05-06,none,none,commodity-v1
DCE,J,2019-05-07,2019-06-06,21:00,23:00,commodity-v1
DCE,J,2019-06-10,2019-06-10,none,none,commodity-v1
DCE,J,2019-06-11,2019-09-12,21:00,23:00,commodity-v1
DCE,J,2019-09-16,2019-09-16,none,none,commodity-v1
DCE,J,2019-09-17,2019-09-30,21:00,23:00,commodity-v1
DCE,J,2019-10-08,2019-10-08,none,none,commodity-v1
DCE,J,2019-10-09,2019-12-25,21:00,23:00,commodity-v1
DCE,J,2019-12-26,2019-12-26,22:30,23:00,commodity-v1
DCE,J,2019-12-27,2019-12-31,21:00,23:00,commodity-v1
DCE,J,2020-01-02,2020-01-02,none,none,commodity-v1
DCE,J,2020-01-03,2020-01-23,21:00,23:00,commodity-v1
DCE,J,2020-02-03,2020-05-06,none,none,commodity-v1
DCE,J,2020-05-07,2020-06-24,21:00,23:00,commodity-v1
DCE,J,2020-06-29,2020-06-29,none,none,commodity-v1
DCE,J,2020-06-30,2020-09-30,21:00,23:00,commodity-v1
DCE,J,2020-10-09,2020-10-09,none,none,commodity-v1
DCE,J,2020-10-12,2020-12-31,21:00,23:00,commodity-v1
DCE,J,2021-01-04,2021-01-04,none,none,commodity-v1
DCE,J,2021-01-05,2021-02-10,21:00,23:00,commodity-v1
DCE,J,2021-02-18,2021-02-18,none,none,commodity-v1
DCE,J,2021-02-19,2021-04-02,21:00,23:00,commodity-v1
DCE,J,2021-04-06,2021-04-06,none,none,commodity-v1
DCE,J,2021-04-07,2021-04-30,21:00,23:00,commodity-v1
DCE,J,2021-05-06,2021-05-06,none,none,commodity-v1
DCE,J,2021-05-07,2021-06-11,21:00,23:00,commodity-v1
DCE,J,2021-06-15,2021-06-15,none,none,commodity-v1
DCE,J,2021-06-16,2021-09-17,21:00,23:00,commodity-v1
DCE,J,2021-09-22,2021-09-22,none,none,commodity-v1
DCE,J,2021-09-23,2021-09-30,21:00,23:00,commodity-v1
DCE,J,2021-10-08,2021-10-08,none,none,commodity-v1
DCE,J,2021-10-11,2021-12-31,21:00,23:00,commodity-v1
DCE,J,2022-01-04,2022-01-04,none,none,commodity-v1
DCE,J,2022-01-05,2022-01-28,21:00,23:00,commodity-v1
DCE,J,2022-02-07,2022-02-07,none,none,commodity-v1
DCE,J,2022-02-08,2022-04-01,21:00,23:00,commodity-v1
DCE,J,2022-04-06,2022-04-06,none,none,commodity-v1
DCE,J,2022-04-07,2022-04-29,21:00,23:00,commodity-v1
DCE,J,2022-05-05,2022-05-05,none,none,commodity-v1
DCE,J,2022-05-06,2022-06-02,21:00,23:00,commodity-v1
DCE,J,2022-06-06,2022-06-06,none,none,commodity-v1
DCE,J,2022-06-07,2022-09-09,21:00,23:00,commodity-v1
DCE,J,2022-09-13,2022-09-13,none,none,commodity-v1
DCE,J,2022-09-14,2022-09-30,21:00,23:00,commodity-v1
DCE,J,2022-10-10,2022-10-10,none,none,commodity-v1
DCE,J,2022-10-11,2022-12-30,21:00,23:00,commodity-v1
DCE,J,2023-01-03,2023-01-03,none,none,commodity-v1
DCE,J,2023-01-04,2023-01-20,21:00,23:00,commodity-v1
DCE,J,2023-01-30,2023-01-30,none,none,commodity-v1
DCE,J,2023-01-31,2023-04-04,21:00,23:00,commodity-v1
DCE,J,2023-04-06,2023-04-06,none,none,commodity-v1
DCE,J,2023-04-07,2023-04-28,21:00,23:00,commodity-v1
DCE,J,2023-05-04,2023-05-04,none,none,commodity-v1
DCE,J,2023-05-05,2023-06-21,21:00,23:00,commodity-v1
DCE,J,2023-06-26,2023-06-26,none,none,commodity-v1
DCE,J,2023-06-27,2023-09-28,21:00,23:00,commodity-v1
DCE,J,2023-10-09,2023-10-09,none,none,commodity-v1
DCE,J,2023-10-10,2023-12-29,21:00,23:00,commodity-v1
DCE,J,2024-01-02,2024-01-02,none,none,commodity-v1
DCE,J,2024-01-03,2024-02-08,21:00,23:00,commodity-v1
DCE,J,2024-02-19,2024-02-19,none,none,commodity-v1
DCE,J,2024-02-20,2024-04-03,21:00,23:00,commodity-v1
DCE,J,2024-04-08,2024-04-08,none,none,commodity-v1
DCE,J,2024-04-09,2024-04-30,21:00,23:00,commodity-v1
DCE,J,2024-05-06,2024-05-06,none,none,commodity-v1
DCE,J,2024-05-07,2024-06-07,21:00,23:00,commodity-v1
DCE,J,2024-06-11,2024-06-11,none,none,commodity-v1
DCE,J,2024-06-12,2024-09-13,21:00,23:00,commodity-v1
DCE,J,2024-09-18,2024-09-18,none,none,commodity-v1
DCE,J,2024-09-19,2024-09-30,21:00,23:00,commodity-v1
DCE,J,2024-10-08,2024-10-08,none,none,commodity-v1
DCE,J,2024-10-09,2024-11-29,21:00,23:00,commodity-v1
DCE,J,2025-08-14,2025-09-30,21:00,23:00,commodity-v1
DCE,J,2025-10-09,2025-10-09,none,none,commodity-v1
DCE,J,2025-10-10,2025-12-31,21:00,23:00,commodity-v1
DCE,J,2026-01-05,2026-01-05,none,none,commodity-v1
DCE,J,2026-01-06,2026-01-22,21:00,23:00,commodity-v1
DCE,JD,2014-05-08,2015-07-08,none,none,commodity-v1
DCE,JD,2015-08-04,2015-08-19,none,none,commodity-v1
DCE,JD,2015-09-15,2015-09-18,none,none,commodity-v1
DCE,JD,2016-04-15,2022-05-06,none,none,commodity-v1
DCE,JD,2023-07-06,2026-01-30,none,none,commodity-v1
DCE,JM,2013-09-18,2014-12-26,none,none,commodity-v1
DCE,JM,2014-12-29,2014-12-31,21:00,02:30,commodity-v1
DCE,JM,2015-01-05,2015-01-05,none,none,commodity-v1
DCE,JM,2015-01-06,2015-02-17,21:00,02:30,commodity-v1
DCE,JM,2015-02-25,2015-02-25,none,none,commodity-v1
DCE,JM,2015-02-26,2015-04-03,21:00,02:30,commodity-v1
DCE,JM,2015-04-07,2015-04-07,none,none,commodity-v1
DCE,JM,2015-04-08,2015-04-30,21:00,02:30,commodity-v1
DCE,JM,2015-05-04,2015-05-04,none,none,commodity-v1
DCE,JM,2015-05-05,2015-05-08,21:00,02:30,commodity-v1
DCE,JM,2015-05-11,2015-06-19,21:00,23:30,commodity-v1
DCE,JM,2015-06-23,2015-06-23,none,none,commodity-v1
DCE,JM,2015-06-24,2015-09-02,21:00,23:30,commodity-v1
DCE,JM,2015-09-07,2015-09-07,none,none,commodity-v1
DCE,JM,2015-09-08,2015-09-25,21:00,23:30,commodity-v1
DCE,JM,2015-09-28,2015-09-28,none,none,commodity-v1
DCE,JM,2015-09-29,2015-09-30,21:00,23:30,commodity-v1
DCE,JM,2015-10-08,2015-10-08,none,none,commodity-v1
DCE,JM,2015-10-09,2015-10-27,21:00,23:30,commodity-v1
DCE,JM,2016-02-25,2016-04-01,21:00,23:30,commodity-v1
DCE,JM,2016-04-05,2016-04-05,none,none,commodity-v1
DCE,JM,2016-04-06,2016-04-29,21:00,23:30,commodity-v1
DCE,JM,2016-05-03,2016-05-03,none,none,commodity-v1
DCE,JM,2016-05-04,2016-06-08,21:00,23:30,commodity-v1
DCE,JM,2016-06-13,2016-06-13,none,none,commodity-v1
DCE,JM,2016-06-14,2016-09-14,21:00,23:30,commodity-v1
DCE,JM,2016-09-19,2016-09-19,none,none,commodity-v1
DCE,JM,2016-09-20,2016-09-30,21:00,23:30,commodity-v1
DCE,JM,2016-10-10,2016-10-10,none,none,commodity-v1
DCE,JM,2016-10-11,2016-12-30,21:00,23:30,commodity-v1
DCE,JM,2017-01-03,2017-01-03,none,none,commodity-v1
DCE,JM,2017-01-04,2017-01-26,21:00,23:30,commodity-v1
DCE,JM,2017-02-03,2017-02-03,none,none,commodity-v1
DCE,JM,2017-02-06,2017-03-30,21:00,23:30,commodity-v1
DCE,JM,2017-03-31,2017-04-05,none,none,commodity-v1
DCE,JM,2017-04-06,2017-04-28,21:00,23:30,commodity-v1
DCE,JM,2017-05-02,2017-05-02,none,none,commodity-v1
DCE,JM,2017-05-03,2017-05-26,21:00,23:30,commodity-v1
DCE,JM,2017-05-31,2017-05-31,none,none,commodity-v1
DCE,JM,2017-06-01,2017-09-29,21:00,23:30,commodity-v1
DCE,JM,2017-10-09,2017-10-09,none,none,commodity-v1
DCE,JM,2017-10-10,2017-12-29,21:00,23:30,commodity-v1
DCE,JM,2018-01-02,2018-01-02,none,none,commodity-v1
DCE,JM,2018-01-03,2018-02-14,21:00,23:30,commodity-v1
DCE,JM,2018-02-22,2018-02-22,none,none,commodity-v1
DCE,JM,2018-02-23,2018-04-04,21:00,23:30,commodity-v1
DCE,JM,2018-04-09,2018-04-09,none,none,commodity-v1
DCE,JM,2018-04-10,2018-04-27,21:00,23:30,commodity-v1
DCE,JM,2018-05-02,2018-05-02,none,none,commodity-v1
DCE,JM,2018-05-03,2018-06-15,21:00,23:30,commodity-v1
DCE,JM,2018-06-19,2018-06-19,none,none,commodity-v1
DCE,JM,2018-06-20,2018-09-21,21:00,23:30,commodity-v1
DCE,JM,2018-09-25,2018-09-25,none,none,commodity-v1
DCE,JM,2018-09-26,2018-09-28,21:00,23:30,commodity-v1
DCE,JM,2018-10-08,2018-10-08,none,none,commodity-v1
DCE,JM,2018-10-09,2018-12-28,21:00,23:30,commodity-v1
DCE,JM,2019-01-02,2019-01-02,none,none,commodity-v1
DCE,JM,2019-01-03,2019-02-01,21:00,23:30,commodity-v1
DCE,JM,2019-02-11,2019-02-11,none,none,commodity-v1
DCE,JM,2019-02-12,2019-03-29,21:00,23:30,commodity-v1
DCE,JM,2019-04-01,2019-04-04,21:00,23:00,commodity-v1
DCE,JM,2019-04-08,2019-04-08,none,none,commodity-v1
DCE,JM,2019-04-09,2019-04-30,21:00,23:00,commodity-v1
DCE,JM,2019-05-06,2019-05-06,none,none,commodity-v1
DCE,JM,2019-05-07,2019-06-06,21:00,23:00,commodity-v1
DCE,JM,2019-06-10,2019-06-10,none,none,commodity-v1
DCE,JM,2019-06-11,2019-09-12,21:00,23:00,commodity-v1
DCE,JM,2019-09-16,2019-09-16,none,none,commodity-v1
DCE,JM,2019-09-17,2019-09-30,21:00,23:00,commodity-v1
DCE,JM,2019-10-08,2019-10-08,none,none,commodity-v1
DCE,JM,2019-10-09,2019-12-25,21:00,23:00,commodity-v1
DCE,JM,2019-12-26,2019-12-26,22:30,23:00,commodity-v1
DCE,JM,2019-12-27,2019-12-31,21:00,23:00,commodity-v1
DCE,JM,2020-01-02,2020-01-02,none,none,commodity-v1
DCE,JM,2020-01-03,2020-01-23,21:00,23:00,commodity-v1
DCE,JM,2020-02-03,2020-05-06,none,none,commodity-v1
DCE,JM,2020-05-07,2020-06-24,21:00,23:00,commodity-v1
DCE,JM,2020-06-29,2020-06-29,none,none,commodity-v1
DCE,JM,2020-06-30,2020-09-30,21:00,23:00,commodity-v1
DCE,JM,2020-10-09,2020-10-09,none,none,commodity-v1
DCE,JM,2020-10-12,2020-12-31,21:00,23:00,commodity-v1
DCE,JM,2021-01-04,2021-01-04,none,none,commodity-v1
DCE,JM,2021-01-05,2021-02-10,21:00,23:00,commodity-v1
DCE,JM,2021-02-18,2021-02-18,none,none,commodity-v1
DCE,JM,2021-02-19,2021-04-02,21:00,23:00,commodity-v1
DCE,JM,2021-04-06,2021-04-06,none,none,commodity-v1
DCE,JM,2021-04-07,2021-04-30,21:00,23:00,commodity-v1
DCE,JM,2021-05-06,2021-05-06,none,none,commodity-v1
DCE,JM,2021-05-07,2021-06-11,21:00,23:00,commodity-v1
DCE,JM,2021-06-15,2021-06-15,none,none,commodity-v1
DCE,JM,2021-06-16,2021-09-17,21:00,23:00,commodity-v1
DCE,JM,2021-09-22,2021-09-22,none,none,commodity-v1
DCE,JM,2021-09-23,2021-09-30,21:00,23:00,commodity-v1
DCE,JM,2021-10-08,2021-10-08,none,none,commodity-v1
DCE,JM,2021-10-11,2021-12-31,21:00,23:00,commodity-v1
DCE,JM,2022-01-04,2022-01-04,none,none,commodity-v1
DCE,JM,2022-01-05,2022-01-28,21:00,23:00,commodity-v1
DCE,JM,2022-02-07,2022-02-07,none,none,commodity-v1
DCE,JM,2022-02-08,2022-04-01,21:00,23:00,commodity-v1
DCE,JM,2022-04-06,2022-04-06,none,none,commodity-v1
DCE,JM,2022-04-07,2022-04-29,21:00,23:00,commodity-v1
DCE,JM,2022-05-05,2022-05-05,none,none,commodity-v1
DCE,JM,2022-05-06,2022-06-02,21:00,23:00,commodity-v1
DCE,JM,2022-06-06,2022-06-06,none,none,commodity-v1
DCE,JM,2022-06-07,2022-09-09,21:00,23:00,commodity-v1
DCE,JM,2022-09-13,2022-09-13,none,none,commodity-v1
DCE,JM,2022-09-14,2022-09-30,21:00,23:00,commodity-v1
DCE,JM,2022-10-10,2022-10-10,none,none,commodity-v1
DCE,JM,2022-10-11,2022-12-30,21:00,23:00,commodity-v1
DCE,JM,2023-01-03,2023-01-03,none,none,commodity-v1
DCE,JM,2023-01-04,2023-01-20,21:00,23:00,commodity-v1
DCE,JM,2023-01-30,2023-01-30,none,none,commodity-v1
DCE,JM,2023-01-31,2023-04-04,21:00,23:00,commodity-v1
DCE,JM,2023-04-06,2023-04-06,none,none,commodity-v1
DCE,JM,2023-04-07,2023-04-28,21:00,23:00,commodity-v1
DCE,JM,2023-05-04,2023-05-04,none,none,commodity-v1
DCE,JM,2023-05-05,2023-06-21,21:00,23:00,commodity-v1
DCE,JM,2023-06-26,2023-06-26,none,none,commodity-v1
DCE,JM,2023-06-27,2023-09-28,21:00,23:00,commodity-v1
DCE,JM,2023-10-09,2023-10-09,none,none,commodity-v1
DCE,JM,2023-10-10,2023-12-29,21:00,23:00,commodity-v1
DCE,JM,2024-01-02,2024-01-02,none,none,commodity-v1
DCE,JM,2024-01-03,2024-02-08,21:00,23:00,commodity-v1
DCE,JM,2024-02-19,2024-02-19,none,none,commodity-v1
DCE,JM,2024-02-20,2024-04-03,21:00,23:00,commodity-v1
DCE,JM,2024-04-08,2024-04-08,none,none,commodity-v1
DCE,JM,2024-04-09,2024-04-30,21:00,23:00,commodity-v1
DCE,JM,2024-05-06,2024-05-06,none,none,commodity-v1
DCE,JM,2024-05-07,2024-06-07,21:00,23:00,commodity-v1
DCE,JM,2024-06-11,2024-06-11,none,none,commodity-v1
DCE,JM,2024-06-12,2024-09-13,21:00,23:00,commodity-v1
DCE,JM,2024-09-18,2024-09-18,none,none,commodity-v1
DCE,JM,2024-09-19,2024-09-30,21:00,23:00,commodity-v1
DCE,JM,2024-10-08,2024-10-08,none,none,commodity-v1
DCE,JM,2024-10-09,2024-12-31,21:00,23:00,commodity-v1
DCE,JM,2025-01-02,2025-01-02,none,none,commodity-v1
DCE,JM,2025-01-03,2025-01-27,21:00,23:00,commodity-v1
DCE,JM,2025-02-05,2025-02-05,none,none,commodity-v1
DCE,JM,2025-02-06,2025-04-03,21:00,23:00,commodity-v1
DCE,JM,2025-04-07,2025-04-07,none,none,commodity-v1
DCE,JM,2025-04-08,2025-04-30,21:00,23:00,commodity-v1
DCE,JM,2025-05-06,2025-05-06,none,none,commodity-v1
DCE,JM,2025-05-07,2025-05-30,21:00,23:00,commodity-v1
DCE,JM,2025-06-03,2025-06-03,none,none,commodity-v1
DCE,JM,2025-06-04,2025-09-30,21:00,23:00,commodity-v1
DCE,JM,2025-10-09,2025-10-09,none,none,commodity-v1
DCE,JM,2025-10-10,2025-12-31,21:00,23:00,commodity-v1
DCE,JM,2026-01-05,2026-01-05,none,none,commodity-v1
DCE,JM,2026-01-06,2026-01-30,21:00,23:00,commodity-v1
DCE,L,2011-01-04,2019-03-29,none,none,commodity-v1
DCE,L,2019-04-01,2019-04-04,21:00,23:00,commodity-v1
DCE,L,2019-04-08,2019-04-08,none,none,commodity-v1
DCE,L,2019-04-09,2019-04-30,21:00,23:00,commodity-v1
DCE,L,2019-05-06,2019-05-06,none,none,commodity-v1
DCE,L,2019-05-07,2019-06-06,21:00,23:00,commodity-v1
DCE,L,2019-06-10,2019-06-10,none,none,commodity-v1
DCE,L,2019-06-11,2019-09-12,21:00,23:00,commodity-v1
DCE,L,2019-09-16,2019-09-16,none,none,commodity-v1
DCE,L,2019-09-17,2019-09-30,21:00,23:00,commodity-v1
DCE,L,2019-10-08,2019-10-08,none,none,commodity-v1
DCE,L,2019-10-09,2019-12-25,21:00,23:00,commodity-v1
DCE,L,2019-12-26,2019-12-26,22:30,23:00,commodity-v1
DCE,L,2019-12-27,2019-12-31,21:00,23:00,commodity-v1
DCE,L,2020-01-02,2020-01-02,none,none,commodity-v1
DCE,L,2020-01-03,2020-01-23,21:00,23:00,commodity-v1
DCE,L,2020-02-03,2020-05-06,none,none,commodity-v1
DCE,L,2020-05-07,2020-06-24,21:00,23:00,commodity-v1
DCE,L,2020-06-29,2020-06-29,none,none,commodity-v1
DCE,L,2020-06-30,2020-09-30,21:00,23:00,commodity-v1
DCE,L,2020-10-09,2020-10-09,none,none,commodity-v1
DCE,L,2020-10-12,2020-12-31,21:00,23:00,commodity-v1
DCE,L,2021-01-04,2021-01-04,none,none,commodity-v1
DCE,L,2021-01-05,2021-02-10,21:00,23:00,commodity-v1
DCE,L,2021-02-18,2021-02-18,none,none,commodity-v1
DCE,L,2021-02-19,2021-04-02,21:00,23:00,commodity-v1
DCE,L,2021-04-06,2021-04-06,none,none,commodity-v1
DCE,L,2021-04-07,2021-04-30,21:00,23:00,commodity-v1
DCE,L,2021-05-06,2021-05-06,none,none,commodity-v1
DCE,L,2021-05-07,2021-06-11,21:00,23:00,commodity-v1
DCE,L,2021-06-15,2021-06-15,none,none,commodity-v1
DCE,L,2021-06-16,2021-09-17,21:00,23:00,commodity-v1
DCE,L,2021-09-22,2021-09-22,none,none,commodity-v1
DCE,L,2021-09-23,2021-09-30,21:00,23:00,commodity-v1
DCE,L,2021-10-08,2021-10-08,none,none,commodity-v1
DCE,L,2021-10-11,2021-12-31,21:00,23:00,commodity-v1
DCE,L,2022-01-04,2022-01-04,none,none,commodity-v1
DCE,L,2022-01-05,2022-01-28,21:00,23:00,commodity-v1
DCE,L,2022-02-07,2022-02-07,none,none,commodity-v1
DCE,L,2022-02-08,2022-04-01,21:00,23:00,commodity-v1
DCE,L,2022-04-06,2022-04-06,none,none,commodity-v1
DCE,L,2022-04-07,2022-04-29,21:00,23:00,commodity-v1
DCE,L,2022-05-05,2022-05-05,none,none,commodity-v1
DCE,L,2022-05-06,2022-06-02,21:00,23:00,commodity-v1
DCE,L,2022-06-06,2022-06-06,none,none,commodity-v1
DCE,L,2022-06-07,2022-09-09,21:00,23:00,commodity-v1
DCE,L,2022-09-13,2022-09-13,none,none,commodity-v1
DCE,L,2022-09-14,2022-09-30,21:00,23:00,commodity-v1
DCE,L,2022-10-10,2022-10-10,none,none,commodity-v1
DCE,L,2022-10-11,2022-12-30,21:00,23:00,commodity-v1
DCE,L,2023-01-03,2023-01-03,none,none,commodity-v1
DCE,L,2023-01-04,2023-01-20,21:00,23:00,commodity-v1
DCE,L,2023-01-30,2023-01-30,none,none,commodity-v1
DCE,L,2023-01-31,2023-04-04,21:00,23:00,commodity-v1
DCE,L,2023-04-06,2023-04-06,none,none,commodity-v1
DCE,L,2023-04-07,2023-04-28,21:00,23:00,commodity-v1
DCE,L,2023-05-04,2023-05-04,none,none,commodity-v1
DCE,L,2023-05-05,2023-06-21,21:00,23:00,commodity-v1
DCE,L,2023-06-26,2023-06-26,none,none,commodity-v1
DCE,L,2023-06-27,2023-09-28,21:00,23:00,commodity-v1
DCE,L,2023-10-09,2023-10-09,none,none,commodity-v1
DCE,L,2023-10-10,2023-12-29,21:00,23:00,commodity-v1
DCE,L,2024-01-02,2024-01-02,none,none,commodity-v1
DCE,L,2024-01-03,2024-02-08,21:00,23:00,commodity-v1
DCE,L,2024-02-19,2024-02-19,none,none,commodity-v1
DCE,L,2024-02-20,2024-04-03,21:00,23:00,commodity-v1
DCE,L,2024-04-08,2024-04-08,none,none,commodity-v1
DCE,L,2024-04-09,2024-04-30,21:00,23:00,commodity-v1
DCE,L,2024-05-06,2024-05-06,none,none,commodity-v1
DCE,L,2024-05-07,2024-06-07,21:00,23:00,commodity-v1
DCE,L,2024-06-11,2024-06-11,none,none,commodity-v1
DCE,L,2024-06-12,2024-09-13,21:00,23:00,commodity-v1
DCE,L,2024-09-18,2024-09-18,none,none,commodity-v1
DCE,L,2024-09-19,2024-09-30,21:00,23:00,commodity-v1
DCE,L,2024-10-08,2024-10-08,none,none,commodity-v1
DCE,L,2024-10-09,2024-12-31,21:00,23:00,commodity-v1
DCE,L,2025-01-02,2025-01-02,none,none,commodity-v1
DCE,L,2025-01-03,2025-01-27,21:00,23:00,commodity-v1
DCE,L,2025-02-05,2025-02-05,none,none,commodity-v1
DCE,L,2025-02-06,2025-04-03,21:00,23:00,commodity-v1
DCE,L,2025-04-07,2025-04-07,none,none,commodity-v1
DCE,L,2025-04-08,2025-04-30,21:00,23:00,commodity-v1
DCE,L,2025-05-06,2025-05-06,none,none,commodity-v1
DCE,L,2025-05-07,2025-05-30,21:00,23:00,commodity-v1
DCE,L,2025-06-03,2025-06-03,none,none,commodity-v1
DCE,L,2025-06-04,2025-09-30,21:00,23:00,commodity-v1
DCE,L,2025-10-09,2025-10-09,none,none,commodity-v1
DCE,L,2025-10-10,2025-12-31,21:00,23:00,commodity-v1
DCE,L,2026-01-05,2026-01-05,none,none,commodity-v1
DCE,L,2026-01-06,2026-01-30,21:00,23:00,commodity-v1
DCE,LH,2021-07-09,2021-07-13,none,none,commodity-v1
DCE,LH,2021-08-27,2026-01-30,none,none,commodity-v1
DCE,M,2011-01-04,2014-12-26,none,none,commodity-v1
DCE,M,2014-12-29,2014-12-31,21:00,02:30,commodity-v1
DCE,M,2015-01-05,2015-01-05,none,none,commodity-v1
DCE,M,2015-01-06,2015-02-17,21:00,02:30,commodity-v1
DCE,M,2015-02-25,2015-02-25,none,none,commodity-v1
DCE,M,2015-02-26,2015-04-03,21:00,02:30,commodity-v1
DCE,M,2015-04-07,2015-04-07,none,none,commodity-v1
DCE,M,2015-04-08,2015-04-30,21:00,02:30,commodity-v1
DCE,M,2015-05-04,2015-05-04,none,none,commodity-v1
DCE,M,2015-05-05,2015-05-08,21:00,02:30,commodity-v1
DCE,M,2015-05-11,2015-06-19,21:00,23:30,commodity-v1
DCE,M,2015-06-23,2015-06-23,none,none,commodity-v1
DCE,M,2015-06-24,2015-09-02,21:00,23:30,commodity-v1
DCE,M,2015-09-07,2015-09-07,none,none,commodity-v1
DCE,M,2015-09-08,2015-09-25,21:00,23:30,commodity-v1
DCE,M,2015-09-28,2015-09-28,none,none,commodity-v1
DCE,M,2015-09-29,2015-09-30,21:00,23:30,commodity-v1
DCE,M,2015-10-08,2015-10-08,none,none,commodity-v1
DCE,M,2015-10-09,2015-12-31,21:00,23:30,commodity-v1
DCE,M,2016-01-04,2016-01-04,none,none,commodity-v1
DCE,M,2016-01-05,2016-02-05,21:00,23:30,commodity-v1
DCE,M,2016-02-15,2016-02-15,none,none,commodity-v1
DCE,M,2016-02-16,2016-04-01,21:00,23:30,commodity-v1
DCE,M,2016-04-05,2016-04-05,none,none,commodity-v1
DCE,M,2016-04-06,2016-04-29,21:00,23:30,commodity-v1
DCE,M,2016-05-03,2016-05-03,none,none,commodity-v1
DCE,M,2016-05-04,2016-06-08,21:00,23:30,commodity-v1
DCE,M,2016-06-13,2016-06-13,none,none,commodity-v1
DCE,M,2016-06-14,2016-09-14,21:00,23:30,commodity-v1
DCE,M,2016-09-19,2016-09-19,none,none,commodity-v1
DCE,M,2016-09-20,2016-09-30,21:00,23:30,commodity-v1
DCE,M,2016-10-10,2016-10-10,none,none,commodity-v1
DCE,M,2016-10-11,2016-12-30,21:00,23:30,commodity-v1
DCE,M,2017-01-03,2017-01-03,none,none,commodity-v1
DCE,M,2017-01-04,2017-01-26,21:00,23:30,commodity-v1
DCE,M,2017-02-03,2017-02-03,none,none,commodity-v1
DCE,M,2017-02-06,2017-03-30,21:00,23:30,commodity-v1
DCE,M,2017-03-31,2017-04-05,none,none,commodity-v1
DCE,M,2017-04-06,2017-04-28,21:00,23:30,commodity-v1
DCE,M,2017-05-02,2017-05-02,none,none,commodity-v1
DCE,M,2017-05-03,2017-05-26,21:00,23:30,commodity-v1
DCE,M,2017-05-31,2017-05-31,none,none,commodity-v1
DCE,M,2017-06-01,2017-09-29,21:00,23:30,commodity-v1
DCE,M,2017-10-09,2017-10-09,none,none,commodity-v1
DCE,M,2017-10-10,2017-12-29,21:00,23:30,commodity-v1
DCE,M,2018-01-02,2018-01-02,none,none,commodity-v1
DCE,M,2018-01-03,2018-02-14,21:00,23:30,commodity-v1
DCE,M,2018-02-22,2018-02-22,none,none,commodity-v1
DCE,M,2018-02-23,2018-04-04,21:00,23:30,commodity-v1
DCE,M,2018-04-09,2018-04-09,none,none,commodity-v1
DCE,M,2018-04-10,2018-04-27,21:00,23:30,commodity-v1
DCE,M,2018-05-02,2018-05-02,none,none,commodity-v1
DCE,M,2018-05-03,2018-06-15,21:00,23:30,commodity-v1
DCE,M,2018-06-19,2018-06-19,none,none,commodity-v1
DCE,M,2018-06-20,2018-09-21,21:00,23:30,commodity-v1
DCE,M,2018-09-25,2018-09-25,none,none,commodity-v1
DCE,M,2018-09-26,2018-09-28,21:00,23:30,commodity-v1
DCE,M,2018-10-08,2018-10-08,none,none,commodity-v1
DCE,M,2018-10-09,2018-12-28,21:00,23:30,commodity-v1
DCE,M,2019-01-02,2019-01-02,none,none,commodity-v1
DCE,M,2019-01-03,2019-02-01,21:00,23:30,commodity-v1
DCE,M,2019-02-11,2019-02-11,none,none,commodity-v1
DCE,M,2019-02-12,2019-03-29,21:00,23:30,commodity-v1
DCE,M,2019-04-01,2019-04-04,21:00,23:00,commodity-v1
DCE,M,2019-04-08,2019-04-08,none,none,commodity-v1
DCE,M,2019-04-09,2019-04-30,21:00,23:00,commodity-v1
DCE,M,2019-05-06,2019-05-06,none,none,commodity-v1
DCE,M,2019-05-07,2019-06-06,21:00,23:00,commodity-v1
DCE,M,2019-06-10,2019-06-10,none,none,commodity-v1
DCE,M,2019-06-11,2019-09-12,21:00,23:00,commodity-v1
DCE,M,2019-09-16,2019-09-16,none,none,commodity-v1
DCE,M,2019-09-17,2019-09-30,21:00,23:00,commodity-v1
DCE,M,2019-10-08,2019-10-08,none,none,commodity-v1
DCE,M,2019-10-09,2019-12-25,21:00,23:00,commodity-v1
DCE,M,2019-12-26,2019-12-26,22:30,23:00,commodity-v1
DCE,M,2019-12-27,2019-12-31,21:00,23:00,commodity-v1
DCE,M,2020-01-02,2020-01-02,none,none,commodity-v1
DCE,M,2020-01-03,2020-01-23,21:00,23:00,commodity-v1
DCE,M,2020-02-03,2020-05-06,none,none,commodity-v1
DCE,M,2020-05-07,2020-06-24,21:00,23:00,commodity-v1
DCE,M,2020-06-29,2020-06-29,none,none,commodity-v1
DCE,M,2020-06-30,2020-09-30,21:00,23:00,commodity-v1
DCE,M,2020-10-09,2020-10-09,none,none,commodity-v1
DCE,M,2020-10-12,2020-12-31,21:00,23:00,commodity-v1
DCE,M,2021-01-04,2021-01-04,none,none,commodity-v1
DCE,M,2021-01-05,2021-02-10,21:00,23:00,commodity-v1
DCE,M,2021-02-18,2021-02-18,none,none,commodity-v1
DCE,M,2021-02-19,2021-04-02,21:00,23:00,commodity-v1
DCE,M,2021-04-06,2021-04-06,none,none,commodity-v1
DCE,M,2021-04-07,2021-04-30,21:00,23:00,commodity-v1
DCE,M,2021-05-06,2021-05-06,none,none,commodity-v1
DCE,M,2021-05-07,2021-06-11,21:00,23:00,commodity-v1
DCE,M,2021-06-15,2021-06-15,none,none,commodity-v1
DCE,M,2021-06-16,2021-09-17,21:00,23:00,commodity-v1
DCE,M,2021-09-22,2021-09-22,none,none,commodity-v1
DCE,M,2021-09-23,2021-09-30,21:00,23:00,commodity-v1
DCE,M,2021-10-08,2021-10-08,none,none,commodity-v1
DCE,M,2021-10-11,2021-12-31,21:00,23:00,commodity-v1
DCE,M,2022-01-04,2022-01-04,none,none,commodity-v1
DCE,M,2022-01-05,2022-01-28,21:00,23:00,commodity-v1
DCE,M,2022-02-07,2022-02-07,none,none,commodity-v1
DCE,M,2022-02-08,2022-04-01,21:00,23:00,commodity-v1
DCE,M,2022-04-06,2022-04-06,none,none,commodity-v1
DCE,M,2022-04-07,2022-04-29,21:00,23:00,commodity-v1
DCE,M,2022-05-05,2022-05-05,none,none,commodity-v1
DCE,M,2022-05-06,2022-06-02,21:00,23:00,commodity-v1
DCE,M,2022-06-06,2022-06-06,none,none,commodity-v1
DCE,M,2022-06-07,2022-09-09,21:00,23:00,commodity-v1
DCE,M,2022-09-13,2022-09-13,none,none,commodity-v1
DCE,M,2022-09-14,2022-09-30,21:00,23:00,commodity-v1
DCE,M,2022-10-10,2022-10-10,none,none,commodity-v1
DCE,M,2022-10-11,2022-12-30,21:00,23:00,commodity-v1
DCE,M,2023-01-03,2023-01-03,none,none,commodity-v1
DCE,M,2023-01-04,2023-01-20,21:00,23:00,commodity-v1
DCE,M,2023-01-30,2023-01-30,none,none,commodity-v1
DCE,M,2023-01-31,2023-04-04,21:00,23:00,commodity-v1
DCE,M,2023-04-06,2023-04-06,none,none,commodity-v1
DCE,M,2023-04-07,2023-04-28,21:00,23:00,commodity-v1
DCE,M,2023-05-04,2023-05-04,none,none,commodity-v1
DCE,M,2023-05-05,2023-06-21,21:00,23:00,commodity-v1
DCE,M,2023-06-26,2023-06-26,none,none,commodity-v1
DCE,M,2023-06-27,2023-09-28,21:00,23:00,commodity-v1
DCE,M,2023-10-09,2023-10-09,none,none,commodity-v1
DCE,M,2023-10-10,2023-12-29,21:00,23:00,commodity-v1
DCE,M,2024-01-02,2024-01-02,none,none,commodity-v1
DCE,M,2024-01-03,2024-02-08,21:00,23:00,commodity-v1
DCE,M,2024-02-19,2024-02-19,none,none,commodity-v1
DCE,M,2024-02-20,2024-04-03,21:00,23:00,commodity-v1
DCE,M,2024-04-08,2024-04-08,none,none,commodity-v1
DCE,M,2024-04-09,2024-04-30,21:00,23:00,commodity-v1
DCE,M,2024-05-06,2024-05-06,none,none,commodity-v1
DCE,M,2024-05-07,2024-06-07,21:00,23:00,commodity-v1
DCE,M,2024-06-11,2024-06-11,none,none,commodity-v1
DCE,M,2024-06-12,2024-09-13,21:00,23:00,commodity-v1
DCE,M,2024-09-18,2024-09-18,none,none,commodity-v1
DCE,M,2024-09-19,2024-09-30,21:00,23:00,commodity-v1
DCE,M,2024-10-08,2024-10-08,none,none,commodity-v1
DCE,M,2024-10-09,2024-12-31,21:00,23:00,commodity-v1
DCE,M,2025-01-02,2025-01-02,none,none,commodity-v1
DCE,M,2025-01-03,2025-01-27,21:00,23:00,commodity-v1
DCE,M,2025-02-05,2025-02-05,none,none,commodity-v1
DCE,M,2025-02-06,2025-04-03,21:00,23:00,commodity-v1
DCE,M,2025-04-07,2025-04-07,none,none,commodity-v1
DCE,M,2025-04-08,2025-04-30,21:00,23:00,commodity-v1
DCE,M,2025-05-06,2025-05-06,none,none,commodity-v1
DCE,M,2025-05-07,2025-05-30,21:00,23:00,commodity-v1
DCE,M,2025-06-03,2025-06-03,none,none,commodity-v1
DCE,M,2025-06-04,2025-09-30,21:00,23:00,commodity-v1
DCE,M,2025-10-09,2025-10-09,none,none,commodity-v1
DCE,M,2025-10-10,2025-12-31,21:00,23:00,commodity-v1
DCE,M,2026-01-05,2026-01-05,none,none,commodity-v1
DCE,M,2026-01-06,2026-01-30,21:00,23:00,commodity-v1
DCE,P,2011-01-04,2014-07-04,none,none,commodity-v1
DCE,P,2014-07-07,2014-09-05,21:00,02:30,commodity-v1
DCE,P,2014-09-09,2014-09-09,none,none,commodity-v1
DCE,P,2014-09-10,2014-09-30,21:00,02:30,commodity-v1
DCE,P,2014-10-08,2014-10-08,none,none,commodity-v1
DCE,P,2014-10-09,2014-12-31,21:00,02:30,commodity-v1
DCE,P,2015-01-05,2015-01-05,none,none,commodity-v1
DCE,P,2015-01-06,2015-02-17,21:00,02:30,commodity-v1
DCE,P,2015-02-25,2015-02-25,none,none,commodity-v1
DCE,P,2015-02-26,2015-04-03,21:00,02:30,commodity-v1
DCE,P,2015-04-07,2015-04-07,none,none,commodity-v1
DCE,P,2015-04-08,2015-04-30,21:00,02:30,commodity-v1
DCE,P,2015-05-04,2015-05-04,none,none,commodity-v1
DCE,P,2015-05-05,2015-05-08,21:00,02:30,commodity-v1
DCE,P,2015-05-11,2015-06-19,21:00,23:30,commodity-v1
DCE,P,2015-06-23,2015-06-23,none,none,commodity-v1
DCE,P,2015-06-24,2015-09-02,21:00,23:30,commodity-v1
DCE,P,2015-09-07,2015-09-07,none,none,commodity-v1
DCE,P,2015-09-08,2015-09-25,21:00,23:30,commodity-v1
DCE,P,2015-09-28,2015-09-28,none,none,commodity-v1
DCE,P,2015-09-29,2015-09-30,21:00,23:30,commodity-v1
DCE,P,2015-10-08,2015-10-08,none,none,commodity-v1
DCE,P,2015-10-09,2015-12-31,21:00,23:30,commodity-v1
DCE,P,2016-01-04,2016-01-04,none,none,commodity-v1
DCE,P,2016-01-05,2016-02-05,21:00,23:30,commodity-v1
DCE,P,2016-02-15,2016-02-15,none,none,commodity-v1
DCE,P,2016-02-16,2016-04-01,21:00,23:30,commodity-v1
DCE,P,2016-04-05,2016-04-05,none,none,commodity-v1
DCE,P,2016-04-06,2016-04-29,21:00,23:30,commodity-v1
DCE,P,2016-05-03,2016-05-03,none,none,commodity-v1
DCE,P,2016-05-04,2016-06-08,21:00,23:30,commodity-v1
DCE,P,2016-06-13,2016-06-13,none,none,commodity-v1
DCE,P,2016-06-14,2016-09-14,21:00,23:30,commodity-v1
DCE,P,2016-09-19,2016-09-19,none,none,commodity-v1
DCE,P,2016-09-20,2016-09-30,21:00,23:30,commodity-v1
DCE,P,2016-10-10,2016-10-10,none,none,commodity-v1
DCE,P,2016-10-11,2016-12-30,21:00,23:30,commodity-v1
DCE,P,2017-01-03,2017-01-03,none,none,commodity-v1
DCE,P,2017-01-04,2017-01-26,21:00,23:30,commodity-v1
DCE,P,2017-02-03,2017-02-03,none,none,commodity-v1
DCE,P,2017-02-06,2017-03-30,21:00,23:30,commodity-v1
DCE,P,2017-03-31,2017-04-05,none,none,commodity-v1
DCE,P,2017-04-06,2017-04-28,21:00,23:30,commodity-v1
DCE,P,2017-05-02,2017-05-02,none,none,commodity-v1
DCE,P,2017-05-03,2017-05-26,21:00,23:30,commodity-v1
DCE,P,2017-05-31,2017-05-31,none,none,commodity-v1
DCE,P,2017-06-01,2017-09-29,21:00,23:30,commodity-v1
DCE,P,2017-10-09,2017-10-09,none,none,commodity-v1
DCE,P,2017-10-10,2017-12-29,21:00,23:30,commodity-v1
DCE,P,2018-01-02,2018-01-02,none,none,commodity-v1
DCE,P,2018-01-03,2018-02-14,21:00,23:30,commodity-v1
DCE,P,2018-02-22,2018-02-22,none,none,commodity-v1
DCE,P,2018-02-23,2018-04-04,21:00,23:30,commodity-v1
DCE,P,2018-04-09,2018-04-09,none,none,commodity-v1
DCE,P,2018-04-10,2018-04-27,21:00,23:30,commodity-v1
DCE,P,2018-05-02,2018-05-02,none,none,commodity-v1
DCE,P,2018-05-03,2018-06-15,21:00,23:30,commodity-v1
DCE,P,2018-06-19,2018-06-19,none,none,commodity-v1
DCE,P,2018-06-20,2018-09-21,21:00,23:30,commodity-v1
DCE,P,2018-09-25,2018-09-25,none,none,commodity-v1
DCE,P,2018-09-26,2018-09-28,21:00,23:30,commodity-v1
DCE,P,2018-10-08,2018-10-08,none,none,commodity-v1
DCE,P,2018-10-09,2018-12-28,21:00,23:30,commodity-v1
DCE,P,2019-01-02,2019-01-02,none,none,commodity-v1
DCE,P,2019-01-03,2019-02-01,21:00,23:30,commodity-v1
DCE,P,2019-02-11,2019-02-11,none,none,commodity-v1
DCE,P,2019-02-12,2019-03-29,21:00,23:30,commodity-v1
DCE,P,2019-04-01,2019-04-04,21:00,23:00,commodity-v1
DCE,P,2019-04-08,2019-04-08,none,none,commodity-v1
DCE,P,2019-04-09,2019-04-30,21:00,23:00,commodity-v1
DCE,P,2019-05-06,2019-05-06,none,none,commodity-v1
DCE,P,2019-05-07,2019-06-06,21:00,23:00,commodity-v1
DCE,P,2019-06-10,2019-06-10,none,none,commodity-v1
DCE,P,2019-06-11,2019-09-12,21:00,23:00,commodity-v1
DCE,P,2019-09-16,2019-09-16,none,none,commodity-v1
DCE,P,2019-09-17,2019-09-30,21:00,23:00,commodity-v1
DCE,P,2019-10-08,2019-10-08,none,none,commodity-v1
DCE,P,2019-10-09,2019-12-25,21:00,23:00,commodity-v1
DCE,P,2019-12-26,2019-12-26,22:30,23:00,commodity-v1
DCE,P,2019-12-27,2019-12-31,21:00,23:00,commodity-v1
DCE,P,2020-01-02,2020-01-02,none,none,commodity-v1
DCE,P,2020-01-03,2020-01-23,21:00,23:00,commodity-v1
DCE,P,2020-02-03,2020-05-06,none,none,commodity-v1
DCE,P,2020-05-07,2020-06-24,21:00,23:00,commodity-v1
DCE,P,2020-06-29,2020-06-29,none,none,commodity-v1
DCE,P,2020-06-30,2020-09-30,21:00,23:00,commodity-v1
DCE,P,2020-10-09,2020-10-09,none,none,commodity-v1
DCE,P,2020-10-12,2020-12-31,21:00,23:00,commodity-v1
DCE,P,2021-01-04,2021-01-04,none,none,commodity-v1
DCE,P,2021-01-05,2021-02-10,21:00,23:00,commodity-v1
DCE,P,2021-02-18,2021-02-18,none,none,commodity-v1
DCE,P,2021-02-19,2021-04-02,21:00,23:00,commodity-v1
DCE,P,2021-04-06,2021-04-06,none,none,commodity-v1
DCE,P,2021-04-07,2021-04-30,21:00,23:00,commodity-v1
DCE,P,2021-05-06,2021-05-06,none,none,commodity-v1
DCE,P,2021-05-07,2021-06-11,21:00,23:00,commodity-v1
DCE,P,2021-06-15,2021-06-15,none,none,commodity-v1
DCE,P,2021-06-16,2021-09-17,21:00,23:00,commodity-v1
DCE,P,2021-09-22,2021-09-22,none,none,commodity-v1
DCE,P,2021-09-23,2021-09-30,21:00,23:00,commodity-v1
DCE,P,2021-10-08,2021-10-08,none,none,commodity-v1
DCE,P,2021-10-11,2021-12-31,21:00,23:00,commodity-v1
DCE,P,2022-01-04,2022-01-04,none,none,commodity-v1
DCE,P,2022-01-05,2022-01-28,21:00,23:00,commodity-v1
DCE,P,2022-02-07,2022-02-07,none,none,commodity-v1
DCE,P,2022-02-08,2022-04-01,21:00,23:00,commodity-v1
DCE,P,2022-04-06,2022-04-06,none,none,commodity-v1
DCE,P,2022-04-07,2022-04-29,21:00,23:00,commodity-v1
DCE,P,2022-05-05,2022-05-05,none,none,commodity-v1
DCE,P,2022-05-06,2022-06-02,21:00,23:00,commodity-v1
DCE,P,2022-06-06,2022-06-06,none,none,commodity-v1
DCE,P,2022-06-07,2022-09-09,21:00,23:00,commodity-v1
DCE,P,2022-09-13,2022-09-13,none,none,commodity-v1
DCE,P,2022-09-14,2022-09-30,21:00,23:00,commodity-v1
DCE,P,2022-10-10,2022-10-10,none,none,commodity-v1
DCE,P,2022-10-11,2022-12-30,21:00,23:00,commodity-v1
DCE,P,2023-01-03,2023-01-03,none,none,commodity-v1
DCE,P,2023-01-04,2023-01-20,21:00,23:00,commodity-v1
DCE,P,2023-01-30,2023-01-30,none,none,commodity-v1
DCE,P,2023-01-31,2023-04-04,21:00,23:00,commodity-v1
DCE,P,2023-04-06,2023-04-06,none,none,commodity-v1
DCE,P,2023-04-07,2023-04-28,21:00,23:00,commodity-v1
DCE,P,2023-05-04,2023-05-04,none,none,commodity-v1
DCE,P,2023-05-05,2023-06-21,21:00,23:00,commodity-v1
DCE,P,2023-06-26,2023-06-26,none,none,commodity-v1
DCE,P,2023-06-27,2023-09-28,21:00,23:00,commodity-v1
DCE,P,2023-10-09,2023-10-09,none,none,commodity-v1
DCE,P,2023-10-10,2023-12-29,21:00,23:00,commodity-v1
DCE,P,2024-01-02,2024-01-02,none,none,commodity-v1
DCE,P,2024-01-03,2024-02-08,21:00,23:00,commodity-v1
DCE,P,2024-02-19,2024-02-19,none,none,commodity-v1
DCE,P,2024-02-20,2024-04-03,21:00,23:00,commodity-v1
DCE,P,2024-04-08,2024-04-08,none,none,commodity-v1
DCE,P,2024-04-09,2024-04-30,21:00,23:00,commodity-v1
DCE,P,2024-05-06,2024-05-06,none,none,commodity-v1
DCE,P,2024-05-07,2024-06-07,21:00,23:00,commodity-v1
DCE,P,2024-06-11,2024-06-11,none,none,commodity-v1
DCE,P,2024-06-12,2024-09-13,21:00,23:00,commodity-v1
DCE,P,2024-09-18,2024-09-18,none,none,commodity-v1
DCE,P,2024-09-19,2024-09-30,21:00,23:00,commodity-v1
DCE,P,2024-10-08,2024-10-08,none,none,commodity-v1
DCE,P,2024-10-09,2024-12-31,21:00,23:00,commodity-v1
DCE,P,2025-01-02,2025-01-02,none,none,commodity-v1
DCE,P,2025-01-03,2025-01-27,21:00,23:00,commodity-v1
DCE,P,2025-02-05,2025-02-05,none,none,commodity-v1
DCE,P,2025-02-06,2025-04-03,21:00,23:00,commodity-v1
DCE,P,2025-04-07,2025-04-07,none,none,commodity-v1
DCE,P,2025-04-08,2025-04-30,21:00,23:00,commodity-v1
DCE,P,2025-05-06,2025-05-06,none,none,commodity-v1
DCE,P,2025-05-07,2025-05-30,21:00,23:00,commodity-v1
DCE,P,2025-06-03,2025-06-03,none,none,commodity-v1
DCE,P,2025-06-04,2025-09-30,21:00,23:00,commodity-v1
DCE,P,2025-10-09,2025-10-09,none,none,commodity-v1
DCE,P,2025-10-10,2025-12-31,21:00,23:00,commodity-v1
DCE,P,2026-01-05,2026-01-05,none,none,commodity-v1
DCE,P,2026-01-06,2026-01-30,21:00,23:00,commodity-v1
DCE,PG,2020-09-22,2020-09-30,21:00,23:00,commodity-v1
DCE,PG,2020-10-09,2020-10-09,none,none,commodity-v1
DCE,PG,2020-10-12,2020-12-31,21:00,23:00,commodity-v1
DCE,PG,2021-01-04,2021-01-04,none,none,commodity-v1
DCE,PG,2021-01-05,2021-02-10,21:00,23:00,commodity-v1
DCE,PG,2021-02-18,2021-02-18,none,none,commodity-v1
DCE,PG,2021-02-19,2021-04-02,21:00,23:00,commodity-v1
DCE,PG,2021-04-06,2021-04-06,none,none,commodity-v1
DCE,PG,2021-04-07,2021-04-30,21:00,23:00,commodity-v1
DCE,PG,2021-05-06,2021-05-06,none,none,commodity-v1
DCE,PG,2021-05-07,2021-06-11,21:00,23:00,commodity-v1
DCE,PG,2021-06-15,2021-06-15,none,none,commodity-v1
DCE,PG,2021-06-16,2021-09-17,21:00,23:00,commodity-v1
DCE,PG,2021-09-22,2021-09-22,none,none,commodity-v1
DCE,PG,2021-09-23,2021-09-30,21:00,23:00,commodity-v1
DCE,PG,2021-10-08,2021-10-08,none,none,commodity-v1
DCE,PG,2021-10-11,2021-12-31,21:00,23:00,commodity-v1
DCE,PG,2022-01-04,2022-01-04,none,none,commodity-v1
DCE,PG,2022-01-05,2022-01-28,21:00,23:00,commodity-v1
DCE,PG,2022-02-07,2022-02-07,none,none,commodity-v1
DCE,PG,2022-02-08,2022-04-01,21:00,23:00,commodity-v1
DCE,PG,2022-04-06,2022-04-06,none,none,commodity-v1
DCE,PG,2022-04-07,2022-04-29,21:00,23:00,commodity-v1
DCE,PG,2022-05-05,2022-05-05,none,none,commodity-v1
DCE,PG,2022-05-06,2022-06-02,21:00,23:00,commodity-v1
DCE,PG,2022-06-06,2022-06-06,none,none,commodity-v1
DCE,PG,2022-06-07,2022-09-09,21:00,23:00,commodity-v1
DCE,PG,2022-09-13,2022-09-13,none,none,commodity-v1
DCE,PG,2022-09-14,2022-09-30,21:00,23:00,commodity-v1
DCE,PG,2022-10-10,2022-10-10,none,none,commodity-v1
DCE,PG,2022-10-11,2022-12-30,21:00,23:00,commodity-v1
DCE,PG,2023-01-03,2023-01-03,none,none,commodity-v1
DCE,PG,2023-01-04,2023-01-20,21:00,23:00,commodity-v1
DCE,PG,2023-01-30,2023-01-30,none,none,commodity-v1
DCE,PG,2023-01-31,2023-04-04,21:00,23:00,commodity-v1
DCE,PG,2023-04-06,2023-04-06,none,none,commodity-v1
DCE,PG,2023-04-07,2023-04-28,21:00,23:00,commodity-v1
DCE,PG,2023-05-04,2023-05-04,none,none,commodity-v1
DCE,PG,2023-05-05,2023-06-21,21:00,23:00,commodity-v1
DCE,PG,2023-06-26,2023-06-26,none,none,commodity-v1
DCE,PG,2023-06-27,2023-09-28,21:00,23:00,commodity-v1
DCE,PG,2023-10-09,2023-10-09,none,none,commodity-v1
DCE,PG,2023-10-10,2023-12-29,21:00,23:00,commodity-v1
DCE,PG,2024-01-02,2024-01-02,none,none,commodity-v1
DCE,PG,2024-01-03,2024-02-08,21:00,23:00,commodity-v1
DCE,PG,2024-02-19,2024-02-19,none,none,commodity-v1
DCE,PG,2024-02-20,2024-04-03,21:00,23:00,commodity-v1
DCE,PG,2024-04-08,2024-04-08,none,none,commodity-v1
DCE,PG,2024-04-09,2024-04-30,21:00,23:00,commodity-v1
DCE,PG,2024-05-06,2024-05-06,none,none,commodity-v1
DCE,PG,2024-05-07,2024-06-07,21:00,23:00,commodity-v1
DCE,PG,2024-06-11,2024-06-11,none,none,commodity-v1
DCE,PG,2024-06-12,2024-09-13,21:00,23:00,commodity-v1
DCE,PG,2024-09-18,2024-09-18,none,none,commodity-v1
DCE,PG,2024-09-19,2024-09-30,21:00,23:00,commodity-v1
DCE,PG,2024-10-08,2024-10-08,none,none,commodity-v1
DCE,PG,2024-10-09,2024-12-31,21:00,23:00,commodity-v1
DCE,PG,2025-01-02,2025-01-02,none,none,commodity-v1
DCE,PG,2025-01-03,2025-01-27,21:00,23:00,commodity-v1
DCE,PG,2025-02-05,2025-02-05,none,none,commodity-v1
DCE,PG,2025-02-06,2025-04-03,21:00,23:00,commodity-v1
DCE,PG,2025-04-07,2025-04-07,none,none,commodity-v1
DCE,PG,2025-04-08,2025-04-30,21:00,23:00,commodity-v1
DCE,PG,2025-05-06,2025-05-06,none,none,commodity-v1
DCE,PG,2025-05-07,2025-05-30,21:00,23:00,commodity-v1
DCE,PG,2025-06-03,2025-06-03,none,none,commodity-v1
DCE,PG,2025-06-04,2025-09-30,21:00,23:00,commodity-v1
DCE,PG,2025-10-09,2025-10-09,none,none,commodity-v1
DCE,PG,2025-10-10,2025-12-31,21:00,23:00,commodity-v1
DCE,PG,2026-01-05,2026-01-05,none,none,commodity-v1
DCE,PG,2026-01-06,2026-01-30,21:00,23:00,commodity-v1
DCE,PP,2014-08-21,2019-03-29,none,none,commodity-v1
DCE,PP,2019-04-01,2019-04-04,21:00,23:00,commodity-v1
DCE,PP,2019-04-08,2019-04-08,none,none,commodity-v1
DCE,PP,2019-04-09,2019-04-30,21:00,23:00,commodity-v1
DCE,PP,2019-05-06,2019-05-06,none,none,commodity-v1
DCE,PP,2019-05-07,2019-06-06,21:00,23:00,commodity-v1
DCE,PP,2019-06-10,2019-06-10,none,none,commodity-v1
DCE,PP,2019-06-11,2019-09-12,21:00,23:00,commodity-v1
DCE,PP,2019-09-16,2019-09-16,none,none,commodity-v1
DCE,PP,2019-09-17,2019-09-30,21:00,23:00,commodity-v1
DCE,PP,2019-10-08,2019-10-08,none,none,commodity-v1
DCE,PP,2019-10-09,2019-12-25,21:00,23:00,commodity-v1
DCE,PP,2019-12-26,2019-12-26,22:30,23:00,commodity-v1
DCE,PP,2019-12-27,2019-12-31,21:00,23:00,commodity-v1
DCE,PP,2020-01-02,2020-01-02,none,none,commodity-v1
DCE,PP,2020-01-03,2020-01-23,21:00,23:00,commodity-v1
DCE,PP,2020-02-03,2020-05-06,none,none,commodity-v1
DCE,PP,2020-05-07,2020-06-24,21:00,23:00,commodity-v1
DCE,PP,2020-06-29,2020-06-29,none,none,commodity-v1
DCE,PP,2020-06-30,2020-09-30,21:00,23:00,commodity-v1
DCE,PP,2020-10-09,2020-10-09,none,none,commodity-v1
DCE,PP,2020-10-12,2020-12-31,21:00,23:00,commodity-v1
DCE,PP,2021-01-04,2021-01-04,none,none,commodity-v1
DCE,PP,2021-01-05,2021-02-10,21:00,23:00,commodity-v1
DCE,PP,2021-02-18,2021-02-18,none,none,commodity-v1
DCE,PP,2021-02-19,2021-04-02,21:00,23:00,commodity-v1
DCE,PP,2021-04-06,2021-04-06,none,none,commodity-v1
DCE,PP,2021-04-07,2021-04-30,21:00,23:00,commodity-v1
DCE,PP,2021-05-06,2021-05-06,none,none,commodity-v1
DCE,PP,2021-05-07,2021-06-11,21:00,23:00,commodity-v1
DCE,PP,2021-06-15,2021-06-15,none,none,commodity-v1
DCE,PP,2021-06-16,2021-09-17,21:00,23:00,commodity-v1
DCE,PP,2021-09-22,2021-09-22,none,none,commodity-v1
DCE,PP,2021-09-23,2021-09-30,21:00,23:00,commodity-v1
DCE,PP,2021-10-08,2021-10-08,none,none,commodity-v1
DCE,PP,2021-10-11,2021-12-31,21:00,23:00,commodity-v1
DCE,PP,2022-01-04,2022-01-04,none,none,commodity-v1
DCE,PP,2022-01-05,2022-01-28,21:00,23:00,commodity-v1
DCE,PP,2022-02-07,2022-02-07,none,none,commodity-v1
DCE,PP,2022-02-08,2022-04-01,21:00,23:00,commodity-v1
DCE,PP,2022-04-06,2022-04-06,none,none,commodity-v1
DCE,PP,2022-04-07,2022-04-29,21:00,23:00,commodity-v1
DCE,PP,2022-05-05,2022-05-05,none,none,commodity-v1
DCE,PP,2022-05-06,2022-06-02,21:00,23:00,commodity-v1
DCE,PP,2022-06-06,2022-06-06,none,none,commodity-v1
DCE,PP,2022-06-07,2022-09-09,21:00,23:00,commodity-v1
DCE,PP,2022-09-13,2022-09-13,none,none,commodity-v1
DCE,PP,2022-09-14,2022-09-30,21:00,23:00,commodity-v1
DCE,PP,2022-10-10,2022-10-10,none,none,commodity-v1
DCE,PP,2022-10-11,2022-12-30,21:00,23:00,commodity-v1
DCE,PP,2023-01-03,2023-01-03,none,none,commodity-v1
DCE,PP,2023-01-04,2023-01-20,21:00,23:00,commodity-v1
DCE,PP,2023-01-30,2023-01-30,none,none,commodity-v1
DCE,PP,2023-01-31,2023-04-04,21:00,23:00,commodity-v1
DCE,PP,2023-04-06,2023-04-06,none,none,commodity-v1
DCE,PP,2023-04-07,2023-04-28,21:00,23:00,commodity-v1
DCE,PP,2023-05-04,2023-05-04,none,none,commodity-v1
DCE,PP,2023-05-05,2023-06-21,21:00,23:00,commodity-v1
DCE,PP,2023-06-26,2023-06-26,none,none,commodity-v1
DCE,PP,2023-06-27,2023-09-28,21:00,23:00,commodity-v1
DCE,PP,2023-10-09,2023-10-09,none,none,commodity-v1
DCE,PP,2023-10-10,2023-12-29,21:00,23:00,commodity-v1
DCE,PP,2024-01-02,2024-01-02,none,none,commodity-v1
DCE,PP,2024-01-03,2024-02-08,21:00,23:00,commodity-v1
DCE,PP,2024-02-19,2024-02-19,none,none,commodity-v1
DCE,PP,2024-02-20,2024-04-03,21:00,23:00,commodity-v1
DCE,PP,2024-04-08,2024-04-08,none,none,commodity-v1
DCE,PP,2024-04-09,2024-04-30,21:00,23:00,commodity-v1
DCE,PP,2024-05-06,2024-05-06,none,none,commodity-v1
DCE,PP,2024-05-07,2024-06-07,21:00,23:00,commodity-v1
DCE,PP,2024-06-11,2024-06-11,none,none,commodity-v1
DCE,PP,2024-06-12,2024-09-13,21:00,23:00,commodity-v1
DCE,PP,2024-09-18,2024-09-18,none,none,commodity-v1
DCE,PP,2024-09-19,2024-09-30,21:00,23:00,commodity-v1
DCE,PP,2024-10-08,2024-10-08,none,none,commodity-v1
DCE,PP,2024-10-09,2024-12-31,21:00,23:00,commodity-v1
DCE,PP,2025-01-02,2025-01-02,none,none,commodity-v1
DCE,PP,2025-01-03,2025-01-27,21:00,23:00,commodity-v1
DCE,PP,2025-02-05,2025-02-05,none,none,commodity-v1
DCE,PP,2025-02-06,2025-04-03,21:00,23:00,commodity-v1
DCE,PP,2025-04-07,2025-04-07,none,none,commodity-v1
DCE,PP,2025-04-08,2025-04-30,21:00,23:00,commodity-v1
DCE,PP,2025-05-06,2025-05-06,none,none,commodity-v1
DCE,PP,2025-05-07,2025-05-30,21:00,23:00,commodity-v1
DCE,PP,2025-06-03,2025-06-03,none,none,commodity-v1
DCE,PP,2025-06-04,2025-09-30,21:00,23:00,commodity-v1
DCE,PP,2025-10-09,2025-10-09,none,none,commodity-v1
DCE,PP,2025-10-10,2025-12-31,21:00,23:00,commodity-v1
DCE,PP,2026-01-05,2026-01-05,none,none,commodity-v1
DCE,PP,2026-01-06,2026-01-30,21:00,23:00,commodity-v1
DCE,V,2011-03-07,2011-05-25,none,none,commodity-v1
DCE,V,2016-12-27,2019-03-29,none,none,commodity-v1
DCE,V,2019-04-01,2019-04-04,21:00,23:00,commodity-v1
DCE,V,2019-04-08,2019-04-08,none,none,commodity-v1
DCE,V,2019-04-09,2019-04-30,21:00,23:00,commodity-v1
DCE,V,2019-05-06,2019-05-06,none,none,commodity-v1
DCE,V,2019-05-07,2019-06-06,21:00,23:00,commodity-v1
DCE,V,2019-06-10,2019-06-10,none,none,commodity-v1
DCE,V,2019-06-11,2019-09-12,21:00,23:00,commodity-v1
DCE,V,2019-09-16,2019-09-16,none,none,commodity-v1
DCE,V,2019-09-17,2019-09-30,21:00,23:00,commodity-v1
DCE,V,2019-10-08,2019-10-08,none,none,commodity-v1
DCE,V,2019-10-09,2019-12-25,21:00,23:00,commodity-v1
DCE,V,2019-12-26,2019-12-26,22:30,23:00,commodity-v1
DCE,V,2019-12-27,2019-12-31,21:00,23:00,commodity-v1
DCE,V,2020-01-02,2020-01-02,none,none,commodity-v1
DCE,V,2020-01-03,2020-01-23,21:00,23:00,commodity-v1
DCE,V,2020-02-03,2020-05-06,none,none,commodity-v1
DCE,V,2020-05-07,2020-06-24,21:00,23:00,commodity-v1
DCE,V,2020-06-29,2020-06-29,none,none,commodity-v1
DCE,V,2020-06-30,2020-09-30,21:00,23:00,commodity-v1
DCE,V,2020-10-09,2020-10-09,none,none,commodity-v1
DCE,V,2020-10-12,2020-12-31,21:00,23:00,commodity-v1
DCE,V,2021-01-04,2021-01-04,none,none,commodity-v1
DCE,V,2021-01-05,2021-02-10,21:00,23:00,commodity-v1
DCE,V,2021-02-18,2021-02-18,none,none,commodity-v1
DCE,V,2021-02-19,2021-04-02,21:00,23:00,commodity-v1
DCE,V,2021-04-06,2021-04-06,none,none,commodity-v1
DCE,V,2021-04-07,2021-04-30,21:00,23:00,commodity-v1
DCE,V,2021-05-06,2021-05-06,none,none,commodity-v1
DCE,V,2021-05-07,2021-06-11,21:00,23:00,commodity-v1
DCE,V,2021-06-15,2021-06-15,none,none,commodity-v1
DCE,V,2021-06-16,2021-09-17,21:00,23:00,commodity-v1
DCE,V,2021-09-22,2021-09-22,none,none,commodity-v1
DCE,V,2021-09-23,2021-09-30,21:00,23:00,commodity-v1
DCE,V,2021-10-08,2021-10-08,none,none,commodity-v1
DCE,V,2021-10-11,2021-12-31,21:00,23:00,commodity-v1
DCE,V,2022-01-04,2022-01-04,none,none,commodity-v1
DCE,V,2022-01-05,2022-01-28,21:00,23:00,commodity-v1
DCE,V,2022-02-07,2022-02-07,none,none,commodity-v1
DCE,V,2022-02-08,2022-04-01,21:00,23:00,commodity-v1
DCE,V,2022-04-06,2022-04-06,none,none,commodity-v1
DCE,V,2022-04-07,2022-04-29,21:00,23:00,commodity-v1
DCE,V,2022-05-05,2022-05-05,none,none,commodity-v1
DCE,V,2022-05-06,2022-06-02,21:00,23:00,commodity-v1
DCE,V,2022-06-06,2022-06-06,none,none,commodity-v1
DCE,V,2022-06-07,2022-09-09,21:00,23:00,commodity-v1
DCE,V,2022-09-13,2022-09-13,none,none,commodity-v1
DCE,V,2022-09-14,2022-09-30,21:00,23:00,commodity-v1
DCE,V,2022-10-10,2022-10-10,none,none,commodity-v1
DCE,V,2022-10-11,2022-12-30,21:00,23:00,commodity-v1
DCE,V,2023-01-03,2023-01-03,none,none,commodity-v1
DCE,V,2023-01-04,2023-01-20,21:00,23:00,commodity-v1
DCE,V,2023-01-30,2023-01-30,none,none,commodity-v1
DCE,V,2023-01-31,2023-04-04,21:00,23:00,commodity-v1
DCE,V,2023-04-06,2023-04-06,none,none,commodity-v1
DCE,V,2023-04-07,2023-04-28,21:00,23:00,commodity-v1
DCE,V,2023-05-04,2023-05-04,none,none,commodity-v1
DCE,V,2023-05-05,2023-06-21,21:00,23:00,commodity-v1
DCE,V,2023-06-26,2023-06-26,none,none,commodity-v1
DCE,V,2023-06-27,2023-09-28,21:00,23:00,commodity-v1
DCE,V,2023-10-09,2023-10-09,none,none,commodity-v1
DCE,V,2023-10-10,2023-12-29,21:00,23:00,commodity-v1
DCE,V,2024-01-02,2024-01-02,none,none,commodity-v1
DCE,V,2024-01-03,2024-02-08,21:00,23:00,commodity-v1
DCE,V,2024-02-19,2024-02-19,none,none,commodity-v1
DCE,V,2024-02-20,2024-04-03,21:00,23:00,commodity-v1
DCE,V,2024-04-08,2024-04-08,none,none,commodity-v1
DCE,V,2024-04-09,2024-04-30,21:00,23:00,commodity-v1
DCE,V,2024-05-06,2024-05-06,none,none,commodity-v1
DCE,V,2024-05-07,2024-06-07,21:00,23:00,commodity-v1
DCE,V,2024-06-11,2024-06-11,none,none,commodity-v1
DCE,V,2024-06-12,2024-09-13,21:00,23:00,commodity-v1
DCE,V,2024-09-18,2024-09-18,none,none,commodity-v1
DCE,V,2024-09-19,2024-09-30,21:00,23:00,commodity-v1
DCE,V,2024-10-08,2024-10-08,none,none,commodity-v1
DCE,V,2024-10-09,2024-12-31,21:00,23:00,commodity-v1
DCE,V,2025-01-02,2025-01-02,none,none,commodity-v1
DCE,V,2025-01-03,2025-01-27,21:00,23:00,commodity-v1
DCE,V,2025-02-05,2025-02-05,none,none,commodity-v1
DCE,V,2025-02-06,2025-04-03,21:00,23:00,commodity-v1
DCE,V,2025-04-07,2025-04-07,none,none,commodity-v1
DCE,V,2025-04-08,2025-04-30,21:00,23:00,commodity-v1
DCE,V,2025-05-06,2025-05-06,none,none,commodity-v1
DCE,V,2025-05-07,2025-05-30,21:00,23:00,commodity-v1
DCE,V,2025-06-03,2025-06-03,none,none,commodity-v1
DCE,V,2025-06-04,2025-09-30,21:00,23:00,commodity-v1
DCE,V,2025-10-09,2025-10-09,none,none,commodity-v1
DCE,V,2025-10-10,2025-12-31,21:00,23:00,commodity-v1
DCE,V,2026-01-05,2026-01-05,none,none,commodity-v1
DCE,V,2026-01-06,2026-01-30,21:00,23:00,commodity-v1
DCE,Y,2011-01-04,2014-12-26,none,none,commodity-v1
DCE,Y,2014-12-29,2014-12-31,21:00,02:30,commodity-v1
DCE,Y,2015-01-05,2015-01-05,none,none,commodity-v1
DCE,Y,2015-01-06,2015-02-17,21:00,02:30,commodity-v1
DCE,Y,2015-02-25,2015-02-25,none,none,commodity-v1
DCE,Y,2015-02-26,2015-04-03,21:00,02:30,commodity-v1
DCE,Y,2015-04-07,2015-04-07,none,none,commodity-v1
DCE,Y,2015-04-08,2015-04-30,21:00,02:30,commodity-v1
DCE,Y,2015-05-04,2015-05-04,none,none,commodity-v1
DCE,Y,2015-05-05,2015-05-08,21:00,02:30,commodity-v1
DCE,Y,2015-05-11,2015-06-19,21:00,23:30,commodity-v1
DCE,Y,2015-06-23,2015-06-23,none,none,commodity-v1
DCE,Y,2015-06-24,2015-09-02,21:00,23:30,commodity-v1
DCE,Y,2015-09-07,2015-09-07,none,none,commodity-v1
DCE,Y,2015-09-08,2015-09-25,21:00,23:30,commodity-v1
DCE,Y,2015-09-28,2015-09-28,none,none,commodity-v1
DCE,Y,2015-09-29,2015-09-30,21:00,23:30,commodity-v1
DCE,Y,2015-10-08,2015-10-08,none,none,commodity-v1
DCE,Y,2015-10-09,2015-12-31,21:00,23:30,commodity-v1
DCE,Y,2016-01-04,2016-01-04,none,none,commodity-v1
DCE,Y,2016-01-05,2016-02-05,21:00,23:30,commodity-v1
DCE,Y,2016-02-15,2016-02-15,none,none,commodity-v1
DCE,Y,2016-02-16,2016-04-01,21:00,23:30,commodity-v1
DCE,Y,2016-04-05,2016-04-05,none,none,commodity-v1
DCE,Y,2016-04-06,2016-04-29,21:00,23:30,commodity-v1
DCE,Y,2016-05-03,2016-05-03,none,none,commodity-v1
DCE,Y,2016-05-04,2016-06-08,21:00,23:30,commodity-v1
DCE,Y,2016-06-13,2016-06-13,none,none,commodity-v1
DCE,Y,2016-06-14,2016-09-14,21:00,23:30,commodity-v1
DCE,Y,2016-09-19,2016-09-19,none,none,commodity-v1
DCE,Y,2016-09-20,2016-09-30,21:00,23:30,commodity-v1
DCE,Y,2016-10-10,2016-10-10,none,none,commodity-v1
DCE,Y,2016-10-11,2016-12-30,21:00,23:30,commodity-v1
DCE,Y,2017-01-03,2017-01-03,none,none,commodity-v1
DCE,Y,2017-01-04,2017-01-26,21:00,23:30,commodity-v1
DCE,Y,2017-02-03,2017-02-03,none,none,commodity-v1
DCE,Y,2017-02-06,2017-03-30,21:00,23:30,commodity-v1
DCE,Y,2017-03-31,2017-04-05,none,none,commodity-v1
DCE,Y,2017-04-06,2017-04-28,21:00,23:30,commodity-v1
DCE,Y,2017-05-02,2017-05-02,none,none,commodity-v1
DCE,Y,2017-05-03,2017-05-26,21:00,23:30,commodity-v1
DCE,Y,2017-05-31,2017-05-31,none,none,commodity-v1
DCE,Y,2017-06-01,2017-09-29,21:00,23:30,commodity-v1
DCE,Y,2017-10-09,2017-10-09,none,none,commodity-v1
DCE,Y,2017-10-10,2017-12-29,21:00,23:30,commodity-v1
DCE,Y,2018-01-02,2018-01-02,none,none,commodity-v1
DCE,Y,2018-01-03,2018-02-14,21:00,23:30,commodity-v1
DCE,Y,2018-02-22,2018-02-22,none,none,commodity-v1
DCE,Y,2018-02-23,2018-04-04,21:00,23:30,commodity-v1
DCE,Y,2018-04-09,2018-04-09,none,none,commodity-v1
DCE,Y,2018-04-10,2018-04-27,21:00,23:30,commodity-v1
DCE,Y,2018-05-02,2018-05-02,none,none,commodity-v1
DCE,Y,2018-05-03,2018-06-15,21:00,23:30,commodity-v1
DCE,Y,2018-06-19,2018-06-19,none,none,commodity-v1
DCE,Y,2018-06-20,2018-09-21,21:00,23:30,commodity-v1
DCE,Y,2018-09-25,2018-09-25,none,none,commodity-v1
DCE,Y,2018-09-26,2018-09-28,21:00,23:30,commodity-v1
DCE,Y,2018-10-08,2018-10-08,none,none,commodity-v1
DCE,Y,2018-10-09,2018-12-28,21:00,23:30,commodity-v1
DCE,Y,2019-01-02,2019-01-02,none,none,commodity-v1
DCE,Y,2019-01-03,2019-02-01,21:00,23:30,commodity-v1
DCE,Y,2019-02-11,2019-02-11,none,none,commodity-v1
DCE,Y,2019-02-12,2019-03-29,21:00,23:30,commodity-v1
DCE,Y,2019-04-01,2019-04-04,21:00,23:00,commodity-v1
DCE,Y,2019-04-08,2019-04-08,none,none,commodity-v1
DCE,Y,2019-04-09,2019-04-30,21:00,23:00,commodity-v1
DCE,Y,2019-05-06,2019-05-06,none,none,commodity-v1
DCE,Y,2019-05-07,2019-06-06,21:00,23:00,commodity-v1
DCE,Y,2019-06-10,2019-06-10,none,none,commodity-v1
DCE,Y,2019-06-11,2019-09-12,21:00,23:00,commodity-v1
DCE,Y,2019-09-16,2019-09-16,none,none,commodity-v1
DCE,Y,2019-09-17,2019-09-30,21:00,23:00,commodity-v1
DCE,Y,2019-10-08,2019-10-08,none,none,commodity-v1
DCE,Y,2019-10-09,2019-12-25,21:00,23:00,commodity-v1
DCE,Y,2019-12-26,2019-12-26,22:30,23:00,commodity-v1
DCE,Y,2019-12-27,2019-12-31,21:00,23:00,commodity-v1
DCE,Y,2020-01-02,2020-01-02,none,none,commodity-v1
DCE,Y,2020-01-03,2020-01-23,21:00,23:00,commodity-v1
DCE,Y,2020-02-03,2020-05-06,none,none,commodity-v1
DCE,Y,2020-05-07,2020-06-24,21:00,23:00,commodity-v1
DCE,Y,2020-06-29,2020-06-29,none,none,commodity-v1
DCE,Y,2020-06-30,2020-09-30,21:00,23:00,commodity-v1
DCE,Y,2020-10-09,2020-10-09,none,none,commodity-v1
DCE,Y,2020-10-12,2020-12-31,21:00,23:00,commodity-v1
DCE,Y,2021-01-04,2021-01-04,none,none,commodity-v1
DCE,Y,2021-01-05,2021-02-10,21:00,23:00,commodity-v1
DCE,Y,2021-02-18,2021-02-18,none,none,commodity-v1
DCE,Y,2021-02-19,2021-04-02,21:00,23:00,commodity-v1
DCE,Y,2021-04-06,2021-04-06,none,none,commodity-v1
DCE,Y,2021-04-07,2021-04-30,21:00,23:00,commodity-v1
DCE,Y,2021-05-06,2021-05-06,none,none,commodity-v1
DCE,Y,2021-05-07,2021-06-11,21:00,23:00,commodity-v1
DCE,Y,2021-06-15,2021-06-15,none,none,commodity-v1
DCE,Y,2021-06-16,2021-09-17,21:00,23:00,commodity-v1
DCE,Y,2021-09-22,2021-09-22,none,none,commodity-v1
DCE,Y,2021-09-23,2021-09-30,21:00,23:00,commodity-v1
DCE,Y,2021-10-08,2021-10-08,none,none,commodity-v1
DCE,Y,2021-10-11,2021-12-31,21:00,23:00,commodity-v1
DCE,Y,2022-01-04,2022-01-04,none,none,commodity-v1
DCE,Y,2022-01-05,2022-01-28,21:00,23:00,commodity-v1
DCE,Y,2022-02-07,2022-02-07,none,none,commodity-v1
DCE,Y,2022-02-08,2022-04-01,21:00,23:00,commodity-v1
DCE,Y,2022-04-06,2022-04-06,none,none,commodity-v1
DCE,Y,2022-04-07,2022-04-29,21:00,23:00,commodity-v1
DCE,Y,2022-05-05,2022-05-05,none,none,commodity-v1
DCE,Y,2022-05-06,2022-06-02,21:00,23:00,commodity-v1
DCE,Y,2022-06-06,2022-06-06,none,none,commodity-v1
DCE,Y,2022-06-07,2022-09-09,21:00,23:00,commodity-v1
DCE,Y,2022-09-13,2022-09-13,none,none,commodity-v1
DCE,Y,2022-09-14,2022-09-30,21:00,23:00,commodity-v1
DCE,Y,2022-10-10,2022-10-10,none,none,commodity-v1
DCE,Y,2022-10-11,2022-12-30,21:00,23:00,commodity-v1
DCE,Y,2023-01-03,2023-01-03,none,none,commodity-v1
DCE,Y,2023-01-04,2023-01-20,21:00,23:00,commodity-v1
DCE,Y,2023-01-30,2023-01-30,none,none,commodity-v1
DCE,Y,2023-01-31,2023-04-04,21:00,23:00,commodity-v1
DCE,Y,2023-04-06,2023-04-06,none,none,commodity-v1
DCE,Y,2023-04-07,2023-04-28,21:00,23:00,commodity-v1
DCE,Y,2023-05-04,2023-05-04,none,none,commodity-v1
DCE,Y,2023-05-05,2023-06-21,21:00,23:00,commodity-v1
DCE,Y,2023-06-26,2023-06-26,none,none,commodity-v1
DCE,Y,2023-06-27,2023-09-28,21:00,23:00,commodity-v1
DCE,Y,2023-10-09,2023-10-09,none,none,commodity-v1
DCE,Y,2023-10-10,2023-12-29,21:00,23:00,commodity-v1
DCE,Y,2024-01-02,2024-01-02,none,none,commodity-v1
DCE,Y,2024-01-03,2024-02-08,21:00,23:00,commodity-v1
DCE,Y,2024-02-19,2024-02-19,none,none,commodity-v1
DCE,Y,2024-02-20,2024-04-03,21:00,23:00,commodity-v1
DCE,Y,2024-04-08,2024-04-08,none,none,commodity-v1
DCE,Y,2024-04-09,2024-04-30,21:00,23:00,commodity-v1
DCE,Y,2024-05-06,2024-05-06,none,none,commodity-v1
DCE,Y,2024-05-07,2024-06-07,21:00,23:00,commodity-v1
DCE,Y,2024-06-11,2024-06-11,none,none,commodity-v1
DCE,Y,2024-06-12,2024-09-13,21:00,23:00,commodity-v1
DCE,Y,2024-09-18,2024-09-18,none,none,commodity-v1
DCE,Y,2024-09-19,2024-09-30,21:00,23:00,commodity-v1
DCE,Y,2024-10-08,2024-10-08,none,none,commodity-v1
DCE,Y,2024-10-09,2024-12-31,21:00,23:00,commodity-v1
DCE,Y,2025-01-02,2025-01-02,none,none,commodity-v1
DCE,Y,2025-01-03,2025-01-27,21:00,23:00,commodity-v1
DCE,Y,2025-02-05,2025-02-05,none,none,commodity-v1
DCE,Y,2025-02-06,2025-04-03,21:00,23:00,commodity-v1
DCE,Y,2025-04-07,2025-04-07,none,none,commodity-v1
DCE,Y,2025-04-08,2025-04-30,21:00,23:00,commodity-v1
DCE,Y,2025-05-06,2025-05-06,none,none,commodity-v1
DCE,Y,2025-05-07,2025-05-30,21:00,23:00,commodity-v1
DCE,Y,2025-06-03,2025-06-03,none,none,commodity-v1
DCE,Y,2025-06-04,2025-09-30,21:00,23:00,commodity-v1
DCE,Y,2025-10-09,2025-10-09,none,none,commodity-v1
DCE,Y,2025-10-10,2025-12-31,21:00,23:00,commodity-v1
DCE,Y,2026-01-05,2026-01-05,none,none,commodity-v1
DCE,Y,2026-01-06,2026-01-30,21:00,23:00,commodity-v1
GFEX,LC,2024-01-16,2026-01-30,none,none,commodity-v1
GFEX,PS,2025-06-30,2026-01-30,none,none,commodity-v1
GFEX,SI,2023-06-26,2026-01-30,none,none,commodity-v1
INE,BC,2021-05-20,2021-06-11,21:00,01:00,commodity-v1
INE,BC,2021-06-15,2021-06-15,none,none,commodity-v1
INE,BC,2021-06-16,2021-09-17,21:00,01:00,commodity-v1
INE,BC,2021-09-22,2021-09-22,none,none,commodity-v1
INE,BC,2021-09-23,2021-09-30,21:00,01:00,commodity-v1
INE,BC,2021-10-08,2021-10-08,none,none,commodity-v1
INE,BC,2021-10-11,2021-12-31,21:00,01:00,commodity-v1
INE,BC,2022-01-04,2022-01-04,none,none,commodity-v1
INE,BC,2022-01-05,2022-01-28,21:00,01:00,commodity-v1
INE,BC,2022-02-07,2022-02-07,none,none,commodity-v1
INE,BC,2022-02-08,2022-04-01,21:00,01:00,commodity-v1
INE,BC,2022-04-06,2022-04-06,none,none,commodity-v1
INE,BC,2022-04-07,2022-04-29,21:00,01:00,commodity-v1
INE,BC,2022-05-05,2022-05-05,none,none,commodity-v1
INE,BC,2022-05-06,2022-06-02,21:00,01:00,commodity-v1
INE,BC,2022-06-06,2022-06-06,none,none,commodity-v1
INE,BC,2022-06-07,2022-09-09,21:00,01:00,commodity-v1
INE,BC,2022-09-13,2022-09-13,none,none,commodity-v1
INE,BC,2022-09-14,2022-09-30,21:00,01:00,commodity-v1
INE,BC,2022-10-10,2022-10-10,none,none,commodity-v1
INE,BC,2022-10-11,2022-12-30,21:00,01:00,commodity-v1
INE,BC,2023-01-03,2023-01-03,none,none,commodity-v1
INE,BC,2023-01-04,2023-01-20,21:00,01:00,commodity-v1
INE,BC,2023-01-30,2023-01-30,none,none,commodity-v1
INE,BC,2023-01-31,2023-04-04,21:00,01:00,commodity-v1
INE,BC,2023-04-06,2023-04-06,none,none,commodity-v1
INE,BC,2023-04-07,2023-04-28,21:00,01:00,commodity-v1
INE,BC,2023-05-04,2023-05-04,none,none,commodity-v1
INE,BC,2023-05-05,2023-06-21,21:00,01:00,commodity-v1
INE,BC,2023-06-26,2023-06-26,none,none,commodity-v1
INE,BC,2023-06-27,2023-09-28,21:00,01:00,commodity-v1
INE,BC,2023-10-09,2023-10-09,none,none,commodity-v1
INE,BC,2023-10-10,2023-12-29,21:00,01:00,commodity-v1
INE,BC,2024-01-02,2024-01-02,none,none,commodity-v1
INE,BC,2024-01-03,2024-02-08,21:00,01:00,commodity-v1
INE,BC,2024-02-19,2024-02-19,none,none,commodity-v1
INE,BC,2024-02-20,2024-04-01,21:00,01:00,commodity-v1
INE,BC,2024-04-23,2024-04-30,21:00,01:00,commodity-v1
INE,BC,2024-05-06,2024-05-06,none,none,commodity-v1
INE,BC,2024-05-07,2024-06-07,21:00,01:00,commodity-v1
INE,BC,2024-06-11,2024-06-11,none,none,commodity-v1
INE,BC,2024-06-12,2024-09-13,21:00,01:00,commodity-v1
INE,BC,2024-09-18,2024-09-18,none,none,commodity-v1
INE,BC,2024-09-19,2024-09-30,21:00,01:00,commodity-v1
INE,BC,2024-10-08,2024-10-08,none,none,commodity-v1
INE,BC,2024-10-09,2024-10-30,21:00,01:00,commodity-v1
INE,EC,2024-02-21,2025-11-21,none,none,commodity-v1
INE,LU,2022-06-02,2022-06-02,21:00,23:00,commodity-v1
INE,LU,2022-06-06,2022-06-06,none,none,commodity-v1
INE,LU,2022-06-07,2022-09-09,21:00,23:00,commodity-v1
INE,LU,2022-09-13,2022-09-13,none,none,commodity-v1
INE,LU,2022-09-14,2022-09-30,21:00,23:00,commodity-v1
INE,LU,2022-10-10,2022-10-10,none,none,commodity-v1
INE,LU,2022-10-11,2022-12-30,21:00,23:00,commodity-v1
INE,LU,2023-01-03,2023-01-03,none,none,commodity-v1
INE,LU,2023-01-04,2023-01-20,21:00,23:00,commodity-v1
INE,LU,2023-01-30,2023-01-30,none,none,commodity-v1
INE,LU,2023-01-31,2023-04-04,21:00,23:00,commodity-v1
INE,LU,2023-04-06,2023-04-06,none,none,commodity-v1
INE,LU,2023-04-07,2023-04-28,21:00,23:00,commodity-v1
INE,LU,2023-05-04,2023-05-04,none,none,commodity-v1
INE,LU,2023-05-05,2023-06-21,21:00,23:00,commodity-v1
INE,LU,2023-06-26,2023-06-26,none,none,commodity-v1
INE,LU,2023-06-27,2023-09-28,21:00,23:00,commodity-v1
INE,LU,2023-10-09,2023-10-09,none,none,commodity-v1
INE,LU,2023-10-10,2023-12-29,21:00,23:00,commodity-v1
INE,LU,2024-01-02,2024-01-02,none,none,commodity-v1
INE,LU,2024-01-03,2024-02-08,21:00,23:00,commodity-v1
INE,LU,2024-02-19,2024-02-19,none,none,commodity-v1
INE,LU,2024-02-20,2024-04-03,21:00,23:00,commodity-v1
INE,LU,2024-04-08,2024-04-08,none,none,commodity-v1
INE,LU,2024-04-09,2024-04-30,21:00,23:00,commodity-v1
INE,LU,2024-05-06,2024-05-06,none,none,commodity-v1
INE,LU,2024-05-07,2024-06-07,21:00,23:00,commodity-v1
INE,LU,2024-06-11,2024-06-11,none,none,commodity-v1
INE,LU,2024-06-12,2024-09-13,21:00,23:00,commodity-v1
INE,LU,2024-09-18,2024-09-18,none,none,commodity-v1
INE,LU,2024-09-19,2024-09-30,21:00,23:00,commodity-v1
INE,LU,2024-10-08,2024-10-08,none,none,commodity-v1
INE,LU,2024-10-09,2024-12-31,21:00,23:00,commodity-v1
INE,LU,2025-01-02,2025-01-02,none,none,commodity-v1
INE,LU,2025-01-03,2025-01-27,21:00,23:00,commodity-v1
INE,LU,2025-02-05,2025-02-05,none,none,commodity-v1
INE,LU,2025-02-06,2025-04-03,21:00,23:00,commodity-v1
INE,LU,2025-04-07,2025-04-07,none,none,commodity-v1
INE,LU,2025-04-08,2025-04-30,21:00,23:00,commodity-v1
INE,LU,2025-05-06,2025-05-06,none,none,commodity-v1
INE,LU,2025-05-07,2025-05-30,21:00,23:00,commodity-v1
INE,LU,2025-06-03,2025-06-03,none,none,commodity-v1
INE,LU,2025-06-04,2025-09-30,21:00,23:00,commodity-v1
INE,LU,2025-10-09,2025-10-09,none,none,commodity-v1
INE,LU,2025-10-10,2025-12-31,21:00,23:00,commodity-v1
INE,LU,2026-01-05,2026-01-05,none,none,commodity-v1
INE,LU,2026-01-06,2026-01-30,21:00,23:00,commodity-v1
INE,NR,2022-05-10,2022-06-02,21:00,23:00,commodity-v1
INE,NR,2022-06-06,2022-06-06,none,none,commodity-v1
INE,NR,2022-06-07,2022-09-09,21:00,23:00,commodity-v1
INE,NR,2022-09-13,2022-09-13,none,none,commodity-v1
INE,NR,2022-09-14,2022-09-30,21:00,23:00,commodity-v1
INE,NR,2022-10-10,2022-10-10,none,none,commodity-v1
INE,NR,2022-10-11,2022-12-30,21:00,23:00,commodity-v1
INE,NR,2023-01-03,2023-01-03,none,none,commodity-v1
INE,NR,2023-01-04,2023-01-20,21:00,23:00,commodity-v1
INE,NR,2023-01-30,2023-01-30,none,none,commodity-v1
INE,NR,2023-01-31,2023-04-04,21:00,23:00,commodity-v1
INE,NR,2023-04-06,2023-04-06,none,none,commodity-v1
INE,NR,2023-04-07,2023-04-28,21:00,23:00,commodity-v1
INE,NR,2023-05-04,2023-05-04,none,none,commodity-v1
INE,NR,2023-05-05,2023-06-21,21:00,23:00,commodity-v1
INE,NR,2023-06-26,2023-06-26,none,none,commodity-v1
INE,NR,2023-06-27,2023-09-28,21:00,23:00,commodity-v1
INE,NR,2023-10-09,2023-10-09,none,none,commodity-v1
INE,NR,2023-10-10,2023-12-29,21:00,23:00,commodity-v1
INE,NR,2024-01-02,2024-01-02,none,none,commodity-v1
INE,NR,2024-01-03,2024-02-08,21:00,23:00,commodity-v1
INE,NR,2024-02-19,2024-02-19,none,none,commodity-v1
INE,NR,2024-02-20,2024-04-03,21:00,23:00,commodity-v1
INE,NR,2024-04-08,2024-04-08,none,none,commodity-v1
INE,NR,2024-04-09,2024-04-30,21:00,23:00,commodity-v1
INE,NR,2024-05-06,2024-05-06,none,none,commodity-v1
INE,NR,2024-05-07,2024-06-07,21:00,23:00,commodity-v1
INE,NR,2024-06-11,2024-06-11,none,none,commodity-v1
INE,NR,2024-06-12,2024-09-13,21:00,23:00,commodity-v1
INE,NR,2024-09-18,2024-09-18,none,none,commodity-v1
INE,NR,2024-09-19,2024-09-30,21:00,23:00,commodity-v1
INE,NR,2024-10-08,2024-10-08,none,none,commodity-v1
INE,NR,2024-10-09,2024-12-31,21:00,23:00,commodity-v1
INE,NR,2025-01-02,2025-01-02,none,none,commodity-v1
INE,NR,2025-01-03,2025-01-27,21:00,23:00,commodity-v1
INE,NR,2025-02-05,2025-02-05,none,none,commodity-v1
INE,NR,2025-02-06,2025-04-03,21:00,23:00,commodity-v1
INE,NR,2025-04-07,2025-04-07,none,none,commodity-v1
INE,NR,2025-04-08,2025-04-30,21:00,23:00,commodity-v1
INE,NR,2025-05-06,2025-05-06,none,none,commodity-v1
INE,NR,2025-05-07,2025-05-30,21:00,23:00,commodity-v1
INE,NR,2025-06-03,2025-06-03,none,none,commodity-v1
INE,NR,2025-06-04,2025-09-30,21:00,23:00,commodity-v1
INE,NR,2025-10-09,2025-10-09,none,none,commodity-v1
INE,NR,2025-10-10,2025-12-31,21:00,23:00,commodity-v1
INE,NR,2026-01-05,2026-01-05,none,none,commodity-v1
INE,NR,2026-01-06,2026-01-30,21:00,23:00,commodity-v1
INE,SC,2018-09-17,2018-09-21,21:00,02:30,commodity-v1
INE,SC,2018-09-25,2018-09-25,none,none,commodity-v1
INE,SC,2018-09-26,2018-09-28,21:00,02:30,commodity-v1
INE,SC,2018-10-08,2018-10-08,none,none,commodity-v1
INE,SC,2018-10-09,2018-12-28,21:00,02:30,commodity-v1
INE,SC,2019-01-02,2019-01-02,none,none,commodity-v1
INE,SC,2019-01-03,2019-02-01,21:00,02:30,commodity-v1
INE,SC,2019-02-11,2019-02-11,none,none,commodity-v1
INE,SC,2019-02-12,2019-04-04,21:00,02:30,commodity-v1
INE,SC,2019-04-08,2019-04-08,none,none,commodity-v1
INE,SC,2019-04-09,2019-04-30,21:00,02:30,commodity-v1
INE,SC,2019-05-06,2019-05-06,none,none,commodity-v1
INE,SC,2019-05-07,2019-06-06,21:00,02:30,commodity-v1
INE,SC,2019-06-10,2019-06-10,none,none,commodity-v1
INE,SC,2019-06-11,2019-09-12,21:00,02:30,commodity-v1
INE,SC,2019-09-16,2019-09-16,none,none,commodity-v1
INE,SC,2019-09-17,2019-09-30,21:00,02:30,commodity-v1
INE,SC,2019-10-08,2019-10-08,none,none,commodity-v1
INE,SC,2019-10-09,2019-12-25,21:00,02:30,commodity-v1
INE,SC,2019-12-26,2019-12-26,22:30,02:30,commodity-v1
INE,SC,2019-12-27,2019-12-31,21:00,02:30,commodity-v1
INE,SC,2020-01-02,2020-01-02,none,none,commodity-v1
INE,SC,2020-01-03,2020-01-23,21:00,02:30,commodity-v1
INE,SC,2020-02-03,2020-05-06,none,none,commodity-v1
INE,SC,2020-05-07,2020-06-24,21:00,02:30,commodity-v1
INE,SC,2020-06-29,2020-06-29,none,none,commodity-v1
INE,SC,2020-06-30,2020-09-30,21:00,02:30,commodity-v1
INE,SC,2020-10-09,2020-10-09,none,none,commodity-v1
INE,SC,2020-10-12,2020-12-31,21:00,02:30,commodity-v1
INE,SC,2021-01-04,2021-01-04,none,none,commodity-v1
INE,SC,2021-01-05,2021-02-10,21:00,02:30,commodity-v1
INE,SC,2021-02-18,2021-02-18,none,none,commodity-v1
INE,SC,2021-02-19,2021-04-02,21:00,02:30,commodity-v1
INE,SC,2021-04-06,2021-04-06,none,none,commodity-v1
INE,SC,2021-04-07,2021-04-30,21:00,02:30,commodity-v1
INE,SC,2021-05-06,2021-05-06,none,none,commodity-v1
INE,SC,2021-05-07,2021-06-11,21:00,02:30,commodity-v1
INE,SC,2021-06-15,2021-06-15,none,none,commodity-v1
INE,SC,2021-06-16,2021-09-17,21:00,02:30,commodity-v1
INE,SC,2021-09-22,2021-09-22,none,none,commodity-v1
INE,SC,2021-09-23,2021-09-30,21:00,02:30,commodity-v1
INE,SC,2021-10-08,2021-10-08,none,none,commodity-v1
INE,SC,2021-10-11,2021-12-31,21:00,02:30,commodity-v1
INE,SC,2022-01-04,2022-01-04,none,none,commodity-v1
INE,SC,2022-01-05,2022-01-28,21:00,02:30,commodity-v1
INE,SC,2022-02-07,2022-02-07,none,none,commodity-v1
INE,SC,2022-02-08,2022-04-01,21:00,02:30,commodity-v1
INE,SC,2022-04-06,2022-04-06,none,none,commodity-v1
INE,SC,2022-04-07,2022-04-29,21:00,02:30,commodity-v1
INE,SC,2022-05-05,2022-05-05,none,none,commodity-v1
INE,SC,2022-05-06,2022-06-02,21:00,02:30,commodity-v1
INE,SC,2022-06-06,2022-06-06,none,none,commodity-v1
INE,SC,2022-06-07,2022-09-09,21:00,02:30,commodity-v1
INE,SC,2022-09-13,2022-09-13,none,none,commodity-v1
INE,SC,2022-09-14,2022-09-30,21:00,02:30,commodity-v1
INE,SC,2022-10-10,2022-10-10,none,none,commodity-v1
INE,SC,2022-10-11,2022-12-30,21:00,02:30,commodity-v1
INE,SC,2023-01-03,2023-01-03,none,none,commodity-v1
INE,SC,2023-01-04,2023-01-20,21:00,02:30,commodity-v1
INE,SC,2023-01-30,2023-01-30,none,none,commodity-v1
INE,SC,2023-01-31,2023-04-04,21:00,02:30,commodity-v1
INE,SC,2023-04-06,2023-04-06,none,none,commodity-v1
INE,SC,2023-04-07,2023-04-28,21:00,02:30,commodity-v1
INE,SC,2023-05-04,2023-05-04,none,none,commodity-v1
INE,SC,2023-05-05,2023-06-21,21:00,02:30,commodity-v1
INE,SC,2023-06-26,2023-06-26,none,none,commodity-v1
INE,SC,2023-06-27,2023-09-28,21:00,02:30,commodity-v1
INE,SC,2023-10-09,2023-10-09,none,none,commodity-v1
INE,SC,2023-10-10,2023-12-29,21:00,02:30,commodity-v1
INE,SC,2024-01-02,2024-01-02,none,none,commodity-v1
INE,SC,2024-01-03,2024-02-08,21:00,02:30,commodity-v1
INE,SC,2024-02-19,2024-02-19,none,none,commodity-v1
INE,SC,2024-02-20,2024-04-03,21:00,02:30,commodity-v1
INE,SC,2024-04-08,2024-04-08,none,none,commodity-v1
INE,SC,2024-04-09,2024-04-30,21:00,02:30,commodity-v1
INE,SC,2024-05-06,2024-05-06,none,none,commodity-v1
INE,SC,2024-05-07,2024-06-07,21:00,02:30,commodity-v1
INE,SC,2024-06-11,2024-06-11,none,none,commodity-v1
INE,SC,2024-06-12,2024-09-13,21:00,02:30,commodity-v1
INE,SC,2024-09-18,2024-09-18,none,none,commodity-v1
INE,SC,2024-09-19,2024-09-30,21:00,02:30,commodity-v1
INE,SC,2024-10-08,2024-10-08,none,none,commodity-v1
INE,SC,2024-10-09,2024-12-31,21:00,02:30,commodity-v1
INE,SC,2025-01-02,2025-01-02,none,none,commodity-v1
INE,SC,2025-01-03,2025-01-27,21:00,02:30,commodity-v1
INE,SC,2025-02-05,2025-02-05,none,none,commodity-v1
INE,SC,2025-02-06,2025-04-03,21:00,02:30,commodity-v1
INE,SC,2025-04-07,2025-04-07,none,none,commodity-v1
INE,SC,2025-04-08,2025-04-30,21:00,02:30,commodity-v1
INE,SC,2025-05-06,2025-05-06,none,none,commodity-v1
INE,SC,2025-05-07,2025-05-30,21:00,02:30,commodity-v1
INE,SC,2025-06-03,2025-06-03,none,none,commodity-v1
INE,SC,2025-06-04,2025-09-30,21:00,02:30,commodity-v1
INE,SC,2025-10-09,2025-10-09,none,none,commodity-v1
INE,SC,2025-10-10,2025-12-31,21:00,02:30,commodity-v1
INE,SC,2026-01-05,2026-01-05,none,none,commodity-v1
INE,SC,2026-01-06,2026-01-30,21:00,02:30,commodity-v1
SHFE,AG,2012-11-02,2013-07-05,none,none,commodity-v1
SHFE,AG,2013-07-08,2013-09-18,21:00,02:30,commodity-v1
SHFE,AG,2013-09-23,2013-09-23,none,none,commodity-v1
SHFE,AG,2013-09-24,2013-09-30,21:00,02:30,commodity-v1
SHFE,AG,2013-10-08,2013-10-08,none,none,commodity-v1
SHFE,AG,2013-10-09,2013-12-31,21:00,02:30,commodity-v1
SHFE,AG,2014-01-02,2014-01-02,none,none,commodity-v1
SHFE,AG,2014-01-03,2014-01-30,21:00,02:30,commodity-v1
SHFE,AG,2014-02-07,2014-02-07,none,none,commodity-v1
SHFE,AG,2014-02-10,2014-04-04,21:00,02:30,commodity-v1
SHFE,AG,2014-04-08,2014-04-08,none,none,commodity-v1
SHFE,AG,2014-04-09,2014-04-30,21:00,02:30,commodity-v1
SHFE,AG,2014-05-05,2014-05-05,none,none,commodity-v1
SHFE,AG,2014-05-06,2014-05-30,21:00,02:30,commodity-v1
SHFE,AG,2014-06-03,2014-06-03,none,none,commodity-v1
SHFE,AG,2014-06-04,2014-09-05,21:00,02:30,commodity-v1
SHFE,AG,2014-09-09,2014-09-09,none,none,commodity-v1
SHFE,AG,2014-09-10,2014-09-30,21:00,02:30,commodity-v1
SHFE,AG,2014-10-08,2014-10-08,none,none,commodity-v1
SHFE,AG,2014-10-09,2014-12-31,21:00,02:30,commodity-v1
SHFE,AG,2015-01-05,2015-01-05,none,none,commodity-v1
SHFE,AG,2015-01-06,2015-02-17,21:00,02:30,commodity-v1
SHFE,AG,2015-02-25,2015-02-25,none,none,commodity-v1
SHFE,AG,2015-02-26,2015-04-03,21:00,02:30,commodity-v1
SHFE,AG,2015-04-07,2015-04-07,none,none,commodity-v1
SHFE,AG,2015-04-08,2015-04-30,21:00,02:30,commodity-v1
SHFE,AG,2015-05-04,2015-05-04,none,none,commodity-v1
SHFE,AG,2015-05-05,2015-06-19,21:00,02:30,commodity-v1
SHFE,AG,2015-06-23,2015-06-23,none,none,commodity-v1
SHFE,AG,2015-06-24,2015-09-02,21:00,02:30,commodity-v1
SHFE,AG,2015-09-07,2015-09-07,none,none,commodity-v1
SHFE,AG,2015-09-08,2015-09-25,21:00,02:30,commodity-v1
SHFE,AG,2015-09-28,2015-09-28,none,none,commodity-v1
SHFE,AG,2015-09-29,2015-09-30,21:00,02:30,commodity-v1
SHFE,AG,2015-10-08,2015-10-08,none,none,commodity-v1
SHFE,AG,2015-10-09,2015-12-31,21:00,02:30,commodity-v1
SHFE,AG,2016-01-04,2016-01-04,none,none,commodity-v1
SHFE,AG,2016-01-05,2016-02-05,21:00,02:30,commodity-v1
SHFE,AG,2016-02-15,2016-02-15,none,none,commodity-v1
SHFE,AG,2016-02-16,2016-04-01,21:00,02:30,commodity-v1
SHFE,AG,2016-04-05,2016-04-05,none,none,commodity-v1
SHFE,AG,2016-04-06,2016-04-29,21:00,02:30,commodity-v1
SHFE,AG,2016-05-03,2016-05-03,none,none,commodity-v1
SHFE,AG,2016-05-04,2016-06-08,21:00,02:30,commodity-v1
SHFE,AG,2016-06-13,2016-06-13,none,none,commodity-v1
SHFE,AG,2016-06-14,2016-09-14,21:00,02:30,commodity-v1
SHFE,AG,2016-09-19,2016-09-19,none,none,commodity-v1
SHFE,AG,2016-09-20,2016-09-30,21:00,02:30,commodity-v1
SHFE,AG,2016-10-10,2016-10-10,none,none,commodity-v1
SHFE,AG,2016-10-11,2016-12-30,21:00,02:30,commodity-v1
SHFE,AG,2017-01-03,2017-01-03,none,none,commodity-v1
SHFE,AG,2017-01-04,2017-01-26,21:00,02:30,commodity-v1
SHFE,AG,2017-02-03,2017-02-03,none,none,commodity-v1
SHFE,AG,2017-02-06,2017-03-31,21:00,02:30,commodity-v1
SHFE,AG,2017-04-05,2017-04-05,none,none,commodity-v1
SHFE,AG,2017-04-06,2017-04-28,21:00,02:30,commodity-v1
SHFE,AG,2017-05-02,2017-05-02,none,none,commodity-v1
SHFE,AG,2017-05-03,2017-05-26,21:00,02:30,commodity-v1
SHFE,AG,2017-05-31,2017-05-31,none,none,commodity-v1
SHFE,AG,2017-06-01,2017-09-29,21:00,02:30,commodity-v1
SHFE,AG,2017-10-09,2017-10-09,none,none,commodity-v1
SHFE,AG,2017-10-10,2017-12-29,21:00,02:30,commodity-v1
SHFE,AG,2018-01-02,2018-01-02,none,none,commodity-v1
SHFE,AG,2018-01-03,2018-02-14,21:00,02:30,commodity-v1
SHFE,AG,2018-02-22,2018-02-22,none,none,commodity-v1
SHFE,AG,2018-02-23,2018-04-04,21:00,02:30,commodity-v1
SHFE,AG,2018-04-09,2018-04-09,none,none,commodity-v1
SHFE,AG,2018-04-10,2018-04-27,21:00,02:30,commodity-v1
SHFE,AG,2018-05-02,2018-05-02,none,none,commodity-v1
SHFE,AG,2018-05-03,2018-06-15,21:00,02:30,commodity-v1
SHFE,AG,2018-06-19,2018-06-19,none,none,commodity-v1
SHFE,AG,2018-06-20,2018-09-21,21:00,02:30,commodity-v1
SHFE,AG,2018-09-25,2018-09-25,none,none,commodity-v1
SHFE,AG,2018-09-26,2018-09-28,21:00,02:30,commodity-v1
SHFE,AG,2018-10-08,2018-10-08,none,none,commodity-v1
SHFE,AG,2018-10-09,2018-12-28,21:00,02:30,commodity-v1
SHFE,AG,2019-01-02,2019-01-02,none,none,commodity-v1
SHFE,AG,2019-01-03,2019-02-01,21:00,02:30,commodity-v1
SHFE,AG,2019-02-11,2019-02-11,none,none,commodity-v1
SHFE,AG,2019-02-12,2019-04-04,21:00,02:30,commodity-v1
SHFE,AG,2019-04-08,2019-04-08,none,none,commodity-v1
SHFE,AG,2019-04-09,2019-04-30,21:00,02:30,commodity-v1
SHFE,AG,2019-05-06,2019-05-06,none,none,commodity-v1
SHFE,AG,2019-05-07,2019-06-06,21:00,02:30,commodity-v1
SHFE,AG,2019-06-10,2019-06-10,none,none,commodity-v1
SHFE,AG,2019-06-11,2019-09-12,21:00,02:30,commodity-v1
SHFE,AG,2019-09-16,2019-09-16,none,none,commodity-v1
SHFE,AG,2019-09-17,2019-09-30,21:00,02:30,commodity-v1
SHFE,AG,2019-10-08,2019-10-08,none,none,commodity-v1
SHFE,AG,2019-10-09,2019-12-25,21:00,02:30,commodity-v1
SHFE,AG,2019-12-26,2019-12-26,22:30,02:30,commodity-v1
SHFE,AG,2019-12-27,2019-12-31,21:00,02:30,commodity-v1
SHFE,AG,2020-01-02,2020-01-02,none,none,commodity-v1
SHFE,AG,2020-01-03,2020-01-23,21:00,02:30,commodity-v1
SHFE,AG,2020-02-03,2020-05-06,none,none,commodity-v1
SHFE,AG,2020-05-07,2020-06-24,21:00,02:30,commodity-v1
SHFE,AG,2020-06-29,2020-06-29,none,none,commodity-v1
SHFE,AG,2020-06-30,2020-09-30,21:00,02:30,commodity-v1
SHFE,AG,2020-10-09,2020-10-09,none,none,commodity-v1
SHFE,AG,2020-10-12,2020-12-31,21:00,02:30,commodity-v1
SHFE,AG,2021-01-04,2021-01-04,none,none,commodity-v1
SHFE,AG,2021-01-05,2021-02-10,21:00,02:30,commodity-v1
SHFE,AG,2021-02-18,2021-02-18,none,none,commodity-v1
SHFE,AG,2021-02-19,2021-04-02,21:00,02:30,commodity-v1
SHFE,AG,2021-04-06,2021-04-06,none,none,commodity-v1
SHFE,AG,2021-04-07,2021-04-30,21:00,02:30,commodity-v1
SHFE,AG,2021-05-06,2021-05-06,none,none,commodity-v1
SHFE,AG,2021-05-07,2021-06-11,21:00,02:30,commodity-v1
SHFE,AG,2021-06-15,2021-06-15,none,none,commodity-v1
SHFE,AG,2021-06-16,2021-09-17,21:00,02:30,commodity-v1
SHFE,AG,2021-09-22,2021-09-22,none,none,commodity-v1
SHFE,AG,2021-09-23,2021-09-30,21:00,02:30,commodity-v1
SHFE,AG,2021-10-08,2021-10-08,none,none,commodity-v1
SHFE,AG,2021-10-11,2021-12-31,21:00,02:30,commodity-v1
SHFE,AG,2022-01-04,2022-01-04,none,none,commodity-v1
SHFE,AG,2022-01-05,2022-01-28,21:00,02:30,commodity-v1
SHFE,AG,2022-02-07,2022-02-07,none,none,commodity-v1
SHFE,AG,2022-02-08,2022-04-01,21:00,02:30,commodity-v1
SHFE,AG,2022-04-06,2022-04-06,none,none,commodity-v1
SHFE,AG,2022-04-07,2022-04-29,21:00,02:30,commodity-v1
SHFE,AG,2022-05-05,2022-05-05,none,none,commodity-v1
SHFE,AG,2022-05-06,2022-06-02,21:00,02:30,commodity-v1
SHFE,AG,2022-06-06,2022-06-06,none,none,commodity-v1
SHFE,AG,2022-06-07,2022-09-09,21:00,02:30,commodity-v1
SHFE,AG,2022-09-13,2022-09-13,none,none,commodity-v1
SHFE,AG,2022-09-14,2022-09-30,21:00,02:30,commodity-v1
SHFE,AG,2022-10-10,2022-10-10,none,none,commodity-v1
SHFE,AG,2022-10-11,2022-12-30,21:00,02:30,commodity-v1
SHFE,AG,2023-01-03,2023-01-03,none,none,commodity-v1
SHFE,AG,2023-01-04,2023-01-20,21:00,02:30,commodity-v1
SHFE,AG,2023-01-30,2023-01-30,none,none,commodity-v1
SHFE,AG,2023-01-31,2023-04-04,21:00,02:30,commodity-v1
SHFE,AG,2023-04-06,2023-04-06,none,none,commodity-v1
SHFE,AG,2023-04-07,2023-04-28,21:00,02:30,commodity-v1
SHFE,AG,2023-05-04,2023-05-04,none,none,commodity-v1
SHFE,AG,2023-05-05,2023-06-21,21:00,02:30,commodity-v1
SHFE,AG,2023-06-26,2023-06-26,none,none,commodity-v1
SHFE,AG,2023-06-27,2023-09-28,21:00,02:30,commodity-v1
SHFE,AG,2023-10-09,2023-10-09,none,none,commodity-v1
SHFE,AG,2023-10-10,2023-12-29,21:00,02:30,commodity-v1
SHFE,AG,2024-01-02,2024-01-02,none,none,commodity-v1
SHFE,AG,2024-01-03,2024-02-08,21:00,02:30,commodity-v1
SHFE,AG,2024-02-19,2024-02-19,none,none,commodity-v1
SHFE,AG,2024-02-20,2024-04-03,21:00,02:30,commodity-v1
SHFE,AG,2024-04-08,2024-04-08,none,none,commodity-v1
SHFE,AG,2024-04-09,2024-04-30,21:00,02:30,commodity-v1
SHFE,AG,2024-05-06,2024-05-06,none,none,commodity-v1
SHFE,AG,2024-05-07,2024-06-07,21:00,02:30,commodity-v1
SHFE,AG,2024-06-11,2024-06-11,none,none,commodity-v1
SHFE,AG,2024-06-12,2024-09-13,21:00,02:30,commodity-v1
SHFE,AG,2024-09-18,2024-09-18,none,none,commodity-v1
SHFE,AG,2024-09-19,2024-09-30,21:00,02:30,commodity-v1
SHFE,AG,2024-10-08,2024-10-08,none,none,commodity-v1
SHFE,AG,2024-10-09,2024-12-31,21:00,02:30,commodity-v1
SHFE,AG,2025-01-02,2025-01-02,none,none,commodity-v1
SHFE,AG,2025-01-03,2025-01-27,21:00,02:30,commodity-v1
SHFE,AG,2025-02-05,2025-02-05,none,none,commodity-v1
SHFE,AG,2025-02-06,2025-04-03,21:00,02:30,commodity-v1
SHFE,AG,2025-04-07,2025-04-07,none,none,commodity-v1
SHFE,AG,2025-04-08,2025-04-30,21:00,02:30,commodity-v1
SHFE,AG,2025-05-06,2025-05-06,none,none,commodity-v1
SHFE,AG,2025-05-07,2025-05-30,21:00,02:30,commodity-v1
SHFE,AG,2025-06-03,2025-06-03,none,none,commodity-v1
SHFE,AG,2025-06-04,2025-09-30,21:00,02:30,commodity-v1
SHFE,AG,2025-10-09,2025-10-09,none,none,commodity-v1
SHFE,AG,2025-10-10,2025-12-31,21:00,02:30,commodity-v1
SHFE,AG,2026-01-05,2026-01-05,none,none,commodity-v1
SHFE,AG,2026-01-06,2026-01-30,21:00,02:30,commodity-v1
SHFE,AL,2011-01-04,2011-05-16,none,none,commodity-v1
SHFE,AL,2011-07-29,2012-02-22,none,none,commodity-v1
SHFE,AL,2014-07-03,2014-09-05,21:00,01:00,commodity-v1
SHFE,AL,2014-09-09,2014-09-09,none,none,commodity-v1
SHFE,AL,2014-09-10,2014-09-30,21:00,01:00,commodity-v1
SHFE,AL,2014-10-08,2014-10-08,none,none,commodity-v1
SHFE,AL,2014-10-09,2014-12-31,21:00,01:00,commodity-v1
SHFE,AL,2015-01-05,2015-01-05,none,none,commodity-v1
SHFE,AL,2015-01-06,2015-02-17,21:00,01:00,commodity-v1
SHFE,AL,2015-02-25,2015-02-25,none,none,commodity-v1
SHFE,AL,2015-02-26,2015-04-03,21:00,01:00,commodity-v1
SHFE,AL,2015-04-07,2015-04-07,none,none,commodity-v1
SHFE,AL,2015-04-08,2015-04-30,21:00,01:00,commodity-v1
SHFE,AL,2015-05-04,2015-05-04,none,none,commodity-v1
SHFE,AL,2015-05-05,2015-06-19,21:00,01:00,commodity-v1
SHFE,AL,2015-06-23,2015-06-23,none,none,commodity-v1
SHFE,AL,2015-06-24,2015-08-03,21:00,01:00,commodity-v1
SHFE,AL,2015-10-21,2015-12-31,21:00,01:00,commodity-v1
SHFE,AL,2016-01-04,2016-01-04,none,none,commodity-v1
SHFE,AL,2016-01-05,2016-02-05,21:00,01:00,commodity-v1
SHFE,AL,2016-02-15,2016-02-15,none,none,commodity-v1
SHFE,AL,2016-02-16,2016-04-01,21:00,01:00,commodity-v1
SHFE,AL,2016-04-05,2016-04-05,none,none,commodity-v1
SHFE,AL,2016-04-06,2016-04-29,21:00,01:00,commodity-v1
SHFE,AL,2016-05-03,2016-05-03,none,none,commodity-v1
SHFE,AL,2016-05-04,2016-06-08,21:00,01:00,commodity-v1
SHFE,AL,2016-06-13,2016-06-13,none,none,commodity-v1
SHFE,AL,2016-06-14,2016-09-14,21:00,01:00,commodity-v1
SHFE,AL,2016-09-19,2016-09-19,none,none,commodity-v1
SHFE,AL,2016-09-20,2016-09-30,21:00,01:00,commodity-v1
SHFE,AL,2016-10-10,2016-10-10,none,none,commodity-v1
SHFE,AL,2016-10-11,2016-12-30,21:00,01:00,commodity-v1
SHFE,AL,2017-01-03,2017-01-03,none,none,commodity-v1
SHFE,AL,2017-01-04,2017-01-26,21:00,01:00,commodity-v1
SHFE,AL,2017-02-03,2017-02-03,none,none,commodity-v1
SHFE,AL,2017-02-06,2017-03-31,21:00,01:00,commodity-v1
SHFE,AL,2017-04-05,2017-04-05,none,none,commodity-v1
SHFE,AL,2017-04-06,2017-04-28,21:00,01:00,commodity-v1
SHFE,AL,2017-05-02,2017-05-02,none,none,commodity-v1
SHFE,AL,2017-05-03,2017-05-26,21:00,01:00,commodity-v1
SHFE,AL,2017-05-31,2017-05-31,none,none,commodity-v1
SHFE,AL,2017-06-01,2017-09-29,21:00,01:00,commodity-v1
SHFE,AL,2017-10-09,2017-10-09,none,none,commodity-v1
SHFE,AL,2017-10-10,2017-12-29,21:00,01:00,commodity-v1
SHFE,AL,2018-01-02,2018-01-02,none,none,commodity-v1
SHFE,AL,2018-01-03,2018-02-14,21:00,01:00,commodity-v1
SHFE,AL,2018-02-22,2018-02-22,none,none,commodity-v1
SHFE,AL,2018-02-23,2018-04-04,21:00,01:00,commodity-v1
SHFE,AL,2018-04-09,2018-04-09,none,none,commodity-v1
SHFE,AL,2018-04-10,2018-04-27,21:00,01:00,commodity-v1
SHFE,AL,2018-05-02,2018-05-02,none,none,commodity-v1
SHFE,AL,2018-05-03,2018-06-15,21:00,01:00,commodity-v1
SHFE,AL,2018-06-19,2018-06-19,none,none,commodity-v1
SHFE,AL,2018-06-20,2018-09-21,21:00,01:00,commodity-v1
SHFE,AL,2018-09-25,2018-09-25,none,none,commodity-v1
SHFE,AL,2018-09-26,2018-09-28,21:00,01:00,commodity-v1
SHFE,AL,2018-10-08,2018-10-08,none,none,commodity-v1
SHFE,AL,2018-10-09,2018-12-28,21:00,01:00,commodity-v1
SHFE,AL,2019-01-02,2019-01-02,none,none,commodity-v1
SHFE,AL,2019-01-03,2019-02-01,21:00,01:00,commodity-v1
SHFE,AL,2019-02-11,2019-02-11,none,none,commodity-v1
SHFE,AL,2019-02-12,2019-04-04,21:00,01:00,commodity-v1
SHFE,AL,2019-04-08,2019-04-08,none,none,commodity-v1
SHFE,AL,2019-04-09,2019-04-30,21:00,01:00,commodity-v1
SHFE,AL,2019-05-06,2019-05-06,none,none,commodity-v1
SHFE,AL,2019-05-07,2019-06-06,21:00,01:00,commodity-v1
SHFE,AL,2019-06-10,2019-06-10,none,none,commodity-v1
SHFE,AL,2019-06-11,2019-09-12,21:00,01:00,commodity-v1
SHFE,AL,2019-09-16,2019-09-16,none,none,commodity-v1
SHFE,AL,2019-09-17,2019-09-30,21:00,01:00,commodity-v1
SHFE,AL,2019-10-08,2019-10-08,none,none,commodity-v1
SHFE,AL,2019-10-09,2019-12-25,21:00,01:00,commodity-v1
SHFE,AL,2019-12-26,2019-12-26,22:30,01:00,commodity-v1
SHFE,AL,2019-12-27,2019-12-31,21:00,01:00,commodity-v1
SHFE,AL,2020-01-02,2020-01-02,none,none,commodity-v1
SHFE,AL,2020-01-03,2020-01-23,21:00,01:00,commodity-v1
SHFE,AL,2020-02-03,2020-05-06,none,none,commodity-v1
SHFE,AL,2020-05-07,2020-06-24,21:00,01:00,commodity-v1
SHFE,AL,2020-06-29,2020-06-29,none,none,commodity-v1
SHFE,AL,2020-06-30,2020-09-30,21:00,01:00,commodity-v1
SHFE,AL,2020-10-09,2020-10-09,none,none,commodity-v1
SHFE,AL,2020-10-12,2020-12-31,21:00,01:00,commodity-v1
SHFE,AL,2021-01-04,2021-01-04,none,none,commodity-v1
SHFE,AL,2021-01-05,2021-02-10,21:00,01:00,commodity-v1
SHFE,AL,2021-02-18,2021-02-18,none,none,commodity-v1
SHFE,AL,2021-02-19,2021-04-02,21:00,01:00,commodity-v1
SHFE,AL,2021-04-06,2021-04-06,none,none,commodity-v1
SHFE,AL,2021-04-07,2021-04-30,21:00,01:00,commodity-v1
SHFE,AL,2021-05-06,2021-05-06,none,none,commodity-v1
SHFE,AL,2021-05-07,2021-06-11,21:00,01:00,commodity-v1
SHFE,AL,2021-06-15,2021-06-15,none,none,commodity-v1
SHFE,AL,2021-06-16,2021-09-17,21:00,01:00,commodity-v1
SHFE,AL,2021-09-22,2021-09-22,none,none,commodity-v1
SHFE,AL,2021-09-23,2021-09-30,21:00,01:00,commodity-v1
SHFE,AL,2021-10-08,2021-10-08,none,none,commodity-v1
SHFE,AL,2021-10-11,2021-12-31,21:00,01:00,commodity-v1
SHFE,AL,2022-01-04,2022-01-04,none,none,commodity-v1
SHFE,AL,2022-01-05,2022-01-28,21:00,01:00,commodity-v1
SHFE,AL,2022-02-07,2022-02-07,none,none,commodity-v1
SHFE,AL,2022-02-08,2022-04-01,21:00,01:00,commodity-v1
SHFE,AL,2022-04-06,2022-04-06,none,none,commodity-v1
SHFE,AL,2022-04-07,2022-04-29,21:00,01:00,commodity-v1
SHFE,AL,2022-05-05,2022-05-05,none,none,commodity-v1
SHFE,AL,2022-05-06,2022-06-02,21:00,01:00,commodity-v1
SHFE,AL,2022-06-06,2022-06-06,none,none,commodity-v1
SHFE,AL,2022-06-07,2022-09-09,21:00,01:00,commodity-v1
SHFE,AL,2022-09-13,2022-09-13,none,none,commodity-v1
SHFE,AL,2022-09-14,2022-09-30,21:00,01:00,commodity-v1
SHFE,AL,2022-10-10,2022-10-10,none,none,commodity-v1
SHFE,AL,2022-10-11,2022-12-30,21:00,01:00,commodity-v1
SHFE,AL,2023-01-03,2023-01-03,none,none,commodity-v1
SHFE,AL,2023-01-04,2023-01-20,21:00,01:00,commodity-v1
SHFE,AL,2023-01-30,2023-01-30,none,none,commodity-v1
SHFE,AL,2023-01-31,2023-04-04,21:00,01:00,commodity-v1
SHFE,AL,2023-04-06,2023-04-06,none,none,commodity-v1
SHFE,AL,2023-04-07,2023-04-28,21:00,01:00,commodity-v1
SHFE,AL,2023-05-04,2023-05-04,none,none,commodity-v1
SHFE,AL,2023-05-05,2023-06-21,21:00,01:00,commodity-v1
SHFE,AL,2023-06-26,2023-06-26,none,none,commodity-v1
SHFE,AL,2023-06-27,2023-09-28,21:00,01:00,commodity-v1
SHFE,AL,2023-10-09,2023-10-09,none,none,commodity-v1
SHFE,AL,2023-10-10,2023-12-29,21:00,01:00,commodity-v1
SHFE,AL,2024-01-02,2024-01-02,none,none,commodity-v1
SHFE,AL,2024-01-03,2024-02-08,21:00,01:00,commodity-v1
SHFE,AL,2024-02-19,2024-02-19,none,none,commodity-v1
SHFE,AL,2024-02-20,2024-04-03,21:00,01:00,commodity-v1
SHFE,AL,2024-04-08,2024-04-08,none,none,commodity-v1
SHFE,AL,2024-04-09,2024-04-30,21:00,01:00,commodity-v1
SHFE,AL,2024-05-06,2024-05-06,none,none,commodity-v1
SHFE,AL,2024-05-07,2024-06-07,21:00,01:00,commodity-v1
SHFE,AL,2024-06-11,2024-06-11,none,none,commodity-v1
SHFE,AL,2024-06-12,2024-09-13,21:00,01:00,commodity-v1
SHFE,AL,2024-09-18,2024-09-18,none,none,commodity-v1
SHFE,AL,2024-09-19,2024-09-30,21:00,01:00,commodity-v1
SHFE,AL,2024-10-08,2024-10-08,none,none,commodity-v1
SHFE,AL,2024-10-09,2024-12-31,21:00,01:00,commodity-v1
SHFE,AL,2025-01-02,2025-01-02,none,none,commodity-v1
SHFE,AL,2025-01-03,2025-01-27,21:00,01:00,commodity-v1
SHFE,AL,2025-02-05,2025-02-05,none,none,commodity-v1
SHFE,AL,2025-02-06,2025-04-03,21:00,01:00,commodity-v1
SHFE,AL,2025-04-07,2025-04-07,none,none,commodity-v1
SHFE,AL,2025-04-08,2025-04-30,21:00,01:00,commodity-v1
SHFE,AL,2025-05-06,2025-05-06,none,none,commodity-v1
SHFE,AL,2025-05-07,2025-05-30,21:00,01:00,commodity-v1
SHFE,AL,2025-06-03,2025-06-03,none,none,commodity-v1
SHFE,AL,2025-06-04,2025-09-30,21:00,01:00,commodity-v1
SHFE,AL,2025-10-09,2025-10-09,none,none,commodity-v1
SHFE,AL,2025-10-10,2025-12-31,21:00,01:00,commodity-v1
SHFE,AL,2026-01-05,2026-01-05,none,none,commodity-v1
SHFE,AL,2026-01-06,2026-01-30,21:00,01:00,commodity-v1
SHFE,AO,2023-12-14,2023-12-29,21:00,01:00,commodity-v1
SHFE,AO,2024-01-02,2024-01-02,none,none,commodity-v1
SHFE,AO,2024-01-03,2024-02-08,21:00,01:00,commodity-v1
SHFE,AO,2024-02-19,2024-02-19,none,none,commodity-v1
SHFE,AO,2024-02-20,2024-04-03,21:00,01:00,commodity-v1
SHFE,AO,2024-04-08,2024-04-08,none,none,commodity-v1
SHFE,AO,2024-04-09,2024-04-30,21:00,01:00,commodity-v1
SHFE,AO,2024-05-06,2024-05-06,none,none,commodity-v1
SHFE,AO,2024-05-07,2024-06-07,21:00,01:00,commodity-v1
SHFE,AO,2024-06-11,2024-06-11,none,none,commodity-v1
SHFE,AO,2024-06-12,2024-09-13,21:00,01:00,commodity-v1
SHFE,AO,2024-09-18,2024-09-18,none,none,commodity-v1
SHFE,AO,2024-09-19,2024-09-30,21:00,01:00,commodity-v1
SHFE,AO,2024-10-08,2024-10-08,none,none,commodity-v1
SHFE,AO,2024-10-09,2024-12-31,21:00,01:00,commodity-v1
SHFE,AO,2025-01-02,2025-01-02,none,none,commodity-v1
SHFE,AO,2025-01-03,2025-01-27,21:00,01:00,commodity-v1
SHFE,AO,2025-02-05,2025-02-05,none,none,commodity-v1
SHFE,AO,2025-02-06,2025-04-03,21:00,01:00,commodity-v1
SHFE,AO,2025-04-07,2025-04-07,none,none,commodity-v1
SHFE,AO,2025-04-08,2025-04-30,21:00,01:00,commodity-v1
SHFE,AO,2025-05-06,2025-05-06,none,none,commodity-v1
SHFE,AO,2025-05-07,2025-05-30,21:00,01:00,commodity-v1
SHFE,AO,2025-06-03,2025-06-03,none,none,commodity-v1
SHFE,AO,2025-06-04,2025-09-30,21:00,01:00,commodity-v1
SHFE,AO,2025-10-09,2025-10-09,none,none,commodity-v1
SHFE,AO,2025-10-10,2025-12-31,21:00,01:00,commodity-v1
SHFE,AO,2026-01-05,2026-01-05,none,none,commodity-v1
SHFE,AO,2026-01-06,2026-01-30,21:00,01:00,commodity-v1
SHFE,AU,2011-01-04,2011-07-07,none,none,commodity-v1
SHFE,AU,2011-07-19,2013-07-05,none,none,commodity-v1
SHFE,AU,2013-07-08,2013-09-18,21:00,02:30,commodity-v1
SHFE,AU,2013-09-23,2013-09-23,none,none,commodity-v1
SHFE,AU,2013-09-24,2013-09-30,21:00,02:30,commodity-v1
SHFE,AU,2013-10-08,2013-10-08,none,none,commodity-v1
SHFE,AU,2013-10-09,2013-12-31,21:00,02:30,commodity-v1
SHFE,AU,2014-01-02,2014-01-02,none,none,commodity-v1
SHFE,AU,2014-01-03,2014-01-30,21:00,02:30,commodity-v1
SHFE,AU,2014-02-07,2014-02-07,none,none,commodity-v1
SHFE,AU,2014-02-10,2014-04-04,21:00,02:30,commodity-v1
SHFE,AU,2014-04-08,2014-04-08,none,none,commodity-v1
SHFE,AU,2014-04-09,2014-04-30,21:00,02:30,commodity-v1
SHFE,AU,2014-05-05,2014-05-05,none,none,commodity-v1
SHFE,AU,2014-05-06,2014-05-30,21:00,02:30,commodity-v1
SHFE,AU,2014-06-03,2014-06-03,none,none,commodity-v1
SHFE,AU,2014-06-04,2014-09-05,21:00,02:30,commodity-v1
SHFE,AU,2014-09-09,2014-09-09,none,none,commodity-v1
SHFE,AU,2014-09-10,2014-09-30,21:00,02:30,commodity-v1
SHFE,AU,2014-10-08,2014-10-08,none,none,commodity-v1
SHFE,AU,2014-10-09,2014-12-31,21:00,02:30,commodity-v1
SHFE,AU,2015-01-05,2015-01-05,none,none,commodity-v1
SHFE,AU,2015-01-06,2015-02-17,21:00,02:30,commodity-v1
SHFE,AU,2015-02-25,2015-02-25,none,none,commodity-v1
SHFE,AU,2015-02-26,2015-04-03,21:00,02:30,commodity-v1
SHFE,AU,2015-04-07,2015-04-07,none,none,commodity-v1
SHFE,AU,2015-04-08,2015-04-30,21:00,02:30,commodity-v1
SHFE,AU,2015-05-04,2015-05-04,none,none,commodity-v1
SHFE,AU,2015-05-05,2015-06-19,21:00,02:30,commodity-v1
SHFE,AU,2015-06-23,2015-06-23,none,none,commodity-v1
SHFE,AU,2015-06-24,2015-09-02,21:00,02:30,commodity-v1
SHFE,AU,2015-09-07,2015-09-07,none,none,commodity-v1
SHFE,AU,2015-09-08,2015-09-25,21:00,02:30,commodity-v1
SHFE,AU,2015-09-28,2015-09-28,none,none,commodity-v1
SHFE,AU,2015-09-29,2015-09-30,21:00,02:30,commodity-v1
SHFE,AU,2015-10-08,2015-10-08,none,none,commodity-v1
SHFE,AU,2015-10-09,2015-12-31,21:00,02:30,commodity-v1
SHFE,AU,2016-01-04,2016-01-04,none,none,commodity-v1
SHFE,AU,2016-01-05,2016-02-05,21:00,02:30,commodity-v1
SHFE,AU,2016-02-15,2016-02-15,none,none,commodity-v1
SHFE,AU,2016-02-16,2016-04-01,21:00,02:30,commodity-v1
SHFE,AU,2016-04-05,2016-04-05,none,none,commodity-v1
SHFE,AU,2016-04-06,2016-04-29,21:00,02:30,commodity-v1
SHFE,AU,2016-05-03,2016-05-03,none,none,commodity-v1
SHFE,AU,2016-05-04,2016-06-08,21:00,02:30,commodity-v1
SHFE,AU,2016-06-13,2016-06-13,none,none,commodity-v1
SHFE,AU,2016-06-14,2016-09-14,21:00,02:30,commodity-v1
SHFE,AU,2016-09-19,2016-09-19,none,none,commodity-v1
SHFE,AU,2016-09-20,2016-09-30,21:00,02:30,commodity-v1
SHFE,AU,2016-10-10,2016-10-10,none,none,commodity-v1
SHFE,AU,2016-10-11,2016-12-30,21:00,02:30,commodity-v1
SHFE,AU,2017-01-03,2017-01-03,none,none,commodity-v1
SHFE,AU,2017-01-04,2017-01-26,21:00,02:30,commodity-v1
SHFE,AU,2017-02-03,2017-02-03,none,none,commodity-v1
SHFE,AU,2017-02-06,2017-03-31,21:00,02:30,commodity-v1
SHFE,AU,2017-04-05,2017-04-05,none,none,commodity-v1
SHFE,AU,2017-04-06,2017-04-28,21:00,02:30,commodity-v1
SHFE,AU,2017-05-02,2017-05-02,none,none,commodity-v1
SHFE,AU,2017-05-03,2017-05-26,21:00,02:30,commodity-v1
SHFE,AU,2017-05-31,2017-05-31,none,none,commodity-v1
SHFE,AU,2017-06-01,2017-09-29,21:00,02:30,commodity-v1
SHFE,AU,2017-10-09,2017-10-09,none,none,commodity-v1
SHFE,AU,2017-10-10,2017-12-29,21:00,02:30,commodity-v1
SHFE,AU,2018-01-02,2018-01-02,none,none,commodity-v1
SHFE,AU,2018-01-03,2018-02-14,21:00,02:30,commodity-v1
SHFE,AU,2018-02-22,2018-02-22,none,none,commodity-v1
SHFE,AU,2018-02-23,2018-04-04,21:00,02:30,commodity-v1
SHFE,AU,2018-04-09,2018-04-09,none,none,commodity-v1
SHFE,AU,2018-04-10,2018-04-27,21:00,02:30,commodity-v1
SHFE,AU,2018-05-02,2018-05-02,none,none,commodity-v1
SHFE,AU,2018-05-03,2018-06-15,21:00,02:30,commodity-v1
SHFE,AU,2018-06-19,2018-06-19,none,none,commodity-v1
SHFE,AU,2018-06-20,2018-09-21,21:00,02:30,commodity-v1
SHFE,AU,2018-09-25,2018-09-25,none,none,commodity-v1
SHFE,AU,2018-09-26,2018-09-28,21:00,02:30,commodity-v1
SHFE,AU,2018-10-08,2018-10-08,none,none,commodity-v1
SHFE,AU,2018-10-09,2018-12-28,21:00,02:30,commodity-v1
SHFE,AU,2019-01-02,2019-01-02,none,none,commodity-v1
SHFE,AU,2019-01-03,2019-02-01,21:00,02:30,commodity-v1
SHFE,AU,2019-02-11,2019-02-11,none,none,commodity-v1
SHFE,AU,2019-02-12,2019-04-04,21:00,02:30,commodity-v1
SHFE,AU,2019-04-08,2019-04-08,none,none,commodity-v1
SHFE,AU,2019-04-09,2019-04-30,21:00,02:30,commodity-v1
SHFE,AU,2019-05-06,2019-05-06,none,none,commodity-v1
SHFE,AU,2019-05-07,2019-06-06,21:00,02:30,commodity-v1
SHFE,AU,2019-06-10,2019-06-10,none,none,commodity-v1
SHFE,AU,2019-06-11,2019-09-12,21:00,02:30,commodity-v1
SHFE,AU,2019-09-16,2019-09-16,none,none,commodity-v1
SHFE,AU,2019-09-17,2019-09-30,21:00,02:30,commodity-v1
SHFE,AU,2019-10-08,2019-10-08,none,none,commodity-v1
SHFE,AU,2019-10-09,2019-12-25,21:00,02:30,commodity-v1
SHFE,AU,2019-12-26,2019-12-26,22:30,02:30,commodity-v1
SHFE,AU,2019-12-27,2019-12-31,21:00,02:30,commodity-v1
SHFE,AU,2020-01-02,2020-01-02,none,none,commodity-v1
SHFE,AU,2020-01-03,2020-01-23,21:00,02:30,commodity-v1
SHFE,AU,2020-02-03,2020-05-06,none,none,commodity-v1
SHFE,AU,2020-05-07,2020-06-24,21:00,02:30,commodity-v1
SHFE,AU,2020-06-29,2020-06-29,none,none,commodity-v1
SHFE,AU,2020-06-30,2020-09-30,21:00,02:30,commodity-v1
SHFE,AU,2020-10-09,2020-10-09,none,none,commodity-v1
SHFE,AU,2020-10-12,2020-12-31,21:00,02:30,commodity-v1
SHFE,AU,2021-01-04,2021-01-04,none,none,commodity-v1
SHFE,AU,2021-01-05,2021-02-10,21:00,02:30,commodity-v1
SHFE,AU,2021-02-18,2021-02-18,none,none,commodity-v1
SHFE,AU,2021-02-19,2021-04-02,21:00,02:30,commodity-v1
SHFE,AU,2021-04-06,2021-04-06,none,none,commodity-v1
SHFE,AU,2021-04-07,2021-04-30,21:00,02:30,commodity-v1
SHFE,AU,2021-05-06,2021-05-06,none,none,commodity-v1
SHFE,AU,2021-05-07,2021-06-11,21:00,02:30,commodity-v1
SHFE,AU,2021-06-15,2021-06-15,none,none,commodity-v1
SHFE,AU,2021-06-16,2021-09-17,21:00,02:30,commodity-v1
SHFE,AU,2021-09-22,2021-09-22,none,none,commodity-v1
SHFE,AU,2021-09-23,2021-09-30,21:00,02:30,commodity-v1
SHFE,AU,2021-10-08,2021-10-08,none,none,commodity-v1
SHFE,AU,2021-10-11,2021-12-31,21:00,02:30,commodity-v1
SHFE,AU,2022-01-04,2022-01-04,none,none,commodity-v1
SHFE,AU,2022-01-05,2022-01-28,21:00,02:30,commodity-v1
SHFE,AU,2022-02-07,2022-02-07,none,none,commodity-v1
SHFE,AU,2022-02-08,2022-04-01,21:00,02:30,commodity-v1
SHFE,AU,2022-04-06,2022-04-06,none,none,commodity-v1
SHFE,AU,2022-04-07,2022-04-29,21:00,02:30,commodity-v1
SHFE,AU,2022-05-05,2022-05-05,none,none,commodity-v1
SHFE,AU,2022-05-06,2022-06-02,21:00,02:30,commodity-v1
SHFE,AU,2022-06-06,2022-06-06,none,none,commodity-v1
SHFE,AU,2022-06-07,2022-09-09,21:00,02:30,commodity-v1
SHFE,AU,2022-09-13,2022-09-13,none,none,commodity-v1
SHFE,AU,2022-09-14,2022-09-30,21:00,02:30,commodity-v1
SHFE,AU,2022-10-10,2022-10-10,none,none,commodity-v1
SHFE,AU,2022-10-11,2022-12-30,21:00,02:30,commodity-v1
SHFE,AU,2023-01-03,2023-01-03,none,none,commodity-v1
SHFE,AU,2023-01-04,2023-01-20,21:00,02:30,commodity-v1
SHFE,AU,2023-01-30,2023-01-30,none,none,commodity-v1
SHFE,AU,2023-01-31,2023-04-04,21:00,02:30,commodity-v1
SHFE,AU,2023-04-06,2023-04-06,none,none,commodity-v1
SHFE,AU,2023-04-07,2023-04-28,21:00,02:30,commodity-v1
SHFE,AU,2023-05-04,2023-05-04,none,none,commodity-v1
SHFE,AU,2023-05-05,2023-06-21,21:00,02:30,commodity-v1
SHFE,AU,2023-06-26,2023-06-26,none,none,commodity-v1
SHFE,AU,2023-06-27,2023-09-28,21:00,02:30,commodity-v1
SHFE,AU,2023-10-09,2023-10-09,none,none,commodity-v1
SHFE,AU,2023-10-10,2023-12-29,21:00,02:30,commodity-v1
SHFE,AU,2024-01-02,2024-01-02,none,none,commodity-v1
SHFE,AU,2024-01-03,2024-02-08,21:00,02:30,commodity-v1
SHFE,AU,2024-02-19,2024-02-19,none,none,commodity-v1
SHFE,AU,2024-02-20,2024-04-03,21:00,02:30,commodity-v1
SHFE,AU,2024-04-08,2024-04-08,none,none,commodity-v1
SHFE,AU,2024-04-09,2024-04-30,21:00,02:30,commodity-v1
SHFE,AU,2024-05-06,2024-05-06,none,none,commodity-v1
SHFE,AU,2024-05-07,2024-06-07,21:00,02:30,commodity-v1
SHFE,AU,2024-06-11,2024-06-11,none,none,commodity-v1
SHFE,AU,2024-06-12,2024-09-13,21:00,02:30,commodity-v1
SHFE,AU,2024-09-18,2024-09-18,none,none,commodity-v1
SHFE,AU,2024-09-19,2024-09-30,21:00,02:30,commodity-v1
SHFE,AU,2024-10-08,2024-10-08,none,none,commodity-v1
SHFE,AU,2024-10-09,2024-12-31,21:00,02:30,commodity-v1
SHFE,AU,2025-01-02,2025-01-02,none,none,commodity-v1
SHFE,AU,2025-01-03,2025-01-27,21:00,02:30,commodity-v1
SHFE,AU,2025-02-05,2025-02-05,none,none,commodity-v1
SHFE,AU,2025-02-06,2025-04-03,21:00,02:30,commodity-v1
SHFE,AU,2025-04-07,2025-04-07,none,none,commodity-v1
SHFE,AU,2025-04-08,2025-04-30,21:00,02:30,commodity-v1
SHFE,AU,2025-05-06,2025-05-06,none,none,commodity-v1
SHFE,AU,2025-05-07,2025-05-30,21:00,02:30,commodity-v1
SHFE,AU,2025-06-03,2025-06-03,none,none,commodity-v1
SHFE,AU,2025-06-04,2025-09-30,21:00,02:30,commodity-v1
SHFE,AU,2025-10-09,2025-10-09,none,none,commodity-v1
SHFE,AU,2025-10-10,2025-12-31,21:00,02:30,commodity-v1
SHFE,AU,2026-01-05,2026-01-05,none,none,commodity-v1
SHFE,AU,2026-01-06,2026-01-30,21:00,02:30,commodity-v1
SHFE,BR,2024-01-23,2024-02-08,21:00,23:00,commodity-v1
SHFE,BR,2024-02-19,2024-02-19,none,none,commodity-v1
SHFE,BR,2024-02-20,2024-03-14,21:00,23:00,commodity-v1
SHFE,BR,2024-06-17,2024-09-13,21:00,23:00,commodity-v1
SHFE,BR,2024-09-18,2024-09-18,none,none,commodity-v1
SHFE,BR,2024-09-19,2024-09-30,21:00,23:00,commodity-v1
SHFE,BR,2024-10-08,2024-10-08,none,none,commodity-v1
SHFE,BR,2024-10-09,2024-12-31,21:00,23:00,commodity-v1
SHFE,BR,2025-01-02,2025-01-02,none,none,commodity-v1
SHFE,BR,2025-01-03,2025-01-27,21:00,23:00,commodity-v1
SHFE,BR,2025-02-05,2025-02-05,none,none,commodity-v1
SHFE,BR,2025-02-06,2025-04-03,21:00,23:00,commodity-v1
SHFE,BR,2025-04-07,2025-04-07,none,none,commodity-v1
SHFE,BR,2025-04-08,2025-04-30,21:00,23:00,commodity-v1
SHFE,BR,2025-05-06,2025-05-06,none,none,commodity-v1
SHFE,BR,2025-05-07,2025-05-30,21:00,23:00,commodity-v1
SHFE,BR,2025-06-03,2025-06-03,none,none,commodity-v1
SHFE,BR,2025-06-04,2025-09-30,21:00,23:00,commodity-v1
SHFE,BR,2025-10-09,2025-10-09,none,none,commodity-v1
SHFE,BR,2025-10-10,2025-12-31,21:00,23:00,commodity-v1
SHFE,BR,2026-01-05,2026-01-05,none,none,commodity-v1
SHFE,BR,2026-01-06,2026-01-30,21:00,23:00,commodity-v1
SHFE,BU,2015-10-22,2015-12-31,21:00,01:00,commodity-v1
SHFE,BU,2016-01-04,2016-01-04,none,none,commodity-v1
SHFE,BU,2016-01-05,2016-02-05,21:00,01:00,commodity-v1
SHFE,BU,2016-02-15,2016-02-15,none,none,commodity-v1
SHFE,BU,2016-02-16,2016-04-01,21:00,01:00,commodity-v1
SHFE,BU,2016-04-05,2016-04-05,none,none,commodity-v1
SHFE,BU,2016-04-06,2016-04-29,21:00,01:00,commodity-v1
SHFE,BU,2016-05-03,2016-05-03,none,none,commodity-v1
SHFE,BU,2016-05-04,2016-06-08,21:00,23:00,commodity-v1
SHFE,BU,2016-06-13,2016-06-13,none,none,commodity-v1
SHFE,BU,2016-06-14,2016-09-14,21:00,23:00,commodity-v1
SHFE,BU,2016-09-19,2016-09-19,none,none,commodity-v1
SHFE,BU,2016-09-20,2016-09-30,21:00,23:00,commodity-v1
SHFE,BU,2016-10-10,2016-10-10,none,none,commodity-v1
SHFE,BU,2016-10-11,2016-12-30,21:00,23:00,commodity-v1
SHFE,BU,2017-01-03,2017-01-03,none,none,commodity-v1
SHFE,BU,2017-01-04,2017-01-26,21:00,23:00,commodity-v1
SHFE,BU,2017-02-03,2017-02-03,none,none,commodity-v1
SHFE,BU,2017-02-06,2017-03-31,21:00,23:00,commodity-v1
SHFE,BU,2017-04-05,2017-04-05,none,none,commodity-v1
SHFE,BU,2017-04-06,2017-04-28,21:00,23:00,commodity-v1
SHFE,BU,2017-05-02,2017-05-02,none,none,commodity-v1
SHFE,BU,2017-05-03,2017-05-26,21:00,23:00,commodity-v1
SHFE,BU,2017-05-31,2017-05-31,none,none,commodity-v1
SHFE,BU,2017-06-01,2017-09-29,21:00,23:00,commodity-v1
SHFE,BU,2017-10-09,2017-10-09,none,none,commodity-v1
SHFE,BU,2017-10-10,2017-12-29,21:00,23:00,commodity-v1
SHFE,BU,2018-01-02,2018-01-02,none,none,commodity-v1
SHFE,BU,2018-01-03,2018-02-14,21:00,23:00,commodity-v1
SHFE,BU,2018-02-22,2018-02-22,none,none,commodity-v1
SHFE,BU,2018-02-23,2018-04-04,21:00,23:00,commodity-v1
SHFE,BU,2018-04-09,2018-04-09,none,none,commodity-v1
SHFE,BU,2018-04-10,2018-04-27,21:00,23:00,commodity-v1
SHFE,BU,2018-05-02,2018-05-02,none,none,commodity-v1
SHFE,BU,2018-05-03,2018-06-15,21:00,23:00,commodity-v1
SHFE,BU,2018-06-19,2018-06-19,none,none,commodity-v1
SHFE,BU,2018-06-20,2018-09-21,21:00,23:00,commodity-v1
SHFE,BU,2018-09-25,2018-09-25,none,none,commodity-v1
SHFE,BU,2018-09-26,2018-09-28,21:00,23:00,commodity-v1
SHFE,BU,2018-10-08,2018-10-08,none,none,commodity-v1
SHFE,BU,2018-10-09,2018-12-28,21:00,23:00,commodity-v1
SHFE,BU,2019-01-02,2019-01-02,none,none,commodity-v1
SHFE,BU,2019-01-03,2019-02-01,21:00,23:00,commodity-v1
SHFE,BU,2019-02-11,2019-02-11,none,none,commodity-v1
SHFE,BU,2019-02-12,2019-04-04,21:00,23:00,commodity-v1
SHFE,BU,2019-04-08,2019-04-08,none,none,commodity-v1
SHFE,BU,2019-04-09,2019-04-30,21:00,23:00,commodity-v1
SHFE,BU,2019-05-06,2019-05-06,none,none,commodity-v1
SHFE,BU,2019-05-07,2019-06-06,21:00,23:00,commodity-v1
SHFE,BU,2019-06-10,2019-06-10,none,none,commodity-v1
SHFE,BU,2019-06-11,2019-09-12,21:00,23:00,commodity-v1
SHFE,BU,2019-09-16,2019-09-16,none,none,commodity-v1
SHFE,BU,2019-09-17,2019-09-30,21:00,23:00,commodity-v1
SHFE,BU,2019-10-08,2019-10-08,none,none,commodity-v1
SHFE,BU,2019-10-09,2019-12-25,21:00,23:00,commodity-v1
SHFE,BU,2019-12-26,2019-12-26,22:30,23:00,commodity-v1
SHFE,BU,2019-12-27,2019-12-31,21:00,23:00,commodity-v1
SHFE,BU,2020-01-02,2020-01-02,none,none,commodity-v1
SHFE,BU,2020-01-03,2020-01-23,21:00,23:00,commodity-v1
SHFE,BU,2020-02-03,2020-05-06,none,none,commodity-v1
SHFE,BU,2020-05-07,2020-06-24,21:00,23:00,commodity-v1
SHFE,BU,2020-06-29,2020-06-29,none,none,commodity-v1
SHFE,BU,2020-06-30,2020-09-30,21:00,23:00,commodity-v1
SHFE,BU,2020-10-09,2020-10-09,none,none,commodity-v1
SHFE,BU,2020-10-12,2020-12-31,21:00,23:00,commodity-v1
SHFE,BU,2021-01-04,2021-01-04,none,none,commodity-v1
SHFE,BU,2021-01-05,2021-02-10,21:00,23:00,commodity-v1
SHFE,BU,2021-02-18,2021-02-18,none,none,commodity-v1
SHFE,BU,2021-02-19,2021-04-02,21:00,23:00,commodity-v1
SHFE,BU,2021-04-06,2021-04-06,none,none,commodity-v1
SHFE,BU,2021-04-07,2021-04-30,21:00,23:00,commodity-v1
SHFE,BU,2021-05-06,2021-05-06,none,none,commodity-v1
SHFE,BU,2021-05-07,2021-06-11,21:00,23:00,commodity-v1
SHFE,BU,2021-06-15,2021-06-15,none,none,commodity-v1
SHFE,BU,2021-06-16,2021-09-17,21:00,23:00,commodity-v1
SHFE,BU,2021-09-22,2021-09-22,none,none,commodity-v1
SHFE,BU,2021-09-23,2021-09-30,21:00,23:00,commodity-v1
SHFE,BU,2021-10-08,2021-10-08,none,none,commodity-v1
SHFE,BU,2021-10-11,2021-12-31,21:00,23:00,commodity-v1
SHFE,BU,2022-01-04,2022-01-04,none,none,commodity-v1
SHFE,BU,2022-01-05,2022-01-28,21:00,23:00,commodity-v1
SHFE,BU,2022-02-07,2022-02-07,none,none,commodity-v1
SHFE,BU,2022-02-08,2022-04-01,21:00,23:00,commodity-v1
SHFE,BU,2022-04-06,2022-04-06,none,none,commodity-v1
SHFE,BU,2022-04-07,2022-04-29,21:00,23:00,commodity-v1
SHFE,BU,2022-05-05,2022-05-05,none,none,commodity-v1
SHFE,BU,2022-05-06,2022-06-02,21:00,23:00,commodity-v1
SHFE,BU,2022-06-06,2022-06-06,none,none,commodity-v1
SHFE,BU,2022-06-07,2022-09-09,21:00,23:00,commodity-v1
SHFE,BU,2022-09-13,2022-09-13,none,none,commodity-v1
SHFE,BU,2022-09-14,2022-09-30,21:00,23:00,commodity-v1
SHFE,BU,2022-10-10,2022-10-10,none,none,commodity-v1
SHFE,BU,2022-10-11,2022-12-30,21:00,23:00,commodity-v1
SHFE,BU,2023-01-03,2023-01-03,none,none,commodity-v1
SHFE,BU,2023-01-04,2023-01-20,21:00,23:00,commodity-v1
SHFE,BU,2023-01-30,2023-01-30,none,none,commodity-v1
SHFE,BU,2023-01-31,2023-04-04,21:00,23:00,commodity-v1
SHFE,BU,2023-04-06,2023-04-06,none,none,commodity-v1
SHFE,BU,2023-04-07,2023-04-28,21:00,23:00,commodity-v1
SHFE,BU,2023-05-04,2023-05-04,none,none,commodity-v1
SHFE,BU,2023-05-05,2023-06-21,21:00,23:00,commodity-v1
SHFE,BU,2023-06-26,2023-06-26,none,none,commodity-v1
SHFE,BU,2023-06-27,2023-09-28,21:00,23:00,commodity-v1
SHFE,BU,2023-10-09,2023-10-09,none,none,commodity-v1
SHFE,BU,2023-10-10,2023-12-29,21:00,23:00,commodity-v1
SHFE,BU,2024-01-02,2024-01-02,none,none,commodity-v1
SHFE,BU,2024-01-03,2024-02-08,21:00,23:00,commodity-v1
SHFE,BU,2024-02-19,2024-02-19,none,none,commodity-v1
SHFE,BU,2024-02-20,2024-04-03,21:00,23:00,commodity-v1
SHFE,BU,2024-04-08,2024-04-08,none,none,commodity-v1
SHFE,BU,2024-04-09,2024-04-30,21:00,23:00,commodity-v1
SHFE,BU,2024-05-06,2024-05-06,none,none,commodity-v1
SHFE,BU,2024-05-07,2024-06-07,21:00,23:00,commodity-v1
SHFE,BU,2024-06-11,2024-06-11,none,none,commodity-v1
SHFE,BU,2024-06-12,2024-09-13,21:00,23:00,commodity-v1
SHFE,BU,2024-09-18,2024-09-18,none,none,commodity-v1
SHFE,BU,2024-09-19,2024-09-30,21:00,23:00,commodity-v1
SHFE,BU,2024-10-08,2024-10-08,none,none,commodity-v1
SHFE,BU,2024-10-09,2024-12-31,21:00,23:00,commodity-v1
SHFE,BU,2025-01-02,2025-01-02,none,none,commodity-v1
SHFE,BU,2025-01-03,2025-01-27,21:00,23:00,commodity-v1
SHFE,BU,2025-02-05,2025-02-05,none,none,commodity-v1
SHFE,BU,2025-02-06,2025-04-03,21:00,23:00,commodity-v1
SHFE,BU,2025-04-07,2025-04-07,none,none,commodity-v1
SHFE,BU,2025-04-08,2025-04-30,21:00,23:00,commodity-v1
SHFE,BU,2025-05-06,2025-05-06,none,none,commodity-v1
SHFE,BU,2025-05-07,2025-05-30,21:00,23:00,commodity-v1
SHFE,BU,2025-06-03,2025-06-03,none,none,commodity-v1
SHFE,BU,2025-06-04,2025-09-30,21:00,23:00,commodity-v1
SHFE,BU,2025-10-09,2025-10-09,none,none,commodity-v1
SHFE,BU,2025-10-10,2025-12-31,21:00,23:00,commodity-v1
SHFE,BU,2026-01-05,2026-01-05,none,none,commodity-v1
SHFE,BU,2026-01-06,2026-01-30,21:00,23:00,commodity-v1
SHFE,CU,2011-01-04,2013-12-20,none,none,commodity-v1
SHFE,CU,2013-12-23,2013-12-31,21:00,01:00,commodity-v1
SHFE,CU,2014-01-02,2014-01-02,none,none,commodity-v1
SHFE,CU,2014-01-03,2014-01-30,21:00,01:00,commodity-v1
SHFE,CU,2014-02-07,2014-02-07,none,none,commodity-v1
SHFE,CU,2014-02-10,2014-04-04,21:00,01:00,commodity-v1
SHFE,CU,2014-04-08,2014-04-08,none,none,commodity-v1
SHFE,CU,2014-04-09,2014-04-30,21:00,01:00,commodity-v1
SHFE,CU,2014-05-05,2014-05-05,none,none,commodity-v1
SHFE,CU,2014-05-06,2014-05-30,21:00,01:00,commodity-v1
SHFE,CU,2014-06-03,2014-06-03,none,none,commodity-v1
SHFE,CU,2014-06-04,2014-09-05,21:00,01:00,commodity-v1
SHFE,CU,2014-09-09,2014-09-09,none,none,commodity-v1
SHFE,CU,2014-09-10,2014-09-30,21:00,01:00,commodity-v1
SHFE,CU,2014-10-08,2014-10-08,none,none,commodity-v1
SHFE,CU,2014-10-09,2014-12-31,21:00,01:00,commodity-v1
SHFE,CU,2015-01-05,2015-01-05,none,none,commodity-v1
SHFE,CU,2015-01-06,2015-02-17,21:00,01:00,commodity-v1
SHFE,CU,2015-02-25,2015-02-25,none,none,commodity-v1
SHFE,CU,2015-02-26,2015-04-03,21:00,01:00,commodity-v1
SHFE,CU,2015-04-07,2015-04-07,none,none,commodity-v1
SHFE,CU,2015-04-08,2015-04-30,21:00,01:00,commodity-v1
SHFE,CU,2015-05-04,2015-05-04,none,none,commodity-v1
SHFE,CU,2015-05-05,2015-06-19,21:00,01:00,commodity-v1
SHFE,CU,2015-06-23,2015-06-23,none,none,commodity-v1
SHFE,CU,2015-06-24,2015-09-02,21:00,01:00,commodity-v1
SHFE,CU,2015-09-07,2015-09-07,none,none,commodity-v1
SHFE,CU,2015-09-08,2015-09-25,21:00,01:00,commodity-v1
SHFE,CU,2015-09-28,2015-09-28,none,none,commodity-v1
SHFE,CU,2015-09-29,2015-09-30,21:00,01:00,commodity-v1
SHFE,CU,2015-10-08,2015-10-08,none,none,commodity-v1
SHFE,CU,2015-10-09,2015-12-31,21:00,01:00,commodity-v1
SHFE,CU,2016-01-04,2016-01-04,none,none,commodity-v1
SHFE,CU,2016-01-05,2016-02-05,21:00,01:00,commodity-v1
SHFE,CU,2016-02-15,2016-02-15,none,none,commodity-v1
SHFE,CU,2016-02-16,2016-04-01,21:00,01:00,commodity-v1
SHFE,CU,2016-04-05,2016-04-05,none,none,commodity-v1
SHFE,CU,2016-04-06,2016-04-29,21:00,01:00,commodity-v1
SHFE,CU,2016-05-03,2016-05-03,none,none,commodity-v1
SHFE,CU,2016-05-04,2016-06-08,21:00,01:00,commodity-v1
SHFE,CU,2016-06-13,2016-06-13,none,none,commodity-v1
SHFE,CU,2016-06-14,2016-09-14,21:00,01:00,commodity-v1
SHFE,CU,2016-09-19,2016-09-19,none,none,commodity-v1
SHFE,CU,2016-09-20,2016-09-30,21:00,01:00,commodity-v1
SHFE,CU,2016-10-10,2016-10-10,none,none,commodity-v1
SHFE,CU,2016-10-11,2016-12-30,21:00,01:00,commodity-v1
SHFE,CU,2017-01-03,2017-01-03,none,none,commodity-v1
SHFE,CU,2017-01-04,2017-01-26,21:00,01:00,commodity-v1
SHFE,CU,2017-02-03,2017-02-03,none,none,commodity-v1
SHFE,CU,2017-02-06,2017-03-31,21:00,01:00,commodity-v1
SHFE,CU,2017-04-05,2017-04-05,none,none,commodity-v1
SHFE,CU,2017-04-06,2017-04-28,21:00,01:00,commodity-v1
SHFE,CU,2017-05-02,2017-05-02,none,none,commodity-v1
SHFE,CU,2017-05-03,2017-05-26,21:00,01:00,commodity-v1
SHFE,CU,2017-05-31,2017-05-31,none,none,commodity-v1
SHFE,CU,2017-06-01,2017-09-29,21:00,01:00,commodity-v1
SHFE,CU,2017-10-09,2017-10-09,none,none,commodity-v1
SHFE,CU,2017-10-10,2017-12-29,21:00,01:00,commodity-v1
SHFE,CU,2018-01-02,2018-01-02,none,none,commodity-v1
SHFE,CU,2018-01-03,2018-02-14,21:00,01:00,commodity-v1
SHFE,CU,2018-02-22,2018-02-22,none,none,commodity-v1
SHFE,CU,2018-02-23,2018-04-04,21:00,01:00,commodity-v1
SHFE,CU,2018-04-09,2018-04-09,none,none,commodity-v1
SHFE,CU,2018-04-10,2018-04-27,21:00,01:00,commodity-v1
SHFE,CU,2018-05-02,2018-05-02,none,none,commodity-v1
SHFE,CU,2018-05-03,2018-06-15,21:00,01:00,commodity-v1
SHFE,CU,2018-06-19,2018-06-19,none,none,commodity-v1
SHFE,CU,2018-06-20,2018-09-21,21:00,01:00,commodity-v1
SHFE,CU,2018-09-25,2018-09-25,none,none,commodity-v1
SHFE,CU,2018-09-26,2018-09-28,21:00,01:00,commodity-v1
SHFE,CU,2018-10-08,2018-10-08,none,none,commodity-v1
SHFE,CU,2018-10-09,2018-12-28,21:00,01:00,commodity-v1
SHFE,CU,2019-01-02,2019-01-02,none,none,commodity-v1
SHFE,CU,2019-01-03,2019-02-01,21:00,01:00,commodity-v1
SHFE,CU,2019-02-11,2019-02-11,none,none,commodity-v1
SHFE,CU,2019-02-12,2019-04-04,21:00,01:00,commodity-v1
SHFE,CU,2019-04-08,2019-04-08,none,none,commodity-v1
SHFE,CU,2019-04-09,2019-04-30,21:00,01:00,commodity-v1
SHFE,CU,2019-05-06,2019-05-06,none,none,commodity-v1
SHFE,CU,2019-05-07,2019-06-06,21:00,01:00,commodity-v1
SHFE,CU,2019-06-10,2019-06-10,none,none,commodity-v1
SHFE,CU,2019-06-11,2019-09-12,21:00,01:00,commodity-v1
SHFE,CU,2019-09-16,2019-09-16,none,none,commodity-v1
SHFE,CU,2019-09-17,2019-09-30,21:00,01:00,commodity-v1
SHFE,CU,2019-10-08,2019-10-08,none,none,commodity-v1
SHFE,CU,2019-10-09,2019-12-25,21:00,01:00,commodity-v1
SHFE,CU,2019-12-26,2019-12-26,22:30,01:00,commodity-v1
SHFE,CU,2019-12-27,2019-12-31,21:00,01:00,commodity-v1
SHFE,CU,2020-01-02,2020-01-02,none,none,commodity-v1
SHFE,CU,2020-01-03,2020-01-23,21:00,01:00,commodity-v1
SHFE,CU,2020-02-03,2020-05-06,none,none,commodity-v1
SHFE,CU,2020-05-07,2020-06-24,21:00,01:00,commodity-v1
SHFE,CU,2020-06-29,2020-06-29,none,none,commodity-v1
SHFE,CU,2020-06-30,2020-09-30,21:00,01:00,commodity-v1
SHFE,CU,2020-10-09,2020-10-09,none,none,commodity-v1
SHFE,CU,2020-10-12,2020-12-31,21:00,01:00,commodity-v1
SHFE,CU,2021-01-04,2021-01-04,none,none,commodity-v1
SHFE,CU,2021-01-05,2021-02-10,21:00,01:00,commodity-v1
SHFE,CU,2021-02-18,2021-02-18,none,none,commodity-v1
SHFE,CU,2021-02-19,2021-04-02,21:00,01:00,commodity-v1
SHFE,CU,2021-04-06,2021-04-06,none,none,commodity-v1
SHFE,CU,2021-04-07,2021-04-30,21:00,01:00,commodity-v1
SHFE,CU,2021-05-06,2021-05-06,none,none,commodity-v1
SHFE,CU,2021-05-07,2021-06-11,21:00,01:00,commodity-v1
SHFE,CU,2021-06-15,2021-06-15,none,none,commodity-v1
SHFE,CU,2021-06-16,2021-09-17,21:00,01:00,commodity-v1
SHFE,CU,2021-09-22,2021-09-22,none,none,commodity-v1
SHFE,CU,2021-09-23,2021-09-30,21:00,01:00,commodity-v1
SHFE,CU,2021-10-08,2021-10-08,none,none,commodity-v1
SHFE,CU,2021-10-11,2021-12-31,21:00,01:00,commodity-v1
SHFE,CU,2022-01-04,2022-01-04,none,none,commodity-v1
SHFE,CU,2022-01-05,2022-01-28,21:00,01:00,commodity-v1
SHFE,CU,2022-02-07,2022-02-07,none,none,commodity-v1
SHFE,CU,2022-02-08,2022-04-01,21:00,01:00,commodity-v1
SHFE,CU,2022-04-06,2022-04-06,none,none,commodity-v1
SHFE,CU,2022-04-07,2022-04-29,21:00,01:00,commodity-v1
SHFE,CU,2022-05-05,2022-05-05,none,none,commodity-v1
SHFE,CU,2022-05-06,2022-06-02,21:00,01:00,commodity-v1
SHFE,CU,2022-06-06,2022-06-06,none,none,commodity-v1
SHFE,CU,2022-06-07,2022-09-09,21:00,01:00,commodity-v1
SHFE,CU,2022-09-13,2022-09-13,none,none,commodity-v1
SHFE,CU,2022-09-14,2022-09-30,21:00,01:00,commodity-v1
SHFE,CU,2022-10-10,2022-10-10,none,none,commodity-v1
SHFE,CU,2022-10-11,2022-12-30,21:00,01:00,commodity-v1
SHFE,CU,2023-01-03,2023-01-03,none,none,commodity-v1
SHFE,CU,2023-01-04,2023-01-20,21:00,01:00,commodity-v1
SHFE,CU,2023-01-30,2023-01-30,none,none,commodity-v1
SHFE,CU,2023-01-31,2023-04-04,21:00,01:00,commodity-v1
SHFE,CU,2023-04-06,2023-04-06,none,none,commodity-v1
SHFE,CU,2023-04-07,2023-04-28,21:00,01:00,commodity-v1
SHFE,CU,2023-05-04,2023-05-04,none,none,commodity-v1
SHFE,CU,2023-05-05,2023-06-21,21:00,01:00,commodity-v1
SHFE,CU,2023-06-26,2023-06-26,none,none,commodity-v1
SHFE,CU,2023-06-27,2023-09-28,21:00,01:00,commodity-v1
SHFE,CU,2023-10-09,2023-10-09,none,none,commodity-v1
SHFE,CU,2023-10-10,2023-12-29,21:00,01:00,commodity-v1
SHFE,CU,2024-01-02,2024-01-02,none,none,commodity-v1
SHFE,CU,2024-01-03,2024-02-08,21:00,01:00,commodity-v1
SHFE,CU,2024-02-19,2024-02-19,none,none,commodity-v1
SHFE,CU,2024-02-20,2024-04-03,21:00,01:00,commodity-v1
SHFE,CU,2024-04-08,2024-04-08,none,none,commodity-v1
SHFE,CU,2024-04-09,2024-04-30,21:00,01:00,commodity-v1
SHFE,CU,2024-05-06,2024-05-06,none,none,commodity-v1
SHFE,CU,2024-05-07,2024-06-07,21:00,01:00,commodity-v1
SHFE,CU,2024-06-11,2024-06-11,none,none,commodity-v1
SHFE,CU,2024-06-12,2024-09-13,21:00,01:00,commodity-v1
SHFE,CU,2024-09-18,2024-09-18,none,none,commodity-v1
SHFE,CU,2024-09-19,2024-09-30,21:00,01:00,commodity-v1
SHFE,CU,2024-10-08,2024-10-08,none,none,commodity-v1
SHFE,CU,2024-10-09,2024-12-31,21:00,01:00,commodity-v1
SHFE,CU,2025-01-02,2025-01-02,none,none,commodity-v1
SHFE,CU,2025-01-03,2025-01-27,21:00,01:00,commodity-v1
SHFE,CU,2025-02-05,2025-02-05,none,none,commodity-v1
SHFE,CU,2025-02-06,2025-04-03,21:00,01:00,commodity-v1
SHFE,CU,2025-04-07,2025-04-07,none,none,commodity-v1
SHFE,CU,2025-04-08,2025-04-30,21:00,01:00,commodity-v1
SHFE,CU,2025-05-06,2025-05-06,none,none,commodity-v1
SHFE,CU,2025-05-07,2025-05-30,21:00,01:00,commodity-v1
SHFE,CU,2025-06-03,2025-06-03,none,none,commodity-v1
SHFE,CU,2025-06-04,2025-09-30,21:00,01:00,commodity-v1
SHFE,CU,2025-10-09,2025-10-09,none,none,commodity-v1
SHFE,CU,2025-10-10,2025-12-31,21:00,01:00,commodity-v1
SHFE,CU,2026-01-05,2026-01-05,none,none,commodity-v1
SHFE,CU,2026-01-06,2026-01-30,21:00,01:00,commodity-v1
SHFE,FU,2018-09-12,2018-09-21,21:00,23:00,commodity-v1
SHFE,FU,2018-09-25,2018-09-25,none,none,commodity-v1
SHFE,FU,2018-09-26,2018-09-28,21:00,23:00,commodity-v1
SHFE,FU,2018-10-08,2018-10-08,none,none,commodity-v1
SHFE,FU,2018-10-09,2018-12-28,21:00,23:00,commodity-v1
SHFE,FU,2019-01-02,2019-01-02,none,none,commodity-v1
SHFE,FU,2019-01-03,2019-02-01,21:00,23:00,commodity-v1
SHFE,FU,2019-02-11,2019-02-11,none,none,commodity-v1
SHFE,FU,2019-02-12,2019-04-04,21:00,23:00,commodity-v1
SHFE,FU,2019-04-08,2019-04-08,none,none,commodity-v1
SHFE,FU,2019-04-09,2019-04-30,21:00,23:00,commodity-v1
SHFE,FU,2019-05-06,2019-05-06,none,none,commodity-v1
SHFE,FU,2019-05-07,2019-06-06,21:00,23:00,commodity-v1
SHFE,FU,2019-06-10,2019-06-10,none,none,commodity-v1
SHFE,FU,2019-06-11,2019-09-12,21:00,23:00,commodity-v1
SHFE,FU,2019-09-16,2019-09-16,none,none,commodity-v1
SHFE,FU,2019-09-17,2019-09-30,21:00,23:00,commodity-v1
SHFE,FU,2019-10-08,2019-10-08,none,none,commodity-v1
SHFE,FU,2019-10-09,2019-12-25,21:00,23:00,commodity-v1
SHFE,FU,2019-12-26,2019-12-26,22:30,23:00,commodity-v1
SHFE,FU,2019-12-27,2019-12-31,21:00,23:00,commodity-v1
SHFE,FU,2020-01-02,2020-01-02,none,none,commodity-v1
SHFE,FU,2020-01-03,2020-01-23,21:00,23:00,commodity-v1
SHFE,FU,2020-02-03,2020-05-06,none,none,commodity-v1
SHFE,FU,2020-05-07,2020-06-24,21:00,23:00,commodity-v1
SHFE,FU,2020-06-29,2020-06-29,none,none,commodity-v1
SHFE,FU,2020-06-30,2020-09-30,21:00,23:00,commodity-v1
SHFE,FU,2020-10-09,2020-10-09,none,none,commodity-v1
SHFE,FU,2020-10-12,2020-12-31,21:00,23:00,commodity-v1
SHFE,FU,2021-01-04,2021-01-04,none,none,commodity-v1
SHFE,FU,2021-01-05,2021-02-10,21:00,23:00,commodity-v1
SHFE,FU,2021-02-18,2021-02-18,none,none,commodity-v1
SHFE,FU,2021-02-19,2021-04-02,21:00,23:00,commodity-v1
SHFE,FU,2021-04-06,2021-04-06,none,none,commodity-v1
SHFE,FU,2021-04-07,2021-04-30,21:00,23:00,commodity-v1
SHFE,FU,2021-05-06,2021-05-06,none,none,commodity-v1
SHFE,FU,2021-05-07,2021-06-11,21:00,23:00,commodity-v1
SHFE,FU,2021-06-15,2021-06-15,none,none,commodity-v1
SHFE,FU,2021-06-16,2021-09-17,21:00,23:00,commodity-v1
SHFE,FU,2021-09-22,2021-09-22,none,none,commodity-v1
SHFE,FU,2021-09-23,2021-09-30,21:00,23:00,commodity-v1
SHFE,FU,2021-10-08,2021-10-08,none,none,commodity-v1
SHFE,FU,2021-10-11,2021-12-31,21:00,23:00,commodity-v1
SHFE,FU,2022-01-04,2022-01-04,none,none,commodity-v1
SHFE,FU,2022-01-05,2022-01-28,21:00,23:00,commodity-v1
SHFE,FU,2022-02-07,2022-02-07,none,none,commodity-v1
SHFE,FU,2022-02-08,2022-04-01,21:00,23:00,commodity-v1
SHFE,FU,2022-04-06,2022-04-06,none,none,commodity-v1
SHFE,FU,2022-04-07,2022-04-29,21:00,23:00,commodity-v1
SHFE,FU,2022-05-05,2022-05-05,none,none,commodity-v1
SHFE,FU,2022-05-06,2022-06-02,21:00,23:00,commodity-v1
SHFE,FU,2022-06-06,2022-06-06,none,none,commodity-v1
SHFE,FU,2022-06-07,2022-09-09,21:00,23:00,commodity-v1
SHFE,FU,2022-09-13,2022-09-13,none,none,commodity-v1
SHFE,FU,2022-09-14,2022-09-30,21:00,23:00,commodity-v1
SHFE,FU,2022-10-10,2022-10-10,none,none,commodity-v1
SHFE,FU,2022-10-11,2022-12-30,21:00,23:00,commodity-v1
SHFE,FU,2023-01-03,2023-01-03,none,none,commodity-v1
SHFE,FU,2023-01-04,2023-01-20,21:00,23:00,commodity-v1
SHFE,FU,2023-01-30,2023-01-30,none,none,commodity-v1
SHFE,FU,2023-01-31,2023-04-04,21:00,23:00,commodity-v1
SHFE,FU,2023-04-06,2023-04-06,none,none,commodity-v1
SHFE,FU,2023-04-07,2023-04-28,21:00,23:00,commodity-v1
SHFE,FU,2023-05-04,2023-05-04,none,none,commodity-v1
SHFE,FU,2023-05-05,2023-06-21,21:00,23:00,commodity-v1
SHFE,FU,2023-06-26,2023-06-26,none,none,commodity-v1
SHFE,FU,2023-06-27,2023-09-28,21:00,23:00,commodity-v1
SHFE,FU,2023-10-09,2023-10-09,none,none,commodity-v1
SHFE,FU,2023-10-10,2023-12-29,21:00,23:00,commodity-v1
SHFE,FU,2024-01-02,2024-01-02,none,none,commodity-v1
SHFE,FU,2024-01-03,2024-02-08,21:00,23:00,commodity-v1
SHFE,FU,2024-02-19,2024-02-19,none,none,commodity-v1
SHFE,FU,2024-02-20,2024-04-03,21:00,23:00,commodity-v1
SHFE,FU,2024-04-08,2024-04-08,none,none,commodity-v1
SHFE,FU,2024-04-09,2024-04-30,21:00,23:00,commodity-v1
SHFE,FU,2024-05-06,2024-05-06,none,none,commodity-v1
SHFE,FU,2024-05-07,2024-06-07,21:00,23:00,commodity-v1
SHFE,FU,2024-06-11,2024-06-11,none,none,commodity-v1
SHFE,FU,2024-06-12,2024-09-13,21:00,23:00,commodity-v1
SHFE,FU,2024-09-18,2024-09-18,none,none,commodity-v1
SHFE,FU,2024-09-19,2024-09-30,21:00,23:00,commodity-v1
SHFE,FU,2024-10-08,2024-10-08,none,none,commodity-v1
SHFE,FU,2024-10-09,2024-12-31,21:00,23:00,commodity-v1
SHFE,FU,2025-01-02,2025-01-02,none,none,commodity-v1
SHFE,FU,2025-01-03,2025-01-27,21:00,23:00,commodity-v1
SHFE,FU,2025-02-05,2025-02-05,none,none,commodity-v1
SHFE,FU,2025-02-06,2025-04-03,21:00,23:00,commodity-v1
SHFE,FU,2025-04-07,2025-04-07,none,none,commodity-v1
SHFE,FU,2025-04-08,2025-04-30,21:00,23:00,commodity-v1
SHFE,FU,2025-05-06,2025-05-06,none,none,commodity-v1
SHFE,FU,2025-05-07,2025-05-30,21:00,23:00,commodity-v1
SHFE,FU,2025-06-03,2025-06-03,none,none,commodity-v1
SHFE,FU,2025-06-04,2025-09-30,21:00,23:00,commodity-v1
SHFE,FU,2025-10-09,2025-10-09,none,none,commodity-v1
SHFE,FU,2025-10-10,2025-12-31,21:00,23:00,commodity-v1
SHFE,FU,2026-01-05,2026-01-05,none,none,commodity-v1
SHFE,FU,2026-01-06,2026-01-30,21:00,23:00,commodity-v1
SHFE,HC,2016-05-12,2016-06-08,21:00,23:00,commodity-v1
SHFE,HC,2016-06-13,2016-06-13,none,none,commodity-v1
SHFE,HC,2016-06-14,2016-09-14,21:00,23:00,commodity-v1
SHFE,HC,2016-09-19,2016-09-19,none,none,commodity-v1
SHFE,HC,2016-09-20,2016-09-30,21:00,23:00,commodity-v1
SHFE,HC,2016-10-10,2016-10-10,none,none,commodity-v1
SHFE,HC,2016-10-11,2016-12-30,21:00,23:00,commodity-v1
SHFE,HC,2017-01-03,2017-01-03,none,none,commodity-v1
SHFE,HC,2017-01-04,2017-01-26,21:00,23:00,commodity-v1
SHFE,HC,2017-02-03,2017-02-03,none,none,commodity-v1
SHFE,HC,2017-02-06,2017-03-31,21:00,23:00,commodity-v1
SHFE,HC,2017-04-05,2017-04-05,none,none,commodity-v1
SHFE,HC,2017-04-06,2017-04-28,21:00,23:00,commodity-v1
SHFE,HC,2017-05-02,2017-05-02,none,none,commodity-v1
SHFE,HC,2017-05-03,2017-05-26,21:00,23:00,commodity-v1
SHFE,HC,2017-05-31,2017-05-31,none,none,commodity-v1
SHFE,HC,2017-06-01,2017-09-29,21:00,23:00,commodity-v1
SHFE,HC,2017-10-09,2017-10-09,none,none,commodity-v1
SHFE,HC,2017-10-10,2017-12-29,21:00,23:00,commodity-v1
SHFE,HC,2018-01-02,2018-01-02,none,none,commodity-v1
SHFE,HC,2018-01-03,2018-02-14,21:00,23:00,commodity-v1
SHFE,HC,2018-02-22,2018-02-22,none,none,commodity-v1
SHFE,HC,2018-02-23,2018-04-04,21:00,23:00,commodity-v1
SHFE,HC,2018-04-09,2018-04-09,none,none,commodity-v1
SHFE,HC,2018-04-10,2018-04-27,21:00,23:00,commodity-v1
SHFE,HC,2018-05-02,2018-05-02,none,none,commodity-v1
SHFE,HC,2018-05-03,2018-06-15,21:00,23:00,commodity-v1
SHFE,HC,2018-06-19,2018-06-19,none,none,commodity-v1
SHFE,HC,2018-06-20,2018-09-21,21:00,23:00,commodity-v1
SHFE,HC,2018-09-25,2018-09-25,none,none,commodity-v1
SHFE,HC,2018-09-26,2018-09-28,21:00,23:00,commodity-v1
SHFE,HC,2018-10-08,2018-10-08,none,none,commodity-v1
SHFE,HC,2018-10-09,2018-12-28,21:00,23:00,commodity-v1
SHFE,HC,2019-01-02,2019-01-02,none,none,commodity-v1
SHFE,HC,2019-01-03,2019-02-01,21:00,23:00,commodity-v1
SHFE,HC,2019-02-11,2019-02-11,none,none,commodity-v1
SHFE,HC,2019-02-12,2019-04-04,21:00,23:00,commodity-v1
SHFE,HC,2019-04-08,2019-04-08,none,none,commodity-v1
SHFE,HC,2019-04-09,2019-04-30,21:00,23:00,commodity-v1
SHFE,HC,2019-05-06,2019-05-06,none,none,commodity-v1
SHFE,HC,2019-05-07,2019-06-06,21:00,23:00,commodity-v1
SHFE,HC,2019-06-10,2019-06-10,none,none,commodity-v1
SHFE,HC,2019-06-11,2019-09-12,21:00,23:00,commodity-v1
SHFE,HC,2019-09-16,2019-09-16,none,none,commodity-v1
SHFE,HC,2019-09-17,2019-09-30,21:00,23:00,commodity-v1
SHFE,HC,2019-10-08,2019-10-08,none,none,commodity-v1
SHFE,HC,2019-10-09,2019-12-25,21:00,23:00,commodity-v1
SHFE,HC,2019-12-26,2019-12-26,22:30,23:00,commodity-v1
SHFE,HC,2019-12-27,2019-12-31,21:00,23:00,commodity-v1
SHFE,HC,2020-01-02,2020-01-02,none,none,commodity-v1
SHFE,HC,2020-01-03,2020-01-23,21:00,23:00,commodity-v1
SHFE,HC,2020-02-03,2020-05-06,none,none,commodity-v1
SHFE,HC,2020-05-07,2020-06-24,21:00,23:00,commodity-v1
SHFE,HC,2020-06-29,2020-06-29,none,none,commodity-v1
SHFE,HC,2020-06-30,2020-09-30,21:00,23:00,commodity-v1
SHFE,HC,2020-10-09,2020-10-09,none,none,commodity-v1
SHFE,HC,2020-10-12,2020-12-31,21:00,23:00,commodity-v1
SHFE,HC,2021-01-04,2021-01-04,none,none,commodity-v1
SHFE,HC,2021-01-05,2021-02-10,21:00,23:00,commodity-v1
SHFE,HC,2021-02-18,2021-02-18,none,none,commodity-v1
SHFE,HC,2021-02-19,2021-04-02,21:00,23:00,commodity-v1
SHFE,HC,2021-04-06,2021-04-06,none,none,commodity-v1
SHFE,HC,2021-04-07,2021-04-30,21:00,23:00,commodity-v1
SHFE,HC,2021-05-06,2021-05-06,none,none,commodity-v1
SHFE,HC,2021-05-07,2021-06-11,21:00,23:00,commodity-v1
SHFE,HC,2021-06-15,2021-06-15,none,none,commodity-v1
SHFE,HC,2021-06-16,2021-09-17,21:00,23:00,commodity-v1
SHFE,HC,2021-09-22,2021-09-22,none,none,commodity-v1
SHFE,HC,2021-09-23,2021-09-30,21:00,23:00,commodity-v1
SHFE,HC,2021-10-08,2021-10-08,none,none,commodity-v1
SHFE,HC,2021-10-11,2021-12-31,21:00,23:00,commodity-v1
SHFE,HC,2022-01-04,2022-01-04,none,none,commodity-v1
SHFE,HC,2022-01-05,2022-01-28,21:00,23:00,commodity-v1
SHFE,HC,2022-02-07,2022-02-07,none,none,commodity-v1
SHFE,HC,2022-02-08,2022-04-01,21:00,23:00,commodity-v1
SHFE,HC,2022-04-06,2022-04-06,none,none,commodity-v1
SHFE,HC,2022-04-07,2022-04-29,21:00,23:00,commodity-v1
SHFE,HC,2022-05-05,2022-05-05,none,none,commodity-v1
SHFE,HC,2022-05-06,2022-06-02,21:00,23:00,commodity-v1
SHFE,HC,2022-06-06,2022-06-06,none,none,commodity-v1
SHFE,HC,2022-06-07,2022-09-09,21:00,23:00,commodity-v1
SHFE,HC,2022-09-13,2022-09-13,none,none,commodity-v1
SHFE,HC,2022-09-14,2022-09-30,21:00,23:00,commodity-v1
SHFE,HC,2022-10-10,2022-10-10,none,none,commodity-v1
SHFE,HC,2022-10-11,2022-12-30,21:00,23:00,commodity-v1
SHFE,HC,2023-01-03,2023-01-03,none,none,commodity-v1
SHFE,HC,2023-01-04,2023-01-20,21:00,23:00,commodity-v1
SHFE,HC,2023-01-30,2023-01-30,none,none,commodity-v1
SHFE,HC,2023-01-31,2023-04-04,21:00,23:00,commodity-v1
SHFE,HC,2023-04-06,2023-04-06,none,none,commodity-v1
SHFE,HC,2023-04-07,2023-04-28,21:00,23:00,commodity-v1
SHFE,HC,2023-05-04,2023-05-04,none,none,commodity-v1
SHFE,HC,2023-05-05,2023-06-21,21:00,23:00,commodity-v1
SHFE,HC,2023-06-26,2023-06-26,none,none,commodity-v1
SHFE,HC,2023-06-27,2023-09-28,21:00,23:00,commodity-v1
SHFE,HC,2023-10-09,2023-10-09,none,none,commodity-v1
SHFE,HC,2023-10-10,2023-12-29,21:00,23:00,commodity-v1
SHFE,HC,2024-01-02,2024-01-02,none,none,commodity-v1
SHFE,HC,2024-01-03,2024-02-08,21:00,23:00,commodity-v1
SHFE,HC,2024-02-19,2024-02-19,none,none,commodity-v1
SHFE,HC,2024-02-20,2024-04-03,21:00,23:00,commodity-v1
SHFE,HC,2024-04-08,2024-04-08,none,none,commodity-v1
SHFE,HC,2024-04-09,2024-04-30,21:00,23:00,commodity-v1
SHFE,HC,2024-05-06,2024-05-06,none,none,commodity-v1
SHFE,HC,2024-05-07,2024-06-07,21:00,23:00,commodity-v1
SHFE,HC,2024-06-11,2024-06-11,none,none,commodity-v1
SHFE,HC,2024-06-12,2024-09-13,21:00,23:00,commodity-v1
SHFE,HC,2024-09-18,2024-09-18,none,none,commodity-v1
SHFE,HC,2024-09-19,2024-09-30,21:00,23:00,commodity-v1
SHFE,HC,2024-10-08,2024-10-08,none,none,commodity-v1
SHFE,HC,2024-10-09,2024-12-31,21:00,23:00,commodity-v1
SHFE,HC,2025-01-02,2025-01-02,none,none,commodity-v1
SHFE,HC,2025-01-03,2025-01-27,21:00,23:00,commodity-v1
SHFE,HC,2025-02-05,2025-02-05,none,none,commodity-v1
SHFE,HC,2025-02-06,2025-04-03,21:00,23:00,commodity-v1
SHFE,HC,2025-04-07,2025-04-07,none,none,commodity-v1
SHFE,HC,2025-04-08,2025-04-30,21:00,23:00,commodity-v1
SHFE,HC,2025-05-06,2025-05-06,none,none,commodity-v1
SHFE,HC,2025-05-07,2025-05-30,21:00,23:00,commodity-v1
SHFE,HC,2025-06-03,2025-06-03,none,none,commodity-v1
SHFE,HC,2025-06-04,2025-09-30,21:00,23:00,commodity-v1
SHFE,HC,2025-10-09,2025-10-09,none,none,commodity-v1
SHFE,HC,2025-10-10,2025-12-31,21:00,23:00,commodity-v1
SHFE,HC,2026-01-05,2026-01-05,none,none,commodity-v1
SHFE,HC,2026-01-06,2026-01-30,21:00,23:00,commodity-v1
SHFE,NI,2015-09-18,2015-09-25,21:00,01:00,commodity-v1
SHFE,NI,2015-09-28,2015-09-28,none,none,commodity-v1
SHFE,NI,2015-09-29,2015-09-30,21:00,01:00,commodity-v1
SHFE,NI,2015-10-08,2015-10-08,none,none,commodity-v1
SHFE,NI,2015-10-09,2015-12-31,21:00,01:00,commodity-v1
SHFE,NI,2016-01-04,2016-01-04,none,none,commodity-v1
SHFE,NI,2016-01-05,2016-02-05,21:00,01:00,commodity-v1
SHFE,NI,2016-02-15,2016-02-15,none,none,commodity-v1
SHFE,NI,2016-02-16,2016-04-01,21:00,01:00,commodity-v1
SHFE,NI,2016-04-05,2016-04-05,none,none,commodity-v1
SHFE,NI,2016-04-06,2016-04-29,21:00,01:00,commodity-v1
SHFE,NI,2016-05-03,2016-05-03,none,none,commodity-v1
SHFE,NI,2016-05-04,2016-06-08,21:00,01:00,commodity-v1
SHFE,NI,2016-06-13,2016-06-13,none,none,commodity-v1
SHFE,NI,2016-06-14,2016-09-14,21:00,01:00,commodity-v1
SHFE,NI,2016-09-19,2016-09-19,none,none,commodity-v1
SHFE,NI,2016-09-20,2016-09-30,21:00,01:00,commodity-v1
SHFE,NI,2016-10-10,2016-10-10,none,none,commodity-v1
SHFE,NI,2016-10-11,2016-12-30,21:00,01:00,commodity-v1
SHFE,NI,2017-01-03,2017-01-03,none,none,commodity-v1
SHFE,NI,2017-01-04,2017-01-26,21:00,01:00,commodity-v1
SHFE,NI,2017-02-03,2017-02-03,none,none,commodity-v1
SHFE,NI,2017-02-06,2017-03-31,21:00,01:00,commodity-v1
SHFE,NI,2017-04-05,2017-04-05,none,none,commodity-v1
SHFE,NI,2017-04-06,2017-04-28,21:00,01:00,commodity-v1
SHFE,NI,2017-05-02,2017-05-02,none,none,commodity-v1
SHFE,NI,2017-05-03,2017-05-26,21:00,01:00,commodity-v1
SHFE,NI,2017-05-31,2017-05-31,none,none,commodity-v1
SHFE,NI,2017-06-01,2017-09-29,21:00,01:00,commodity-v1
SHFE,NI,2017-10-09,2017-10-09,none,none,commodity-v1
SHFE,NI,2017-10-10,2017-12-29,21:00,01:00,commodity-v1
SHFE,NI,2018-01-02,2018-01-02,none,none,commodity-v1
SHFE,NI,2018-01-03,2018-02-14,21:00,01:00,commodity-v1
SHFE,NI,2018-02-22,2018-02-22,none,none,commodity-v1
SHFE,NI,2018-02-23,2018-04-04,21:00,01:00,commodity-v1
SHFE,NI,2018-04-09,2018-04-09,none,none,commodity-v1
SHFE,NI,2018-04-10,2018-04-27,21:00,01:00,commodity-v1
SHFE,NI,2018-05-02,2018-05-02,none,none,commodity-v1
SHFE,NI,2018-05-03,2018-06-15,21:00,01:00,commodity-v1
SHFE,NI,2018-06-19,2018-06-19,none,none,commodity-v1
SHFE,NI,2018-06-20,2018-09-21,21:00,01:00,commodity-v1
SHFE,NI,2018-09-25,2018-09-25,none,none,commodity-v1
SHFE,NI,2018-09-26,2018-09-28,21:00,01:00,commodity-v1
SHFE,NI,2018-10-08,2018-10-08,none,none,commodity-v1
SHFE,NI,2018-10-09,2018-12-28,21:00,01:00,commodity-v1
SHFE,NI,2019-01-02,2019-01-02,none,none,commodity-v1
SHFE,NI,2019-01-03,2019-02-01,21:00,01:00,commodity-v1
SHFE,NI,2019-02-11,2019-02-11,none,none,commodity-v1
SHFE,NI,2019-02-12,2019-04-04,21:00,01:00,commodity-v1
SHFE,NI,2019-04-08,2019-04-08,none,none,commodity-v1
SHFE,NI,2019-04-09,2019-04-30,21:00,01:00,commodity-v1
SHFE,NI,2019-05-06,2019-05-06,none,none,commodity-v1
SHFE,NI,2019-05-07,2019-06-06,21:00,01:00,commodity-v1
SHFE,NI,2019-06-10,2019-06-10,none,none,commodity-v1
SHFE,NI,2019-06-11,2019-09-12,21:00,01:00,commodity-v1
SHFE,NI,2019-09-16,2019-09-16,none,none,commodity-v1
SHFE,NI,2019-09-17,2019-09-30,21:00,01:00,commodity-v1
SHFE,NI,2019-10-08,2019-10-08,none,none,commodity-v1
SHFE,NI,2019-10-09,2019-12-25,21:00,01:00,commodity-v1
SHFE,NI,2019-12-26,2019-12-26,22:30,01:00,commodity-v1
SHFE,NI,2019-12-27,2019-12-31,21:00,01:00,commodity-v1
SHFE,NI,2020-01-02,2020-01-02,none,none,commodity-v1
SHFE,NI,2020-01-03,2020-01-23,21:00,01:00,commodity-v1
SHFE,NI,2020-02-03,2020-05-06,none,none,commodity-v1
SHFE,NI,2020-05-07,2020-06-24,21:00,01:00,commodity-v1
SHFE,NI,2020-06-29,2020-06-29,none,none,commodity-v1
SHFE,NI,2020-06-30,2020-09-30,21:00,01:00,commodity-v1
SHFE,NI,2020-10-09,2020-10-09,none,none,commodity-v1
SHFE,NI,2020-10-12,2020-12-31,21:00,01:00,commodity-v1
SHFE,NI,2021-01-04,2021-01-04,none,none,commodity-v1
SHFE,NI,2021-01-05,2021-02-10,21:00,01:00,commodity-v1
SHFE,NI,2021-02-18,2021-02-18,none,none,commodity-v1
SHFE,NI,2021-02-19,2021-04-02,21:00,01:00,commodity-v1
SHFE,NI,2021-04-06,2021-04-06,none,none,commodity-v1
SHFE,NI,2021-04-07,2021-04-30,21:00,01:00,commodity-v1
SHFE,NI,2021-05-06,2021-05-06,none,none,commodity-v1
SHFE,NI,2021-05-07,2021-06-11,21:00,01:00,commodity-v1
SHFE,NI,2021-06-15,2021-06-15,none,none,commodity-v1
SHFE,NI,2021-06-16,2021-09-17,21:00,01:00,commodity-v1
SHFE,NI,2021-09-22,2021-09-22,none,none,commodity-v1
SHFE,NI,2021-09-23,2021-09-30,21:00,01:00,commodity-v1
SHFE,NI,2021-10-08,2021-10-08,none,none,commodity-v1
SHFE,NI,2021-10-11,2021-12-31,21:00,01:00,commodity-v1
SHFE,NI,2022-01-04,2022-01-04,none,none,commodity-v1
SHFE,NI,2022-01-05,2022-01-28,21:00,01:00,commodity-v1
SHFE,NI,2022-02-07,2022-02-07,none,none,commodity-v1
SHFE,NI,2022-02-08,2022-04-01,21:00,01:00,commodity-v1
SHFE,NI,2022-04-06,2022-04-06,none,none,commodity-v1
SHFE,NI,2022-04-07,2022-04-29,21:00,01:00,commodity-v1
SHFE,NI,2022-05-05,2022-05-05,none,none,commodity-v1
SHFE,NI,2022-05-06,2022-06-02,21:00,01:00,commodity-v1
SHFE,NI,2022-06-06,2022-06-06,none,none,commodity-v1
SHFE,NI,2022-06-07,2022-09-09,21:00,01:00,commodity-v1
SHFE,NI,2022-09-13,2022-09-13,none,none,commodity-v1
SHFE,NI,2022-09-14,2022-09-30,21:00,01:00,commodity-v1
SHFE,NI,2022-10-10,2022-10-10,none,none,commodity-v1
SHFE,NI,2022-10-11,2022-12-30,21:00,01:00,commodity-v1
SHFE,NI,2023-01-03,2023-01-03,none,none,commodity-v1
SHFE,NI,2023-01-04,2023-01-20,21:00,01:00,commodity-v1
SHFE,NI,2023-01-30,2023-01-30,none,none,commodity-v1
SHFE,NI,2023-01-31,2023-04-04,21:00,01:00,commodity-v1
SHFE,NI,2023-04-06,2023-04-06,none,none,commodity-v1
SHFE,NI,2023-04-07,2023-04-28,21:00,01:00,commodity-v1
SHFE,NI,2023-05-04,2023-05-04,none,none,commodity-v1
SHFE,NI,2023-05-05,2023-06-21,21:00,01:00,commodity-v1
SHFE,NI,2023-06-26,2023-06-26,none,none,commodity-v1
SHFE,NI,2023-06-27,2023-09-28,21:00,01:00,commodity-v1
SHFE,NI,2023-10-09,2023-10-09,none,none,commodity-v1
SHFE,NI,2023-10-10,2023-12-29,21:00,01:00,commodity-v1
SHFE,NI,2024-01-02,2024-01-02,none,none,commodity-v1
SHFE,NI,2024-01-03,2024-02-08,21:00,01:00,commodity-v1
SHFE,NI,2024-02-19,2024-02-19,none,none,commodity-v1
SHFE,NI,2024-02-20,2024-04-03,21:00,01:00,commodity-v1
SHFE,NI,2024-04-08,2024-04-08,none,none,commodity-v1
SHFE,NI,2024-04-09,2024-04-30,21:00,01:00,commodity-v1
SHFE,NI,2024-05-06,2024-05-06,none,none,commodity-v1
SHFE,NI,2024-05-07,2024-06-07,21:00,01:00,commodity-v1
SHFE,NI,2024-06-11,2024-06-11,none,none,commodity-v1
SHFE,NI,2024-06-12,2024-09-13,21:00,01:00,commodity-v1
SHFE,NI,2024-09-18,2024-09-18,none,none,commodity-v1
SHFE,NI,2024-09-19,2024-09-30,21:00,01:00,commodity-v1
SHFE,NI,2024-10-08,2024-10-08,none,none,commodity-v1
SHFE,NI,2024-10-09,2024-12-31,21:00,01:00,commodity-v1
SHFE,NI,2025-01-02,2025-01-02,none,none,commodity-v1
SHFE,NI,2025-01-03,2025-01-27,21:00,01:00,commodity-v1
SHFE,NI,2025-02-05,2025-02-05,none,none,commodity-v1
SHFE,NI,2025-02-06,2025-04-03,21:00,01:00,commodity-v1
SHFE,NI,2025-04-07,2025-04-07,none,none,commodity-v1
SHFE,NI,2025-04-08,2025-04-30,21:00,01:00,commodity-v1
SHFE,NI,2025-05-06,2025-05-06,none,none,commodity-v1
SHFE,NI,2025-05-07,2025-05-30,21:00,01:00,commodity-v1
SHFE,NI,2025-06-03,2025-06-03,none,none,commodity-v1
SHFE,NI,2025-06-04,2025-09-30,21:00,01:00,commodity-v1
SHFE,NI,2025-10-09,2025-10-09,none,none,commodity-v1
SHFE,NI,2025-10-10,2025-12-31,21:00,01:00,commodity-v1
SHFE,NI,2026-01-05,2026-01-05,none,none,commodity-v1
SHFE,NI,2026-01-06,2026-01-30,21:00,01:00,commodity-v1
SHFE,PB,2016-12-23,2016-12-30,21:00,01:00,commodity-v1
SHFE,PB,2017-01-03,2017-01-03,none,none,commodity-v1
SHFE,PB,2017-01-04,2017-01-26,21:00,01:00,commodity-v1
SHFE,PB,2017-02-03,2017-02-03,none,none,commodity-v1
SHFE,PB,2017-02-06,2017-03-31,21:00,01:00,commodity-v1
SHFE,PB,2017-04-05,2017-04-05,none,none,commodity-v1
SHFE,PB,2017-04-06,2017-04-28,21:00,01:00,commodity-v1
SHFE,PB,2017-05-02,2017-05-02,none,none,commodity-v1
SHFE,PB,2017-05-03,2017-05-26,21:00,01:00,commodity-v1
SHFE,PB,2017-05-31,2017-05-31,none,none,commodity-v1
SHFE,PB,2017-06-01,2017-09-29,21:00,01:00,commodity-v1
SHFE,PB,2017-10-09,2017-10-09,none,none,commodity-v1
SHFE,PB,2017-10-10,2017-12-29,21:00,01:00,commodity-v1
SHFE,PB,2018-01-02,2018-01-02,none,none,commodity-v1
SHFE,PB,2018-01-03,2018-02-14,21:00,01:00,commodity-v1
SHFE,PB,2018-02-22,2018-02-22,none,none,commodity-v1
SHFE,PB,2018-02-23,2018-04-04,21:00,01:00,commodity-v1
SHFE,PB,2018-04-09,2018-04-09,none,none,commodity-v1
SHFE,PB,2018-04-10,2018-04-27,21:00,01:00,commodity-v1
SHFE,PB,2018-05-02,2018-05-02,none,none,commodity-v1
SHFE,PB,2018-05-03,2018-06-15,21:00,01:00,commodity-v1
SHFE,PB,2018-06-19,2018-06-19,none,none,commodity-v1
SHFE,PB,2018-06-20,2018-09-21,21:00,01:00,commodity-v1
SHFE,PB,2018-09-25,2018-09-25,none,none,commodity-v1
SHFE,PB,2018-09-26,2018-09-28,21:00,01:00,commodity-v1
SHFE,PB,2018-10-08,2018-10-08,none,none,commodity-v1
SHFE,PB,2018-10-09,2018-12-28,21:00,01:00,commodity-v1
SHFE,PB,2019-01-02,2019-01-02,none,none,commodity-v1
SHFE,PB,2019-01-03,2019-02-01,21:00,01:00,commodity-v1
SHFE,PB,2019-02-11,2019-02-11,none,none,commodity-v1
SHFE,PB,2019-02-12,2019-04-04,21:00,01:00,commodity-v1
SHFE,PB,2019-04-08,2019-04-08,none,none,commodity-v1
SHFE,PB,2019-04-09,2019-04-30,21:00,01:00,commodity-v1
SHFE,PB,2019-05-06,2019-05-06,none,none,commodity-v1
SHFE,PB,2019-05-07,2019-05-23,21:00,01:00,commodity-v1
SHFE,PB,2019-08-30,2019-09-12,21:00,01:00,commodity-v1
SHFE,PB,2019-09-16,2019-09-16,none,none,commodity-v1
SHFE,PB,2019-09-17,2019-09-30,21:00,01:00,commodity-v1
SHFE,PB,2019-10-08,2019-10-08,none,none,commodity-v1
SHFE,PB,2019-10-09,2019-12-25,21:00,01:00,commodity-v1
SHFE,PB,2019-12-26,2019-12-26,22:30,01:00,commodity-v1
SHFE,PB,2019-12-27,2019-12-31,21:00,01:00,commodity-v1
SHFE,PB,2020-01-02,2020-01-02,none,none,commodity-v1
SHFE,PB,2020-01-03,2020-01-23,21:00,01:00,commodity-v1
SHFE,PB,2020-02-03,2020-02-25,none,none,commodity-v1
SHFE,PB,2021-02-10,2021-02-10,21:00,01:00,commodity-v1
SHFE,PB,2021-02-18,2021-02-18,none,none,commodity-v1
SHFE,PB,2021-02-19,2021-04-02,21:00,01:00,commodity-v1
SHFE,PB,2021-04-06,2021-04-06,none,none,commodity-v1
SHFE,PB,2021-04-07,2021-04-30,21:00,01:00,commodity-v1
SHFE,PB,2021-05-06,2021-05-06,none,none,commodity-v1
SHFE,PB,2021-05-07,2021-06-11,21:00,01:00,commodity-v1
SHFE,PB,2021-06-15,2021-06-15,none,none,commodity-v1
SHFE,PB,2021-06-16,2021-09-17,21:00,01:00,commodity-v1
SHFE,PB,2021-09-22,2021-09-22,none,none,commodity-v1
SHFE,PB,2021-09-23,2021-09-30,21:00,01:00,commodity-v1
SHFE,PB,2021-10-08,2021-10-08,none,none,commodity-v1
SHFE,PB,2021-10-11,2021-12-31,21:00,01:00,commodity-v1
SHFE,PB,2022-01-04,2022-01-04,none,none,commodity-v1
SHFE,PB,2022-01-05,2022-01-28,21:00,01:00,commodity-v1
SHFE,PB,2022-02-07,2022-02-07,none,none,commodity-v1
SHFE,PB,2022-02-08,2022-04-01,21:00,01:00,commodity-v1
SHFE,PB,2022-04-06,2022-04-06,none,none,commodity-v1
SHFE,PB,2022-04-07,2022-04-29,21:00,01:00,commodity-v1
SHFE,PB,2022-05-05,2022-05-05,none,none,commodity-v1
SHFE,PB,2022-05-06,2022-06-02,21:00,01:00,commodity-v1
SHFE,PB,2022-06-06,2022-06-06,none,none,commodity-v1
SHFE,PB,2022-06-07,2022-09-09,21:00,01:00,commodity-v1
SHFE,PB,2022-09-13,2022-09-13,none,none,commodity-v1
SHFE,PB,2022-09-14,2022-09-30,21:00,01:00,commodity-v1
SHFE,PB,2022-10-10,2022-10-10,none,none,commodity-v1
SHFE,PB,2022-10-11,2022-12-30,21:00,01:00,commodity-v1
SHFE,PB,2023-01-03,2023-01-03,none,none,commodity-v1
SHFE,PB,2023-01-04,2023-01-20,21:00,01:00,commodity-v1
SHFE,PB,2023-01-30,2023-01-30,none,none,commodity-v1
SHFE,PB,2023-01-31,2023-04-04,21:00,01:00,commodity-v1
SHFE,PB,2023-04-06,2023-04-06,none,none,commodity-v1
SHFE,PB,2023-04-07,2023-04-28,21:00,01:00,commodity-v1
SHFE,PB,2023-05-04,2023-05-04,none,none,commodity-v1
SHFE,PB,2023-05-05,2023-06-21,21:00,01:00,commodity-v1
SHFE,PB,2023-06-26,2023-06-26,none,none,commodity-v1
SHFE,PB,2023-06-27,2023-09-28,21:00,01:00,commodity-v1
SHFE,PB,2023-10-09,2023-10-09,none,none,commodity-v1
SHFE,PB,2023-10-10,2023-12-29,21:00,01:00,commodity-v1
SHFE,PB,2024-01-02,2024-01-02,none,none,commodity-v1
SHFE,PB,2024-01-03,2024-02-08,21:00,01:00,commodity-v1
SHFE,PB,2024-02-19,2024-02-19,none,none,commodity-v1
SHFE,PB,2024-02-20,2024-04-03,21:00,01:00,commodity-v1
SHFE,PB,2024-04-08,2024-04-08,none,none,commodity-v1
SHFE,PB,2024-04-09,2024-04-30,21:00,01:00,commodity-v1
SHFE,PB,2024-05-06,2024-05-06,none,none,commodity-v1
SHFE,PB,2024-05-07,2024-06-07,21:00,01:00,commodity-v1
SHFE,PB,2024-06-11,2024-06-11,none,none,commodity-v1
SHFE,PB,2024-06-12,2024-09-13,21:00,01:00,commodity-v1
SHFE,PB,2024-09-18,2024-09-18,none,none,commodity-v1
SHFE,PB,2024-09-19,2024-09-30,21:00,01:00,commodity-v1
SHFE,PB,2024-10-08,2024-10-08,none,none,commodity-v1
SHFE,PB,2024-10-09,2024-12-31,21:00,01:00,commodity-v1
SHFE,PB,2025-01-02,2025-01-02,none,none,commodity-v1
SHFE,PB,2025-01-03,2025-01-27,21:00,01:00,commodity-v1
SHFE,PB,2025-02-05,2025-02-05,none,none,commodity-v1
SHFE,PB,2025-02-06,2025-04-03,21:00,01:00,commodity-v1
SHFE,PB,2025-04-07,2025-04-07,none,none,commodity-v1
SHFE,PB,2025-04-08,2025-04-30,21:00,01:00,commodity-v1
SHFE,PB,2025-05-06,2025-05-06,none,none,commodity-v1
SHFE,PB,2025-05-07,2025-05-30,21:00,01:00,commodity-v1
SHFE,PB,2025-06-03,2025-06-03,none,none,commodity-v1
SHFE,PB,2025-06-04,2025-09-19,21:00,01:00,commodity-v1
SHFE,PB,2025-09-24,2025-09-30,21:00,01:00,commodity-v1
SHFE,PB,2025-10-22,2025-12-31,21:00,01:00,commodity-v1
SHFE,PB,2026-01-05,2026-01-05,none,none,commodity-v1
SHFE,PB,2026-01-06,2026-01-30,21:00,01:00,commodity-v1
SHFE,RB,2011-01-04,2014-12-26,none,none,commodity-v1
SHFE,RB,2014-12-29,2014-12-31,21:00,01:00,commodity-v1
SHFE,RB,2015-01-05,2015-01-05,none,none,commodity-v1
SHFE,RB,2015-01-06,2015-02-17,21:00,01:00,commodity-v1
SHFE,RB,2015-02-25,2015-02-25,none,none,commodity-v1
SHFE,RB,2015-02-26,2015-04-03,21:00,01:00,commodity-v1
SHFE,RB,2015-04-07,2015-04-07,none,none,commodity-v1
SHFE,RB,2015-04-08,2015-04-30,21:00,01:00,commodity-v1
SHFE,RB,2015-05-04,2015-05-04,none,none,commodity-v1
SHFE,RB,2015-05-05,2015-06-19,21:00,01:00,commodity-v1
SHFE,RB,2015-06-23,2015-06-23,none,none,commodity-v1
SHFE,RB,2015-06-24,2015-09-02,21:00,01:00,commodity-v1
SHFE,RB,2015-09-07,2015-09-07,none,none,commodity-v1
SHFE,RB,2015-09-08,2015-09-25,21:00,01:00,commodity-v1
SHFE,RB,2015-09-28,2015-09-28,none,none,commodity-v1
SHFE,RB,2015-09-29,2015-09-30,21:00,01:00,commodity-v1
SHFE,RB,2015-10-08,2015-10-08,none,none,commodity-v1
SHFE,RB,2015-10-09,2015-12-31,21:00,01:00,commodity-v1
SHFE,RB,2016-01-04,2016-01-04,none,none,commodity-v1
SHFE,RB,2016-01-05,2016-02-05,21:00,01:00,commodity-v1
SHFE,RB,2016-02-15,2016-02-15,none,none,commodity-v1
SHFE,RB,2016-02-16,2016-04-01,21:00,01:00,commodity-v1
SHFE,RB,2016-04-05,2016-04-05,none,none,commodity-v1
SHFE,RB,2016-04-06,2016-04-29,21:00,01:00,commodity-v1
SHFE,RB,2016-05-03,2016-05-03,none,none,commodity-v1
SHFE,RB,2016-05-04,2016-06-08,21:00,23:00,commodity-v1
SHFE,RB,2016-06-13,2016-06-13,none,none,commodity-v1
SHFE,RB,2016-06-14,2016-09-14,21:00,23:00,commodity-v1
SHFE,RB,2016-09-19,2016-09-19,none,none,commodity-v1
SHFE,RB,2016-09-20,2016-09-30,21:00,23:00,commodity-v1
SHFE,RB,2016-10-10,2016-10-10,none,none,commodity-v1
SHFE,RB,2016-10-11,2016-12-30,21:00,23:00,commodity-v1
SHFE,RB,2017-01-03,2017-01-03,none,none,commodity-v1
SHFE,RB,2017-01-04,2017-01-26,21:00,23:00,commodity-v1
SHFE,RB,2017-02-03,2017-02-03,none,none,commodity-v1
SHFE,RB,2017-02-06,2017-03-31,21:00,23:00,commodity-v1
SHFE,RB,2017-04-05,2017-04-05,none,none,commodity-v1
SHFE,RB,2017-04-06,2017-04-28,21:00,23:00,commodity-v1
SHFE,RB,2017-05-02,2017-05-02,none,none,commodity-v1
SHFE,RB,2017-05-03,2017-05-26,21:00,23:00,commodity-v1
SHFE,RB,2017-05-31,2017-05-31,none,none,commodity-v1
SHFE,RB,2017-06-01,2017-09-29,21:00,23:00,commodity-v1
SHFE,RB,2017-10-09,2017-10-09,none,none,commodity-v1
SHFE,RB,2017-10-10,2017-12-29,21:00,23:00,commodity-v1
SHFE,RB,2018-01-02,2018-01-02,none,none,commodity-v1
SHFE,RB,2018-01-03,2018-02-14,21:00,23:00,commodity-v1
SHFE,RB,2018-02-22,2018-02-22,none,none,commodity-v1
SHFE,RB,2018-02-23,2018-04-04,21:00,23:00,commodity-v1
SHFE,RB,2018-04-09,2018-04-09,none,none,commodity-v1
SHFE,RB,2018-04-10,2018-04-27,21:00,23:00,commodity-v1
SHFE,RB,2018-05-02,2018-05-02,none,none,commodity-v1
SHFE,RB,2018-05-03,2018-06-15,21:00,23:00,commodity-v1
SHFE,RB,2018-06-19,2018-06-19,none,none,commodity-v1
SHFE,RB,2018-06-20,2018-09-21,21:00,23:00,commodity-v1
SHFE,RB,2018-09-25,2018-09-25,none,none,commodity-v1
SHFE,RB,2018-09-26,2018-09-28,21:00,23:00,commodity-v1
SHFE,RB,2018-10-08,2018-10-08,none,none,commodity-v1
SHFE,RB,2018-10-09,2018-12-28,21:00,23:00,commodity-v1
SHFE,RB,2019-01-02,2019-01-02,none,none,commodity-v1
SHFE,RB,2019-01-03,2019-02-01,21:00,23:00,commodity-v1
SHFE,RB,2019-02-11,2019-02-11,none,none,commodity-v1
SHFE,RB,2019-02-12,2019-04-04,21:00,23:00,commodity-v1
SHFE,RB,2019-04-08,2019-04-08,none,none,commodity-v1
SHFE,RB,2019-04-09,2019-04-30,21:00,23:00,commodity-v1
SHFE,RB,2019-05-06,2019-05-06,none,none,commodity-v1
SHFE,RB,2019-05-07,2019-06-06,21:00,23:00,commodity-v1
SHFE,RB,2019-06-10,2019-06-10,none,none,commodity-v1
SHFE,RB,2019-06-11,2019-09-12,21:00,23:00,commodity-v1
SHFE,RB,2019-09-16,2019-09-16,none,none,commodity-v1
SHFE,RB,2019-09-17,2019-09-30,21:00,23:00,commodity-v1
SHFE,RB,2019-10-08,2019-10-08,none,none,commodity-v1
SHFE,RB,2019-10-09,2019-12-25,21:00,23:00,commodity-v1
SHFE,RB,2019-12-26,2019-12-26,22:30,23:00,commodity-v1
SHFE,RB,2019-12-27,2019-12-31,21:00,23:00,commodity-v1
SHFE,RB,2020-01-02,2020-01-02,none,none,commodity-v1
SHFE,RB,2020-01-03,2020-01-23,21:00,23:00,commodity-v1
SHFE,RB,2020-02-03,2020-05-06,none,none,commodity-v1
SHFE,RB,2020-05-07,2020-06-24,21:00,23:00,commodity-v1
SHFE,RB,2020-06-29,2020-06-29,none,none,commodity-v1
SHFE,RB,2020-06-30,2020-09-30,21:00,23:00,commodity-v1
SHFE,RB,2020-10-09,2020-10-09,none,none,commodity-v1
SHFE,RB,2020-10-12,2020-12-31,21:00,23:00,commodity-v1
SHFE,RB,2021-01-04,2021-01-04,none,none,commodity-v1
SHFE,RB,2021-01-05,2021-02-10,21:00,23:00,commodity-v1
SHFE,RB,2021-02-18,2021-02-18,none,none,commodity-v1
SHFE,RB,2021-02-19,2021-04-02,21:00,23:00,commodity-v1
SHFE,RB,2021-04-06,2021-04-06,none,none,commodity-v1
SHFE,RB,2021-04-07,2021-04-30,21:00,23:00,commodity-v1
SHFE,RB,2021-05-06,2021-05-06,none,none,commodity-v1
SHFE,RB,2021-05-07,2021-06-11,21:00,23:00,commodity-v1
SHFE,RB,2021-06-15,2021-06-15,none,none,commodity-v1
SHFE,RB,2021-06-16,2021-09-17,21:00,23:00,commodity-v1
SHFE,RB,2021-09-22,2021-09-22,none,none,commodity-v1
SHFE,RB,2021-09-23,2021-09-30,21:00,23:00,commodity-v1
SHFE,RB,2021-10-08,2021-10-08,none,none,commodity-v1
SHFE,RB,2021-10-11,2021-12-31,21:00,23:00,commodity-v1
SHFE,RB,2022-01-04,2022-01-04,none,none,commodity-v1
SHFE,RB,2022-01-05,2022-01-28,21:00,23:00,commodity-v1
SHFE,RB,2022-02-07,2022-02-07,none,none,commodity-v1
SHFE,RB,2022-02-08,2022-04-01,21:00,23:00,commodity-v1
SHFE,RB,2022-04-06,2022-04-06,none,none,commodity-v1
SHFE,RB,2022-04-07,2022-04-29,21:00,23:00,commodity-v1
SHFE,RB,2022-05-05,2022-05-05,none,none,commodity-v1
SHFE,RB,2022-05-06,2022-06-02,21:00,23:00,commodity-v1
SHFE,RB,2022-06-06,2022-06-06,none,none,commodity-v1
SHFE,RB,2022-06-07,2022-09-09,21:00,23:00,commodity-v1
SHFE,RB,2022-09-13,2022-09-13,none,none,commodity-v1
SHFE,RB,2022-09-14,2022-09-30,21:00,23:00,commodity-v1
SHFE,RB,2022-10-10,2022-10-10,none,none,commodity-v1
SHFE,RB,2022-10-11,2022-12-30,21:00,23:00,commodity-v1
SHFE,RB,2023-01-03,2023-01-03,none,none,commodity-v1
SHFE,RB,2023-01-04,2023-01-20,21:00,23:00,commodity-v1
SHFE,RB,2023-01-30,2023-01-30,none,none,commodity-v1
SHFE,RB,2023-01-31,2023-04-04,21:00,23:00,commodity-v1
SHFE,RB,2023-04-06,2023-04-06,none,none,commodity-v1
SHFE,RB,2023-04-07,2023-04-28,21:00,23:00,commodity-v1
SHFE,RB,2023-05-04,2023-05-04,none,none,commodity-v1
SHFE,RB,2023-05-05,2023-06-21,21:00,23:00,commodity-v1
SHFE,RB,2023-06-26,2023-06-26,none,none,commodity-v1
SHFE,RB,2023-06-27,2023-09-28,21:00,23:00,commodity-v1
SHFE,RB,2023-10-09,2023-10-09,none,none,commodity-v1
SHFE,RB,2023-10-10,2023-12-29,21:00,23:00,commodity-v1
SHFE,RB,2024-01-02,2024-01-02,none,none,commodity-v1
SHFE,RB,2024-01-03,2024-02-08,21:00,23:00,commodity-v1
SHFE,RB,2024-02-19,2024-02-19,none,none,commodity-v1
SHFE,RB,2024-02-20,2024-04-03,21:00,23:00,commodity-v1
SHFE,RB,2024-04-08,2024-04-08,none,none,commodity-v1
SHFE,RB,2024-04-09,2024-04-30,21:00,23:00,commodity-v1
SHFE,RB,2024-05-06,2024-05-06,none,none,commodity-v1
SHFE,RB,2024-05-07,2024-06-07,21:00,23:00,commodity-v1
SHFE,RB,2024-06-11,2024-06-11,none,none,commodity-v1
SHFE,RB,2024-06-12,2024-09-13,21:00,23:00,commodity-v1
SHFE,RB,2024-09-18,2024-09-18,none,none,commodity-v1
SHFE,RB,2024-09-19,2024-09-30,21:00,23:00,commodity-v1
SHFE,RB,2024-10-08,2024-10-08,none,none,commodity-v1
SHFE,RB,2024-10-09,2024-12-31,21:00,23:00,commodity-v1
SHFE,RB,2025-01-02,2025-01-02,none,none,commodity-v1
SHFE,RB,2025-01-03,2025-01-27,21:00,23:00,commodity-v1
SHFE,RB,2025-02-05,2025-02-05,none,none,commodity-v1
SHFE,RB,2025-02-06,2025-04-03,21:00,23:00,commodity-v1
SHFE,RB,2025-04-07,2025-04-07,none,none,commodity-v1
SHFE,RB,2025-04-08,2025-04-30,21:00,23:00,commodity-v1
SHFE,RB,2025-05-06,2025-05-06,none,none,commodity-v1
SHFE,RB,2025-05-07,2025-05-30,21:00,23:00,commodity-v1
SHFE,RB,2025-06-03,2025-06-03,none,none,commodity-v1
SHFE,RB,2025-06-04,2025-09-30,21:00,23:00,commodity-v1
SHFE,RB,2025-10-09,2025-10-09,none,none,commodity-v1
SHFE,RB,2025-10-10,2025-12-31,21:00,23:00,commodity-v1
SHFE,RB,2026-01-05,2026-01-05,none,none,commodity-v1
SHFE,RB,2026-01-06,2026-01-30,21:00,23:00,commodity-v1
SHFE,RU,2011-01-04,2014-12-26,none,none,commodity-v1
SHFE,RU,2014-12-29,2014-12-31,21:00,23:00,commodity-v1
SHFE,RU,2015-01-05,2015-01-05,none,none,commodity-v1
SHFE,RU,2015-01-06,2015-02-17,21:00,23:00,commodity-v1
SHFE,RU,2015-02-25,2015-02-25,none,none,commodity-v1
SHFE,RU,2015-02-26,2015-04-03,21:00,23:00,commodity-v1
SHFE,RU,2015-04-07,2015-04-07,none,none,commodity-v1
SHFE,RU,2015-04-08,2015-04-30,21:00,23:00,commodity-v1
SHFE,RU,2015-05-04,2015-05-04,none,none,commodity-v1
SHFE,RU,2015-05-05,2015-06-19,21:00,23:00,commodity-v1
SHFE,RU,2015-06-23,2015-06-23,none,none,commodity-v1
SHFE,RU,2015-06-24,2015-09-02,21:00,23:00,commodity-v1
SHFE,RU,2015-09-07,2015-09-07,none,none,commodity-v1
SHFE,RU,2015-09-08,2015-09-25,21:00,23:00,commodity-v1
SHFE,RU,2015-09-28,2015-09-28,none,none,commodity-v1
SHFE,RU,2015-09-29,2015-09-30,21:00,23:00,commodity-v1
SHFE,RU,2015-10-08,2015-10-08,none,none,commodity-v1
SHFE,RU,2015-10-09,2015-12-31,21:00,23:00,commodity-v1
SHFE,RU,2016-01-04,2016-01-04,none,none,commodity-v1
SHFE,RU,2016-01-05,2016-02-05,21:00,23:00,commodity-v1
SHFE,RU,2016-02-15,2016-02-15,none,none,commodity-v1
SHFE,RU,2016-02-16,2016-04-01,21:00,23:00,commodity-v1
SHFE,RU,2016-04-05,2016-04-05,none,none,commodity-v1
SHFE,RU,2016-04-06,2016-04-29,21:00,23:00,commodity-v1
SHFE,RU,2016-05-03,2016-05-03,none,none,commodity-v1
SHFE,RU,2016-05-04,2016-06-08,21:00,23:00,commodity-v1
SHFE,RU,2016-06-13,2016-06-13,none,none,commodity-v1
SHFE,RU,2016-06-14,2016-09-14,21:00,23:00,commodity-v1
SHFE,RU,2016-09-19,2016-09-19,none,none,commodity-v1
SHFE,RU,2016-09-20,2016-09-30,21:00,23:00,commodity-v1
SHFE,RU,2016-10-10,2016-10-10,none,none,commodity-v1
SHFE,RU,2016-10-11,2016-12-30,21:00,23:00,commodity-v1
SHFE,RU,2017-01-03,2017-01-03,none,none,commodity-v1
SHFE,RU,2017-01-04,2017-01-26,21:00,23:00,commodity-v1
SHFE,RU,2017-02-03,2017-02-03,none,none,commodity-v1
SHFE,RU,2017-02-06,2017-03-31,21:00,23:00,commodity-v1
SHFE,RU,2017-04-05,2017-04-05,none,none,commodity-v1
SHFE,RU,2017-04-06,2017-04-28,21:00,23:00,commodity-v1
SHFE,RU,2017-05-02,2017-05-02,none,none,commodity-v1
SHFE,RU,2017-05-03,2017-05-26,21:00,23:00,commodity-v1
SHFE,RU,2017-05-31,2017-05-31,none,none,commodity-v1
SHFE,RU,2017-06-01,2017-09-29,21:00,23:00,commodity-v1
SHFE,RU,2017-10-09,2017-10-09,none,none,commodity-v1
SHFE,RU,2017-10-10,2017-12-29,21:00,23:00,commodity-v1
SHFE,RU,2018-01-02,2018-01-02,none,none,commodity-v1
SHFE,RU,2018-01-03,2018-02-14,21:00,23:00,commodity-v1
SHFE,RU,2018-02-22,2018-02-22,none,none,commodity-v1
SHFE,RU,2018-02-23,2018-04-04,21:00,23:00,commodity-v1
SHFE,RU,2018-04-09,2018-04-09,none,none,commodity-v1
SHFE,RU,2018-04-10,2018-04-27,21:00,23:00,commodity-v1
SHFE,RU,2018-05-02,2018-05-02,none,none,commodity-v1
SHFE,RU,2018-05-03,2018-06-15,21:00,23:00,commodity-v1
SHFE,RU,2018-06-19,2018-06-19,none,none,commodity-v1
SHFE,RU,2018-06-20,2018-09-21,21:00,23:00,commodity-v1
SHFE,RU,2018-09-25,2018-09-25,none,none,commodity-v1
SHFE,RU,2018-09-26,2018-09-28,21:00,23:00,commodity-v1
SHFE,RU,2018-10-08,2018-10-08,none,none,commodity-v1
SHFE,RU,2018-10-09,2018-12-28,21:00,23:00,commodity-v1
SHFE,RU,2019-01-02,2019-01-02,none,none,commodity-v1
SHFE,RU,2019-01-03,2019-02-01,21:00,23:00,commodity-v1
SHFE,RU,2019-02-11,2019-02-11,none,none,commodity-v1
SHFE,RU,2019-02-12,2019-04-04,21:00,23:00,commodity-v1
SHFE,RU,2019-04-08,2019-04-08,none,none,commodity-v1
SHFE,RU,2019-04-09,2019-04-30,21:00,23:00,commodity-v1
SHFE,RU,2019-05-06,2019-05-06,none,none,commodity-v1
SHFE,RU,2019-05-07,2019-06-06,21:00,23:00,commodity-v1
SHFE,RU,2019-06-10,2019-06-10,none,none,commodity-v1
SHFE,RU,2019-06-11,2019-09-12,21:00,23:00,commodity-v1
SHFE,RU,2019-09-16,2019-09-16,none,none,commodity-v1
SHFE,RU,2019-09-17,2019-09-30,21:00,23:00,commodity-v1
SHFE,RU,2019-10-08,2019-10-08,none,none,commodity-v1
SHFE,RU,2019-10-09,2019-12-25,21:00,23:00,commodity-v1
SHFE,RU,2019-12-26,2019-12-26,22:30,23:00,commodity-v1
SHFE,RU,2019-12-27,2019-12-31,21:00,23:00,commodity-v1
SHFE,RU,2020-01-02,2020-01-02,none,none,commodity-v1
SHFE,RU,2020-01-03,2020-01-23,21:00,23:00,commodity-v1
SHFE,RU,2020-02-03,2020-05-06,none,none,commodity-v1
SHFE,RU,2020-05-07,2020-06-24,21:00,23:00,commodity-v1
SHFE,RU,2020-06-29,2020-06-29,none,none,commodity-v1
SHFE,RU,2020-06-30,2020-09-30,21:00,23:00,commodity-v1
SHFE,RU,2020-10-09,2020-10-09,none,none,commodity-v1
SHFE,RU,2020-10-12,2020-12-31,21:00,23:00,commodity-v1
SHFE,RU,2021-01-04,2021-01-04,none,none,commodity-v1
SHFE,RU,2021-01-05,2021-02-10,21:00,23:00,commodity-v1
SHFE,RU,2021-02-18,2021-02-18,none,none,commodity-v1
SHFE,RU,2021-02-19,2021-04-02,21:00,23:00,commodity-v1
SHFE,RU,2021-04-06,2021-04-06,none,none,commodity-v1
SHFE,RU,2021-04-07,2021-04-30,21:00,23:00,commodity-v1
SHFE,RU,2021-05-06,2021-05-06,none,none,commodity-v1
SHFE,RU,2021-05-07,2021-06-11,21:00,23:00,commodity-v1
SHFE,RU,2021-06-15,2021-06-15,none,none,commodity-v1
SHFE,RU,2021-06-16,2021-09-17,21:00,23:00,commodity-v1
SHFE,RU,2021-09-22,2021-09-22,none,none,commodity-v1
SHFE,RU,2021-09-23,2021-09-30,21:00,23:00,commodity-v1
SHFE,RU,2021-10-08,2021-10-08,none,none,commodity-v1
SHFE,RU,2021-10-11,2021-12-31,21:00,23:00,commodity-v1
SHFE,RU,2022-01-04,2022-01-04,none,none,commodity-v1
SHFE,RU,2022-01-05,2022-01-28,21:00,23:00,commodity-v1
SHFE,RU,2022-02-07,2022-02-07,none,none,commodity-v1
SHFE,RU,2022-02-08,2022-04-01,21:00,23:00,commodity-v1
SHFE,RU,2022-04-06,2022-04-06,none,none,commodity-v1
SHFE,RU,2022-04-07,2022-04-29,21:00,23:00,commodity-v1
SHFE,RU,2022-05-05,2022-05-05,none,none,commodity-v1
SHFE,RU,2022-05-06,2022-06-02,21:00,23:00,commodity-v1
SHFE,RU,2022-06-06,2022-06-06,none,none,commodity-v1
SHFE,RU,2022-06-07,2022-09-09,21:00,23:00,commodity-v1
SHFE,RU,2022-09-13,2022-09-13,none,none,commodity-v1
SHFE,RU,2022-09-14,2022-09-30,21:00,23:00,commodity-v1
SHFE,RU,2022-10-10,2022-10-10,none,none,commodity-v1
SHFE,RU,2022-10-11,2022-12-30,21:00,23:00,commodity-v1
SHFE,RU,2023-01-03,2023-01-03,none,none,commodity-v1
SHFE,RU,2023-01-04,2023-01-20,21:00,23:00,commodity-v1
SHFE,RU,2023-01-30,2023-01-30,none,none,commodity-v1
SHFE,RU,2023-01-31,2023-04-04,21:00,23:00,commodity-v1
SHFE,RU,2023-04-06,2023-04-06,none,none,commodity-v1
SHFE,RU,2023-04-07,2023-04-28,21:00,23:00,commodity-v1
SHFE,RU,2023-05-04,2023-05-04,none,none,commodity-v1
SHFE,RU,2023-05-05,2023-06-21,21:00,23:00,commodity-v1
SHFE,RU,2023-06-26,2023-06-26,none,none,commodity-v1
SHFE,RU,2023-06-27,2023-09-28,21:00,23:00,commodity-v1
SHFE,RU,2023-10-09,2023-10-09,none,none,commodity-v1
SHFE,RU,2023-10-10,2023-12-29,21:00,23:00,commodity-v1
SHFE,RU,2024-01-02,2024-01-02,none,none,commodity-v1
SHFE,RU,2024-01-03,2024-02-08,21:00,23:00,commodity-v1
SHFE,RU,2024-02-19,2024-02-19,none,none,commodity-v1
SHFE,RU,2024-02-20,2024-04-03,21:00,23:00,commodity-v1
SHFE,RU,2024-04-08,2024-04-08,none,none,commodity-v1
SHFE,RU,2024-04-09,2024-04-30,21:00,23:00,commodity-v1
SHFE,RU,2024-05-06,2024-05-06,none,none,commodity-v1
SHFE,RU,2024-05-07,2024-06-07,21:00,23:00,commodity-v1
SHFE,RU,2024-06-11,2024-06-11,none,none,commodity-v1
SHFE,RU,2024-06-12,2024-09-13,21:00,23:00,commodity-v1
SHFE,RU,2024-09-18,2024-09-18,none,none,commodity-v1
SHFE,RU,2024-09-19,2024-09-30,21:00,23:00,commodity-v1
SHFE,RU,2024-10-08,2024-10-08,none,none,commodity-v1
SHFE,RU,2024-10-09,2024-12-31,21:00,23:00,commodity-v1
SHFE,RU,2025-01-02,2025-01-02,none,none,commodity-v1
SHFE,RU,2025-01-03,2025-01-27,21:00,23:00,commodity-v1
SHFE,RU,2025-02-05,2025-02-05,none,none,commodity-v1
SHFE,RU,2025-02-06,2025-04-03,21:00,23:00,commodity-v1
SHFE,RU,2025-04-07,2025-04-07,none,none,commodity-v1
SHFE,RU,2025-04-08,2025-04-30,21:00,23:00,commodity-v1
SHFE,RU,2025-05-06,2025-05-06,none,none,commodity-v1
SHFE,RU,2025-05-07,2025-05-30,21:00,23:00,commodity-v1
SHFE,RU,2025-06-03,2025-06-03,none,none,commodity-v1
SHFE,RU,2025-06-04,2025-09-30,21:00,23:00,commodity-v1
SHFE,RU,2025-10-09,2025-10-09,none,none,commodity-v1
SHFE,RU,2025-10-10,2025-12-31,21:00,23:00,commodity-v1
SHFE,RU,2026-01-05,2026-01-05,none,none,commodity-v1
SHFE,RU,2026-01-06,2026-01-30,21:00,23:00,commodity-v1
SHFE,SN,2020-01-22,2020-01-23,21:00,01:00,commodity-v1
SHFE,SN,2020-02-03,2020-02-13,none,none,commodity-v1
SHFE,SN,2020-04-29,2020-05-06,none,none,commodity-v1
SHFE,SN,2020-05-07,2020-06-24,21:00,01:00,commodity-v1
SHFE,SN,2020-06-29,2020-06-29,none,none,commodity-v1
SHFE,SN,2020-06-30,2020-09-30,21:00,01:00,commodity-v1
SHFE,SN,2020-10-09,2020-10-09,none,none,commodity-v1
SHFE,SN,2020-10-12,2020-12-31,21:00,01:00,commodity-v1
SHFE,SN,2021-01-04,2021-01-04,none,none,commodity-v1
SHFE,SN,2021-01-05,2021-02-10,21:00,01:00,commodity-v1
SHFE,SN,2021-02-18,2021-02-18,none,none,commodity-v1
SHFE,SN,2021-02-19,2021-04-02,21:00,01:00,commodity-v1
SHFE,SN,2021-04-06,2021-04-06,none,none,commodity-v1
SHFE,SN,2021-04-07,2021-04-30,21:00,01:00,commodity-v1
SHFE,SN,2021-05-06,2021-05-06,none,none,commodity-v1
SHFE,SN,2021-05-07,2021-06-11,21:00,01:00,commodity-v1
SHFE,SN,2021-06-15,2021-06-15,none,none,commodity-v1
SHFE,SN,2021-06-16,2021-09-17,21:00,01:00,commodity-v1
SHFE,SN,2021-09-22,2021-09-22,none,none,commodity-v1
SHFE,SN,2021-09-23,2021-09-30,21:00,01:00,commodity-v1
SHFE,SN,2021-10-08,2021-10-08,none,none,commodity-v1
SHFE,SN,2021-10-11,2021-12-31,21:00,01:00,commodity-v1
SHFE,SN,2022-01-04,2022-01-04,none,none,commodity-v1
SHFE,SN,2022-01-05,2022-01-28,21:00,01:00,commodity-v1
SHFE,SN,2022-02-07,2022-02-07,none,none,commodity-v1
SHFE,SN,2022-02-08,2022-04-01,21:00,01:00,commodity-v1
SHFE,SN,2022-04-06,2022-04-06,none,none,commodity-v1
SHFE,SN,2022-04-07,2022-04-29,21:00,01:00,commodity-v1
SHFE,SN,2022-05-05,2022-05-05,none,none,commodity-v1
SHFE,SN,2022-05-06,2022-06-02,21:00,01:00,commodity-v1
SHFE,SN,2022-06-06,2022-06-06,none,none,commodity-v1
SHFE,SN,2022-06-07,2022-09-09,21:00,01:00,commodity-v1
SHFE,SN,2022-09-13,2022-09-13,none,none,commodity-v1
SHFE,SN,2022-09-14,2022-09-30,21:00,01:00,commodity-v1
SHFE,SN,2022-10-10,2022-10-10,none,none,commodity-v1
SHFE,SN,2022-10-11,2022-12-30,21:00,01:00,commodity-v1
SHFE,SN,2023-01-03,2023-01-03,none,none,commodity-v1
SHFE,SN,2023-01-04,2023-01-20,21:00,01:00,commodity-v1
SHFE,SN,2023-01-30,2023-01-30,none,none,commodity-v1
SHFE,SN,2023-01-31,2023-04-04,21:00,01:00,commodity-v1
SHFE,SN,2023-04-06,2023-04-06,none,none,commodity-v1
SHFE,SN,2023-04-07,2023-04-28,21:00,01:00,commodity-v1
SHFE,SN,2023-05-04,2023-05-04,none,none,commodity-v1
SHFE,SN,2023-05-05,2023-06-21,21:00,01:00,commodity-v1
SHFE,SN,2023-06-26,2023-06-26,none,none,commodity-v1
SHFE,SN,2023-06-27,2023-09-28,21:00,01:00,commodity-v1
SHFE,SN,2023-10-09,2023-10-09,none,none,commodity-v1
SHFE,SN,2023-10-10,2023-12-29,21:00,01:00,commodity-v1
SHFE,SN,2024-01-02,2024-01-02,none,none,commodity-v1
SHFE,SN,2024-01-03,2024-02-08,21:00,01:00,commodity-v1
SHFE,SN,2024-02-19,2024-02-19,none,none,commodity-v1
SHFE,SN,2024-02-20,2024-04-03,21:00,01:00,commodity-v1
SHFE,SN,2024-04-08,2024-04-08,none,none,commodity-v1
SHFE,SN,2024-04-09,2024-04-30,21:00,01:00,commodity-v1
SHFE,SN,2024-05-06,2024-05-06,none,none,commodity-v1
SHFE,SN,2024-05-07,2024-06-07,21:00,01:00,commodity-v1
SHFE,SN,2024-06-11,2024-06-11,none,none,commodity-v1
SHFE,SN,2024-06-12,2024-09-13,21:00,01:00,commodity-v1
SHFE,SN,2024-09-18,2024-09-18,none,none,commodity-v1
SHFE,SN,2024-09-19,2024-09-30,21:00,01:00,commodity-v1
SHFE,SN,2024-10-08,2024-10-08,none,none,commodity-v1
SHFE,SN,2024-10-09,2024-12-31,21:00,01:00,commodity-v1
SHFE,SN,2025-01-02,2025-01-02,none,none,commodity-v1
SHFE,SN,2025-01-03,2025-01-27,21:00,01:00,commodity-v1
SHFE,SN,2025-02-05,2025-02-05,none,none,commodity-v1
SHFE,SN,2025-02-06,2025-04-03,21:00,01:00,commodity-v1
SHFE,SN,2025-04-07,2025-04-07,none,none,commodity-v1
SHFE,SN,2025-04-08,2025-04-30,21:00,01:00,commodity-v1
SHFE,SN,2025-05-06,2025-05-06,none,none,commodity-v1
SHFE,SN,2025-05-07,2025-05-30,21:00,01:00,commodity-v1
SHFE,SN,2025-06-03,2025-06-03,none,none,commodity-v1
SHFE,SN,2025-06-04,2025-09-30,21:00,01:00,commodity-v1
SHFE,SN,2025-10-09,2025-10-09,none,none,commodity-v1
SHFE,SN,2025-10-10,2025-12-31,21:00,01:00,commodity-v1
SHFE,SN,2026-01-05,2026-01-05,none,none,commodity-v1
SHFE,SN,2026-01-06,2026-01-30,21:00,01:00,commodity-v1
SHFE,SP,2019-05-29,2019-06-06,21:00,23:00,commodity-v1
SHFE,SP,2019-06-10,2019-06-10,none,none,commodity-v1
SHFE,SP,2019-06-11,2019-09-12,21:00,23:00,commodity-v1
SHFE,SP,2019-09-16,2019-09-16,none,none,commodity-v1
SHFE,SP,2019-09-17,2019-09-30,21:00,23:00,commodity-v1
SHFE,SP,2019-10-08,2019-10-08,none,none,commodity-v1
SHFE,SP,2019-10-09,2019-12-25,21:00,23:00,commodity-v1
SHFE,SP,2019-12-26,2019-12-26,22:30,23:00,commodity-v1
SHFE,SP,2019-12-27,2019-12-31,21:00,23:00,commodity-v1
SHFE,SP,2020-01-02,2020-01-02,none,none,commodity-v1
SHFE,SP,2020-01-03,2020-01-23,21:00,23:00,commodity-v1
SHFE,SP,2020-02-03,2020-05-06,none,none,commodity-v1
SHFE,SP,2020-05-07,2020-05-15,21:00,23:00,commodity-v1
SHFE,SP,2020-09-07,2020-09-30,21:00,23:00,commodity-v1
SHFE,SP,2020-10-09,2020-10-09,none,none,commodity-v1
SHFE,SP,2020-10-12,2020-12-31,21:00,23:00,commodity-v1
SHFE,SP,2021-01-04,2021-01-04,none,none,commodity-v1
SHFE,SP,2021-01-05,2021-02-10,21:00,23:00,commodity-v1
SHFE,SP,2021-02-18,2021-02-18,none,none,commodity-v1
SHFE,SP,2021-02-19,2021-04-02,21:00,23:00,commodity-v1
SHFE,SP,2021-04-06,2021-04-06,none,none,commodity-v1
SHFE,SP,2021-04-07,2021-04-30,21:00,23:00,commodity-v1
SHFE,SP,2021-05-06,2021-05-06,none,none,commodity-v1
SHFE,SP,2021-05-07,2021-06-11,21:00,23:00,commodity-v1
SHFE,SP,2021-06-15,2021-06-15,none,none,commodity-v1
SHFE,SP,2021-06-16,2021-09-17,21:00,23:00,commodity-v1
SHFE,SP,2021-09-22,2021-09-22,none,none,commodity-v1
SHFE,SP,2021-09-23,2021-09-30,21:00,23:00,commodity-v1
SHFE,SP,2021-10-08,2021-10-08,none,none,commodity-v1
SHFE,SP,2021-10-11,2021-12-31,21:00,23:00,commodity-v1
SHFE,SP,2022-01-04,2022-01-04,none,none,commodity-v1
SHFE,SP,2022-01-05,2022-01-28,21:00,23:00,commodity-v1
SHFE,SP,2022-02-07,2022-02-07,none,none,commodity-v1
SHFE,SP,2022-02-08,2022-04-01,21:00,23:00,commodity-v1
SHFE,SP,2022-04-06,2022-04-06,none,none,commodity-v1
SHFE,SP,2022-04-07,2022-04-29,21:00,23:00,commodity-v1
SHFE,SP,2022-05-05,2022-05-05,none,none,commodity-v1
SHFE,SP,2022-05-06,2022-06-02,21:00,23:00,commodity-v1
SHFE,SP,2022-06-06,2022-06-06,none,none,commodity-v1
SHFE,SP,2022-06-07,2022-09-09,21:00,23:00,commodity-v1
SHFE,SP,2022-09-13,2022-09-13,none,none,commodity-v1
SHFE,SP,2022-09-14,2022-09-30,21:00,23:00,commodity-v1
SHFE,SP,2022-10-10,2022-10-10,none,none,commodity-v1
SHFE,SP,2022-10-11,2022-12-30,21:00,23:00,commodity-v1
SHFE,SP,2023-01-03,2023-01-03,none,none,commodity-v1
SHFE,SP,2023-01-04,2023-01-20,21:00,23:00,commodity-v1
SHFE,SP,2023-01-30,2023-01-30,none,none,commodity-v1
SHFE,SP,2023-01-31,2023-04-04,21:00,23:00,commodity-v1
SHFE,SP,2023-04-06,2023-04-06,none,none,commodity-v1
SHFE,SP,2023-04-07,2023-04-28,21:00,23:00,commodity-v1
SHFE,SP,2023-05-04,2023-05-04,none,none,commodity-v1
SHFE,SP,2023-05-05,2023-06-21,21:00,23:00,commodity-v1
SHFE,SP,2023-06-26,2023-06-26,none,none,commodity-v1
SHFE,SP,2023-06-27,2023-09-28,21:00,23:00,commodity-v1
SHFE,SP,2023-10-09,2023-10-09,none,none,commodity-v1
SHFE,SP,2023-10-10,2023-12-29,21:00,23:00,commodity-v1
SHFE,SP,2024-01-02,2024-01-02,none,none,commodity-v1
SHFE,SP,2024-01-03,2024-02-08,21:00,23:00,commodity-v1
SHFE,SP,2024-02-19,2024-02-19,none,none,commodity-v1
SHFE,SP,2024-02-20,2024-04-03,21:00,23:00,commodity-v1
SHFE,SP,2024-04-08,2024-04-08,none,none,commodity-v1
SHFE,SP,2024-04-09,2024-04-30,21:00,23:00,commodity-v1
SHFE,SP,2024-05-06,2024-05-06,none,none,commodity-v1
SHFE,SP,2024-05-07,2024-06-07,21:00,23:00,commodity-v1
SHFE,SP,2024-06-11,2024-06-11,none,none,commodity-v1
SHFE,SP,2024-06-12,2024-09-13,21:00,23:00,commodity-v1
SHFE,SP,2024-09-18,2024-09-18,none,none,commodity-v1
SHFE,SP,2024-09-19,2024-09-30,21:00,23:00,commodity-v1
SHFE,SP,2024-10-08,2024-10-08,none,none,commodity-v1
SHFE,SP,2024-10-09,2024-12-31,21:00,23:00,commodity-v1
SHFE,SP,2025-01-02,2025-01-02,none,none,commodity-v1
SHFE,SP,2025-01-03,2025-01-27,21:00,23:00,commodity-v1
SHFE,SP,2025-02-05,2025-02-05,none,none,commodity-v1
SHFE,SP,2025-02-06,2025-04-03,21:00,23:00,commodity-v1
SHFE,SP,2025-04-07,2025-04-07,none,none,commodity-v1
SHFE,SP,2025-04-08,2025-04-30,21:00,23:00,commodity-v1
SHFE,SP,2025-05-06,2025-05-06,none,none,commodity-v1
SHFE,SP,2025-05-07,2025-05-30,21:00,23:00,commodity-v1
SHFE,SP,2025-06-03,2025-06-03,none,none,commodity-v1
SHFE,SP,2025-06-04,2025-09-30,21:00,23:00,commodity-v1
SHFE,SP,2025-10-09,2025-10-09,none,none,commodity-v1
SHFE,SP,2025-10-10,2025-12-31,21:00,23:00,commodity-v1
SHFE,SP,2026-01-05,2026-01-05,none,none,commodity-v1
SHFE,SP,2026-01-06,2026-01-30,21:00,23:00,commodity-v1
SHFE,SS,2021-01-13,2021-02-10,21:00,01:00,commodity-v1
SHFE,SS,2021-02-18,2021-02-18,none,none,commodity-v1
SHFE,SS,2021-02-19,2021-04-02,21:00,01:00,commodity-v1
SHFE,SS,2021-04-06,2021-04-06,none,none,commodity-v1
SHFE,SS,2021-04-07,2021-04-30,21:00,01:00,commodity-v1
SHFE,SS,2021-05-06,2021-05-06,none,none,commodity-v1
SHFE,SS,2021-05-07,2021-06-11,21:00,01:00,commodity-v1
SHFE,SS,2021-06-15,2021-06-15,none,none,commodity-v1
SHFE,SS,2021-06-16,2021-09-17,21:00,01:00,commodity-v1
SHFE,SS,2021-09-22,2021-09-22,none,none,commodity-v1
SHFE,SS,2021-09-23,2021-09-30,21:00,01:00,commodity-v1
SHFE,SS,2021-10-08,2021-10-08,none,none,commodity-v1
SHFE,SS,2021-10-11,2021-12-31,21:00,01:00,commodity-v1
SHFE,SS,2022-01-04,2022-01-04,none,none,commodity-v1
SHFE,SS,2022-01-05,2022-01-28,21:00,01:00,commodity-v1
SHFE,SS,2022-02-07,2022-02-07,none,none,commodity-v1
SHFE,SS,2022-02-08,2022-04-01,21:00,01:00,commodity-v1
SHFE,SS,2022-04-06,2022-04-06,none,none,commodity-v1
SHFE,SS,2022-04-07,2022-04-29,21:00,01:00,commodity-v1
SHFE,SS,2022-05-05,2022-05-05,none,none,commodity-v1
SHFE,SS,2022-05-06,2022-06-02,21:00,01:00,commodity-v1
SHFE,SS,2022-06-06,2022-06-06,none,none,commodity-v1
SHFE,SS,2022-06-07,2022-09-09,21:00,01:00,commodity-v1
SHFE,SS,2022-09-13,2022-09-13,none,none,commodity-v1
SHFE,SS,2022-09-14,2022-09-30,21:00,01:00,commodity-v1
SHFE,SS,2022-10-10,2022-10-10,none,none,commodity-v1
SHFE,SS,2022-10-11,2022-12-30,21:00,01:00,commodity-v1
SHFE,SS,2023-01-03,2023-01-03,none,none,commodity-v1
SHFE,SS,2023-01-04,2023-01-20,21:00,01:00,commodity-v1
SHFE,SS,2023-01-30,2023-01-30,none,none,commodity-v1
SHFE,SS,2023-01-31,2023-04-04,21:00,01:00,commodity-v1
SHFE,SS,2023-04-06,2023-04-06,none,none,commodity-v1
SHFE,SS,2023-04-07,2023-04-28,21:00,01:00,commodity-v1
SHFE,SS,2023-05-04,2023-05-04,none,none,commodity-v1
SHFE,SS,2023-05-05,2023-06-21,21:00,01:00,commodity-v1
SHFE,SS,2023-06-26,2023-06-26,none,none,commodity-v1
SHFE,SS,2023-06-27,2023-09-28,21:00,01:00,commodity-v1
SHFE,SS,2023-10-09,2023-10-09,none,none,commodity-v1
SHFE,SS,2023-10-10,2023-12-29,21:00,01:00,commodity-v1
SHFE,SS,2024-01-02,2024-01-02,none,none,commodity-v1
SHFE,SS,2024-01-03,2024-02-08,21:00,01:00,commodity-v1
SHFE,SS,2024-02-19,2024-02-19,none,none,commodity-v1
SHFE,SS,2024-02-20,2024-04-03,21:00,01:00,commodity-v1
SHFE,SS,2024-04-08,2024-04-08,none,none,commodity-v1
SHFE,SS,2024-04-09,2024-04-30,21:00,01:00,commodity-v1
SHFE,SS,2024-05-06,2024-05-06,none,none,commodity-v1
SHFE,SS,2024-05-07,2024-06-07,21:00,01:00,commodity-v1
SHFE,SS,2024-06-11,2024-06-11,none,none,commodity-v1
SHFE,SS,2024-06-12,2024-09-13,21:00,01:00,commodity-v1
SHFE,SS,2024-09-18,2024-09-18,none,none,commodity-v1
SHFE,SS,2024-09-19,2024-09-30,21:00,01:00,commodity-v1
SHFE,SS,2024-10-08,2024-10-08,none,none,commodity-v1
SHFE,SS,2024-10-09,2024-12-31,21:00,01:00,commodity-v1
SHFE,SS,2025-01-02,2025-01-02,none,none,commodity-v1
SHFE,SS,2025-01-03,2025-01-27,21:00,01:00,commodity-v1
SHFE,SS,2025-02-05,2025-02-05,none,none,commodity-v1
SHFE,SS,2025-02-06,2025-04-03,21:00,01:00,commodity-v1
SHFE,SS,2025-04-07,2025-04-07,none,none,commodity-v1
SHFE,SS,2025-04-08,2025-04-30,21:00,01:00,commodity-v1
SHFE,SS,2025-05-06,2025-05-06,none,none,commodity-v1
SHFE,SS,2025-05-07,2025-05-30,21:00,01:00,commodity-v1
SHFE,SS,2025-06-03,2025-06-03,none,none,commodity-v1
SHFE,SS,2025-06-04,2025-09-30,21:00,01:00,commodity-v1
SHFE,SS,2025-10-09,2025-10-09,none,none,commodity-v1
SHFE,SS,2025-10-10,2025-12-31,21:00,01:00,commodity-v1
SHFE,SS,2026-01-05,2026-01-05,none,none,commodity-v1
SHFE,SS,2026-01-06,2026-01-30,21:00,01:00,commodity-v1
SHFE,ZN,2011-01-04,2013-12-20,none,none,commodity-v1
SHFE,ZN,2013-12-23,2013-12-31,21:00,01:00,commodity-v1
SHFE,ZN,2014-01-02,2014-01-02,none,none,commodity-v1
SHFE,ZN,2014-01-03,2014-01-30,21:00,01:00,commodity-v1
SHFE,ZN,2014-02-07,2014-02-07,none,none,commodity-v1
SHFE,ZN,2014-02-10,2014-04-04,21:00,01:00,commodity-v1
SHFE,ZN,2014-04-08,2014-04-08,none,none,commodity-v1
SHFE,ZN,2014-04-09,2014-04-30,21:00,01:00,commodity-v1
SHFE,ZN,2014-05-05,2014-05-05,none,none,commodity-v1
SHFE,ZN,2014-05-06,2014-05-30,21:00,01:00,commodity-v1
SHFE,ZN,2014-06-03,2014-06-03,none,none,commodity-v1
SHFE,ZN,2014-06-04,2014-09-05,21:00,01:00,commodity-v1
SHFE,ZN,2014-09-09,2014-09-09,none,none,commodity-v1
SHFE,ZN,2014-09-10,2014-09-30,21:00,01:00,commodity-v1
SHFE,ZN,2014-10-08,2014-10-08,none,none,commodity-v1
SHFE,ZN,2014-10-09,2014-12-31,21:00,01:00,commodity-v1
SHFE,ZN,2015-01-05,2015-01-05,none,none,commodity-v1
SHFE,ZN,2015-01-06,2015-02-17,21:00,01:00,commodity-v1
SHFE,ZN,2015-02-25,2015-02-25,none,none,commodity-v1
SHFE,ZN,2015-02-26,2015-04-03,21:00,01:00,commodity-v1
SHFE,ZN,2015-04-07,2015-04-07,none,none,commodity-v1
SHFE,ZN,2015-04-08,2015-04-30,21:00,01:00,commodity-v1
SHFE,ZN,2015-05-04,2015-05-04,none,none,commodity-v1
SHFE,ZN,2015-05-05,2015-06-19,21:00,01:00,commodity-v1
SHFE,ZN,2015-06-23,2015-06-23,none,none,commodity-v1
SHFE,ZN,2015-06-24,2015-09-02,21:00,01:00,commodity-v1
SHFE,ZN,2015-09-07,2015-09-07,none,none,commodity-v1
SHFE,ZN,2015-09-08,2015-09-25,21:00,01:00,commodity-v1
SHFE,ZN,2015-09-28,2015-09-28,none,none,commodity-v1
SHFE,ZN,2015-09-29,2015-09-30,21:00,01:00,commodity-v1
SHFE,ZN,2015-10-08,2015-10-08,none,none,commodity-v1
SHFE,ZN,2015-10-09,2015-12-31,21:00,01:00,commodity-v1
SHFE,ZN,2016-01-04,2016-01-04,none,none,commodity-v1
SHFE,ZN,2016-01-05,2016-02-05,21:00,01:00,commodity-v1
SHFE,ZN,2016-02-15,2016-02-15,none,none,commodity-v1
SHFE,ZN,2016-02-16,2016-04-01,21:00,01:00,commodity-v1
SHFE,ZN,2016-04-05,2016-04-05,none,none,commodity-v1
SHFE,ZN,2016-04-06,2016-04-29,21:00,01:00,commodity-v1
SHFE,ZN,2016-05-03,2016-05-03,none,none,commodity-v1
SHFE,ZN,2016-05-04,2016-06-08,21:00,01:00,commodity-v1
SHFE,ZN,2016-06-13,2016-06-13,none,none,commodity-v1
SHFE,ZN,2016-06-14,2016-09-14,21:00,01:00,commodity-v1
SHFE,ZN,2016-09-19,2016-09-19,none,none,commodity-v1
SHFE,ZN,2016-09-20,2016-09-30,21:00,01:00,commodity-v1
SHFE,ZN,2016-10-10,2016-10-10,none,none,commodity-v1
SHFE,ZN,2016-10-11,2016-12-30,21:00,01:00,commodity-v1
SHFE,ZN,2017-01-03,2017-01-03,none,none,commodity-v1
SHFE,ZN,2017-01-04,2017-01-26,21:00,01:00,commodity-v1
SHFE,ZN,2017-02-03,2017-02-03,none,none,commodity-v1
SHFE,ZN,2017-02-06,2017-03-31,21:00,01:00,commodity-v1
SHFE,ZN,2017-04-05,2017-04-05,none,none,commodity-v1
SHFE,ZN,2017-04-06,2017-04-28,21:00,01:00,commodity-v1
SHFE,ZN,2017-05-02,2017-05-02,none,none,commodity-v1
SHFE,ZN,2017-05-03,2017-05-26,21:00,01:00,commodity-v1
SHFE,ZN,2017-05-31,2017-05-31,none,none,commodity-v1
SHFE,ZN,2017-06-01,2017-09-29,21:00,01:00,commodity-v1
SHFE,ZN,2017-10-09,2017-10-09,none,none,commodity-v1
SHFE,ZN,2017-10-10,2017-12-29,21:00,01:00,commodity-v1
SHFE,ZN,2018-01-02,2018-01-02,none,none,commodity-v1
SHFE,ZN,2018-01-03,2018-02-14,21:00,01:00,commodity-v1
SHFE,ZN,2018-02-22,2018-02-22,none,none,commodity-v1
SHFE,ZN,2018-02-23,2018-04-04,21:00,01:00,commodity-v1
SHFE,ZN,2018-04-09,2018-04-09,none,none,commodity-v1
SHFE,ZN,2018-04-10,2018-04-27,21:00,01:00,commodity-v1
SHFE,ZN,2018-05-02,2018-05-02,none,none,commodity-v1
SHFE,ZN,2018-05-03,2018-06-15,21:00,01:00,commodity-v1
SHFE,ZN,2018-06-19,2018-06-19,none,none,commodity-v1
SHFE,ZN,2018-06-20,2018-09-21,21:00,01:00,commodity-v1
SHFE,ZN,2018-09-25,2018-09-25,none,none,commodity-v1
SHFE,ZN,2018-09-26,2018-09-28,21:00,01:00,commodity-v1
SHFE,ZN,2018-10-08,2018-10-08,none,none,commodity-v1
SHFE,ZN,2018-10-09,2018-12-28,21:00,01:00,commodity-v1
SHFE,ZN,2019-01-02,2019-01-02,none,none,commodity-v1
SHFE,ZN,2019-01-03,2019-02-01,21:00,01:00,commodity-v1
SHFE,ZN,2019-02-11,2019-02-11,none,none,commodity-v1
SHFE,ZN,2019-02-12,2019-04-04,21:00,01:00,commodity-v1
SHFE,ZN,2019-04-08,2019-04-08,none,none,commodity-v1
SHFE,ZN,2019-04-09,2019-04-30,21:00,01:00,commodity-v1
SHFE,ZN,2019-05-06,2019-05-06,none,none,commodity-v1
SHFE,ZN,2019-05-07,2019-06-06,21:00,01:00,commodity-v1
SHFE,ZN,2019-06-10,2019-06-10,none,none,commodity-v1
SHFE,ZN,2019-06-11,2019-09-12,21:00,01:00,commodity-v1
SHFE,ZN,2019-09-16,2019-09-16,none,none,commodity-v1
SHFE,ZN,2019-09-17,2019-09-30,21:00,01:00,commodity-v1
SHFE,ZN,2019-10-08,2019-10-08,none,none,commodity-v1
SHFE,ZN,2019-10-09,2019-12-25,21:00,01:00,commodity-v1
SHFE,ZN,2019-12-26,2019-12-26,22:30,01:00,commodity-v1
SHFE,ZN,2019-12-27,2019-12-31,21:00,01:00,commodity-v1
SHFE,ZN,2020-01-02,2020-01-02,none,none,commodity-v1
SHFE,ZN,2020-01-03,2020-01-23,21:00,01:00,commodity-v1
SHFE,ZN,2020-02-03,2020-05-06,none,none,commodity-v1
SHFE,ZN,2020-05-07,2020-06-24,21:00,01:00,commodity-v1
SHFE,ZN,2020-06-29,2020-06-29,none,none,commodity-v1
SHFE,ZN,2020-06-30,2020-09-30,21:00,01:00,commodity-v1
SHFE,ZN,2020-10-09,2020-10-09,none,none,commodity-v1
SHFE,ZN,2020-10-12,2020-12-31,21:00,01:00,commodity-v1
SHFE,ZN,2021-01-04,2021-01-04,none,none,commodity-v1
SHFE,ZN,2021-01-05,2021-02-10,21:00,01:00,commodity-v1
SHFE,ZN,2021-02-18,2021-02-18,none,none,commodity-v1
SHFE,ZN,2021-02-19,2021-04-02,21:00,01:00,commodity-v1
SHFE,ZN,2021-04-06,2021-04-06,none,none,commodity-v1
SHFE,ZN,2021-04-07,2021-04-30,21:00,01:00,commodity-v1
SHFE,ZN,2021-05-06,2021-05-06,none,none,commodity-v1
SHFE,ZN,2021-05-07,2021-06-11,21:00,01:00,commodity-v1
SHFE,ZN,2021-06-15,2021-06-15,none,none,commodity-v1
SHFE,ZN,2021-06-16,2021-09-17,21:00,01:00,commodity-v1
SHFE,ZN,2021-09-22,2021-09-22,none,none,commodity-v1
SHFE,ZN,2021-09-23,2021-09-30,21:00,01:00,commodity-v1
SHFE,ZN,2021-10-08,2021-10-08,none,none,commodity-v1
SHFE,ZN,2021-10-11,2021-12-31,21:00,01:00,commodity-v1
SHFE,ZN,2022-01-04,2022-01-04,none,none,commodity-v1
SHFE,ZN,2022-01-05,2022-01-28,21:00,01:00,commodity-v1
SHFE,ZN,2022-02-07,2022-02-07,none,none,commodity-v1
SHFE,ZN,2022-02-08,2022-04-01,21:00,01:00,commodity-v1
SHFE,ZN,2022-04-06,2022-04-06,none,none,commodity-v1
SHFE,ZN,2022-04-07,2022-04-29,21:00,01:00,commodity-v1
SHFE,ZN,2022-05-05,2022-05-05,none,none,commodity-v1
SHFE,ZN,2022-05-06,2022-06-02,21:00,01:00,commodity-v1
SHFE,ZN,2022-06-06,2022-06-06,none,none,commodity-v1
SHFE,ZN,2022-06-07,2022-09-09,21:00,01:00,commodity-v1
SHFE,ZN,2022-09-13,2022-09-13,none,none,commodity-v1
SHFE,ZN,2022-09-14,2022-09-30,21:00,01:00,commodity-v1
SHFE,ZN,2022-10-10,2022-10-10,none,none,commodity-v1
SHFE,ZN,2022-10-11,2022-12-30,21:00,01:00,commodity-v1
SHFE,ZN,2023-01-03,2023-01-03,none,none,commodity-v1
SHFE,ZN,2023-01-04,2023-01-20,21:00,01:00,commodity-v1
SHFE,ZN,2023-01-30,2023-01-30,none,none,commodity-v1
SHFE,ZN,2023-01-31,2023-04-04,21:00,01:00,commodity-v1
SHFE,ZN,2023-04-06,2023-04-06,none,none,commodity-v1
SHFE,ZN,2023-04-07,2023-04-28,21:00,01:00,commodity-v1
SHFE,ZN,2023-05-04,2023-05-04,none,none,commodity-v1
SHFE,ZN,2023-05-05,2023-06-21,21:00,01:00,commodity-v1
SHFE,ZN,2023-06-26,2023-06-26,none,none,commodity-v1
SHFE,ZN,2023-06-27,2023-09-28,21:00,01:00,commodity-v1
SHFE,ZN,2023-10-09,2023-10-09,none,none,commodity-v1
SHFE,ZN,2023-10-10,2023-12-29,21:00,01:00,commodity-v1
SHFE,ZN,2024-01-02,2024-01-02,none,none,commodity-v1
SHFE,ZN,2024-01-03,2024-02-08,21:00,01:00,commodity-v1
SHFE,ZN,2024-02-19,2024-02-19,none,none,commodity-v1
SHFE,ZN,2024-02-20,2024-04-03,21:00,01:00,commodity-v1
SHFE,ZN,2024-04-08,2024-04-08,none,none,commodity-v1
SHFE,ZN,2024-04-09,2024-04-30,21:00,01:00,commodity-v1
SHFE,ZN,2024-05-06,2024-05-06,none,none,commodity-v1
SHFE,ZN,2024-05-07,2024-06-07,21:00,01:00,commodity-v1
SHFE,ZN,2024-06-11,2024-06-11,none,none,commodity-v1
SHFE,ZN,2024-06-12,2024-09-13,21:00,01:00,commodity-v1
SHFE,ZN,2024-09-18,2024-09-18,none,none,commodity-v1
SHFE,ZN,2024-09-19,2024-09-30,21:00,01:00,commodity-v1
SHFE,ZN,2024-10-08,2024-10-08,none,none,commodity-v1
SHFE,ZN,2024-10-09,2024-12-31,21:00,01:00,commodity-v1
SHFE,ZN,2025-01-02,2025-01-02,none,none,commodity-v1
SHFE,ZN,2025-01-03,2025-01-27,21:00,01:00,commodity-v1
SHFE,ZN,2025-02-05,2025-02-05,none,none,commodity-v1
SHFE,ZN,2025-02-06,2025-04-03,21:00,01:00,commodity-v1
SHFE,ZN,2025-04-07,2025-04-07,none,none,commodity-v1
SHFE,ZN,2025-04-08,2025-04-30,21:00,01:00,commodity-v1
SHFE,ZN,2025-05-06,2025-05-06,none,none,commodity-v1
SHFE,ZN,2025-05-07,2025-05-30,21:00,01:00,commodity-v1
SHFE,ZN,2025-06-03,2025-06-03,none,none,commodity-v1
SHFE,ZN,2025-06-04,2025-09-30,21:00,01:00,commodity-v1
SHFE,ZN,2025-10-09,2025-10-09,none,none,commodity-v1
SHFE,ZN,2025-10-10,2025-12-31,21:00,01:00,commodity-v1
SHFE,ZN,2026-01-05,2026-01-05,none,none,commodity-v1
SHFE,ZN,2026-01-06,2026-01-30,21:00,01:00,commodity-v1
