exchange,version,trade_date,product,night_start,night_end,reason,source_url
DCE,commodity-v1,2019-12-26,,22:30,23:00,delayed night open per 大商所发[2019]553号 notice_evening=2019-12-25,http://qhxy.dce.com.cn/dalianshangpin/ywfw/jystz/ywtz/6202113/index.html
CZCE,commodity-v1,2020-10-09,,none,none,no night session on the first trading day after a statutory holiday per the exchange standing rule notice_evening=2020-09-30,https://www.czce.com.cn/cn/rootfiles/2014/11/24/1415698818159779-1415698818161921.pdf
DCE,commodity-v1,2020-10-09,,none,none,no night session before the post-holiday session notice_evening=2020-09-30,http://qhxy.dce.com.cn/dalianshangpin/ywfw/jystz/ywtz/6201818/index.html
INE,commodity-v1,2020-10-09,,none,none,no night session before the post-holiday session notice_evening=2020-09-30,https://www.ine.cn/publicnotice/notice/201912/t20191224_812027.html
SHFE,commodity-v1,2020-10-09,,none,none,no night session before the post-holiday session notice_evening=2020-09-30,https://www.shfe.com.cn/publicnotice/notice/201912/t20191224_795447.html
CZCE,commodity-v1,2021-01-04,,none,none,no night session on the first trading day after a statutory holiday per the exchange standing rule notice_evening=2020-12-31,https://www.czce.com.cn/cn/rootfiles/2014/11/24/1415698818159779-1415698818161921.pdf
DCE,commodity-v1,2021-01-04,,none,none,no night session before the post-holiday session notice_evening=2020-12-31,http://qhxy.dce.com.cn/dalianshangpin/ywfw/jystz/ywtz/6260870/index.html
INE,commodity-v1,2021-01-04,,none,none,no night session before the post-holiday session notice_evening=2020-12-31,https://www.ine.cn/publicnotice/notice/202012/t20201223_812576.html
SHFE,commodity-v1,2021-01-04,,none,none,no night session before the post-holiday session notice_evening=2020-12-31,https://www.shfe.com.cn/publicnotice/notice/202012/t20201223_796877.html
CZCE,commodity-v1,2021-02-18,,none,none,no night session on the first trading day after a statutory holiday per the exchange standing rule notice_evening=2021-02-10,https://www.czce.com.cn/cn/rootfiles/2014/11/24/1415698818159779-1415698818161921.pdf
DCE,commodity-v1,2021-02-18,,none,none,no night session before the post-holiday session notice_evening=2021-02-10,http://qhxy.dce.com.cn/dalianshangpin/ywfw/jystz/ywtz/6260870/index.html
INE,commodity-v1,2021-02-18,,none,none,no night session before the post-holiday session notice_evening=2021-02-10,https://www.ine.cn/publicnotice/notice/202012/t20201223_812576.html
SHFE,commodity-v1,2021-02-18,,none,none,no night session before the post-holiday session notice_evening=2021-02-10,https://www.shfe.com.cn/publicnotice/notice/202012/t20201223_796877.html
CZCE,commodity-v1,2021-04-06,,none,none,no night session on the first trading day after a statutory holiday per the exchange standing rule notice_evening=2021-04-02,https://www.czce.com.cn/cn/rootfiles/2014/11/24/1415698818159779-1415698818161921.pdf
DCE,commodity-v1,2021-04-06,,none,none,no night session before the post-holiday session notice_evening=2021-04-02,http://qhxy.dce.com.cn/dalianshangpin/ywfw/jystz/ywtz/6260870/index.html
INE,commodity-v1,2021-04-06,,none,none,no night session before the post-holiday session notice_evening=2021-04-02,https://www.ine.cn/publicnotice/notice/202012/t20201223_812576.html
SHFE,commodity-v1,2021-04-06,,none,none,no night session before the post-holiday session notice_evening=2021-04-02,https://www.shfe.com.cn/publicnotice/notice/202012/t20201223_796877.html
CZCE,commodity-v1,2021-05-06,,none,none,no night session on the first trading day after a statutory holiday per the exchange standing rule notice_evening=2021-04-30,https://www.czce.com.cn/cn/rootfiles/2014/11/24/1415698818159779-1415698818161921.pdf
DCE,commodity-v1,2021-05-06,,none,none,no night session before the post-holiday session notice_evening=2021-04-30,http://qhxy.dce.com.cn/dalianshangpin/ywfw/jystz/ywtz/6260870/index.html
INE,commodity-v1,2021-05-06,,none,none,no night session before the post-holiday session notice_evening=2021-04-30,https://www.ine.cn/publicnotice/notice/202012/t20201223_812576.html
SHFE,commodity-v1,2021-05-06,,none,none,no night session before the post-holiday session notice_evening=2021-04-30,https://www.shfe.com.cn/publicnotice/notice/202012/t20201223_796877.html
CZCE,commodity-v1,2021-06-15,,none,none,no night session on the first trading day after a statutory holiday per the exchange standing rule notice_evening=2021-06-11,https://www.czce.com.cn/cn/rootfiles/2014/11/24/1415698818159779-1415698818161921.pdf
DCE,commodity-v1,2021-06-15,,none,none,no night session before the post-holiday session notice_evening=2021-06-11,http://qhxy.dce.com.cn/dalianshangpin/ywfw/jystz/ywtz/6260870/index.html
INE,commodity-v1,2021-06-15,,none,none,no night session before the post-holiday session notice_evening=2021-06-11,https://www.ine.cn/publicnotice/notice/202012/t20201223_812576.html
SHFE,commodity-v1,2021-06-15,,none,none,no night session before the post-holiday session notice_evening=2021-06-11,https://www.shfe.com.cn/publicnotice/notice/202012/t20201223_796877.html
CZCE,commodity-v1,2021-09-22,,none,none,no night session on the first trading day after a statutory holiday per the exchange standing rule notice_evening=2021-09-17,https://www.czce.com.cn/cn/rootfiles/2014/11/24/1415698818159779-1415698818161921.pdf
DCE,commodity-v1,2021-09-22,,none,none,no night session before the post-holiday session notice_evening=2021-09-17,http://qhxy.dce.com.cn/dalianshangpin/ywfw/jystz/ywtz/6260870/index.html
INE,commodity-v1,2021-09-22,,none,none,no night session before the post-holiday session notice_evening=2021-09-17,https://www.ine.cn/publicnotice/notice/202012/t20201223_812576.html
SHFE,commodity-v1,2021-09-22,,none,none,no night session before the post-holiday session notice_evening=2021-09-17,https://www.shfe.com.cn/publicnotice/notice/202012/t20201223_796877.html
CZCE,commodity-v1,2021-10-08,,none,none,no night session on the first trading day after a statutory holiday per the exchange standing rule notice_evening=2021-09-30,https://www.czce.com.cn/cn/rootfiles/2014/11/24/1415698818159779-1415698818161921.pdf
DCE,commodity-v1,2021-10-08,,none,none,no night session before the post-holiday session notice_evening=2021-09-30,http://qhxy.dce.com.cn/dalianshangpin/ywfw/jystz/ywtz/6260870/index.html
INE,commodity-v1,2021-10-08,,none,none,no night session before the post-holiday session notice_evening=2021-09-30,https://www.ine.cn/publicnotice/notice/202012/t20201223_812576.html
SHFE,commodity-v1,2021-10-08,,none,none,no night session before the post-holiday session notice_evening=2021-09-30,https://www.shfe.com.cn/publicnotice/notice/202012/t20201223_796877.html
CZCE,commodity-v1,2022-01-04,,none,none,no night session on the first trading day after a statutory holiday per the exchange standing rule notice_evening=2021-12-31,https://www.czce.com.cn/cn/rootfiles/2014/11/24/1415698818159779-1415698818161921.pdf
DCE,commodity-v1,2022-01-04,,none,none,no night session before the post-holiday session notice_evening=2021-12-31,http://qhxy.dce.com.cn/dalianshangpin/ywfw/jystz/ywtz/6300288/index.html
INE,commodity-v1,2022-01-04,,none,none,no night session before the post-holiday session notice_evening=2021-12-31,https://www.ine.cn/publicnotice/notice/202112/t20211217_813157.html
SHFE,commodity-v1,2022-01-04,,none,none,no night session before the post-holiday session notice_evening=2021-12-31,https://www.shfe.com.cn/publicnotice/notice/202112/t20211217_798298.html
CZCE,commodity-v1,2022-02-07,,none,none,no night session on the first trading day after a statutory holiday per the exchange standing rule notice_evening=2022-01-28,https://www.czce.com.cn/cn/rootfiles/2014/11/24/1415698818159779-1415698818161921.pdf
DCE,commodity-v1,2022-02-07,,none,none,no night session before the post-holiday session notice_evening=2022-01-28,http://qhxy.dce.com.cn/dalianshangpin/ywfw/jystz/ywtz/6300288/index.html
INE,commodity-v1,2022-02-07,,none,none,no night session before the post-holiday session notice_evening=2022-01-28,https://www.ine.cn/publicnotice/notice/202112/t20211217_813157.html
SHFE,commodity-v1,2022-02-07,,none,none,no night session before the post-holiday session notice_evening=2022-01-28,https://www.shfe.com.cn/publicnotice/notice/202112/t20211217_798298.html
CZCE,commodity-v1,2022-04-06,,none,none,no night session on the first trading day after a statutory holiday per the exchange standing rule notice_evening=2022-04-01,https://www.czce.com.cn/cn/rootfiles/2014/11/24/1415698818159779-1415698818161921.pdf
DCE,commodity-v1,2022-04-06,,none,none,no night session before the post-holiday session notice_evening=2022-04-01,http://qhxy.dce.com.cn/dalianshangpin/ywfw/jystz/ywtz/6300288/index.html
INE,commodity-v1,2022-04-06,,none,none,no night session before the post-holiday session notice_evening=2022-04-01,https://www.ine.cn/publicnotice/notice/202112/t20211217_813157.html
SHFE,commodity-v1,2022-04-06,,none,none,no night session before the post-holiday session notice_evening=2022-04-01,https://www.shfe.com.cn/publicnotice/notice/202112/t20211217_798298.html
CZCE,commodity-v1,2022-05-05,,none,none,no night session on the first trading day after a statutory holiday per the exchange standing rule notice_evening=2022-04-29,https://www.czce.com.cn/cn/rootfiles/2014/11/24/1415698818159779-1415698818161921.pdf
DCE,commodity-v1,2022-05-05,,none,none,no night session before the post-holiday session notice_evening=2022-04-29,http://qhxy.dce.com.cn/dalianshangpin/ywfw/jystz/ywtz/6300288/index.html
INE,commodity-v1,2022-05-05,,none,none,no night session before the post-holiday session notice_evening=2022-04-29,https://www.ine.cn/publicnotice/notice/202112/t20211217_813157.html
SHFE,commodity-v1,2022-05-05,,none,none,no night session before the post-holiday session notice_evening=2022-04-29,https://www.shfe.com.cn/publicnotice/notice/202112/t20211217_798298.html
CZCE,commodity-v1,2022-06-06,,none,none,no night session on the first trading day after a statutory holiday per the exchange standing rule notice_evening=2022-06-02,https://www.czce.com.cn/cn/rootfiles/2014/11/24/1415698818159779-1415698818161921.pdf
DCE,commodity-v1,2022-06-06,,none,none,no night session before the post-holiday session notice_evening=2022-06-02,http://qhxy.dce.com.cn/dalianshangpin/ywfw/jystz/ywtz/6300288/index.html
INE,commodity-v1,2022-06-06,,none,none,no night session before the post-holiday session notice_evening=2022-06-02,https://www.ine.cn/publicnotice/notice/202112/t20211217_813157.html
SHFE,commodity-v1,2022-06-06,,none,none,no night session before the post-holiday session notice_evening=2022-06-02,https://www.shfe.com.cn/publicnotice/notice/202112/t20211217_798298.html
CZCE,commodity-v1,2022-09-13,,none,none,no night session on the first trading day after a statutory holiday per the exchange standing rule notice_evening=2022-09-09,https://www.czce.com.cn/cn/rootfiles/2014/11/24/1415698818159779-1415698818161921.pdf
DCE,commodity-v1,2022-09-13,,none,none,no night session before the post-holiday session notice_evening=2022-09-09,http://qhxy.dce.com.cn/dalianshangpin/ywfw/jystz/ywtz/6300288/index.html
INE,commodity-v1,2022-09-13,,none,none,no night session before the post-holiday session notice_evening=2022-09-09,https://www.ine.cn/publicnotice/notice/202112/t20211217_813157.html
SHFE,commodity-v1,2022-09-13,,none,none,no night session before the post-holiday session notice_evening=2022-09-09,https://www.shfe.com.cn/publicnotice/notice/202112/t20211217_798298.html
CZCE,commodity-v1,2022-10-10,,none,none,no night session on the first trading day after a statutory holiday per the exchange standing rule notice_evening=2022-09-30,https://www.czce.com.cn/cn/rootfiles/2014/11/24/1415698818159779-1415698818161921.pdf
DCE,commodity-v1,2022-10-10,,none,none,no night session before the post-holiday session notice_evening=2022-09-30,http://qhxy.dce.com.cn/dalianshangpin/ywfw/jystz/ywtz/6300288/index.html
INE,commodity-v1,2022-10-10,,none,none,no night session before the post-holiday session notice_evening=2022-09-30,https://www.ine.cn/publicnotice/notice/202112/t20211217_813157.html
SHFE,commodity-v1,2022-10-10,,none,none,no night session before the post-holiday session notice_evening=2022-09-30,https://www.shfe.com.cn/publicnotice/notice/202112/t20211217_798298.html
CZCE,commodity-v1,2023-01-03,,none,none,no night session on the first trading day after a statutory holiday per the exchange standing rule notice_evening=2022-12-30,https://www.czce.com.cn/cn/rootfiles/2014/11/24/1415698818159779-1415698818161921.pdf
DCE,commodity-v1,2023-01-03,,none,none,no night session before the post-holiday session notice_evening=2022-12-30,http://qhxy.dce.com.cn/dalianshangpin/ywfw/jystz/ywtz/8526813/index.html
INE,commodity-v1,2023-01-03,,none,none,no night session before the post-holiday session notice_evening=2022-12-30,https://www.ine.cn/publicnotice/notice/202212/t20221227_813855.html
SHFE,commodity-v1,2023-01-03,,none,none,no night session before the post-holiday session notice_evening=2022-12-30,https://www.shfe.com.cn/publicnotice/notice/202212/t20221227_799690.html
CZCE,commodity-v1,2023-01-30,,none,none,no night session on the first trading day after a statutory holiday per the exchange standing rule notice_evening=2023-01-20,https://www.czce.com.cn/cn/rootfiles/2014/11/24/1415698818159779-1415698818161921.pdf
DCE,commodity-v1,2023-01-30,,none,none,no night session before the post-holiday session notice_evening=2023-01-20,http://qhxy.dce.com.cn/dalianshangpin/ywfw/jystz/ywtz/8526813/index.html
INE,commodity-v1,2023-01-30,,none,none,no night session before the post-holiday session notice_evening=2023-01-20,https://www.ine.cn/publicnotice/notice/202212/t20221227_813855.html
SHFE,commodity-v1,2023-01-30,,none,none,no night session before the post-holiday session notice_evening=2023-01-20,https://www.shfe.com.cn/publicnotice/notice/202212/t20221227_799690.html
CZCE,commodity-v1,2023-04-06,,none,none,no night session on the first trading day after a statutory holiday per the exchange standing rule notice_evening=2023-04-04,https://www.czce.com.cn/cn/rootfiles/2014/11/24/1415698818159779-1415698818161921.pdf
DCE,commodity-v1,2023-04-06,,none,none,no night session before the post-holiday session notice_evening=2023-04-04,http://qhxy.dce.com.cn/dalianshangpin/ywfw/jystz/ywtz/8526813/index.html
INE,commodity-v1,2023-04-06,,none,none,no night session before the post-holiday session notice_evening=2023-04-04,https://www.ine.cn/publicnotice/notice/202212/t20221227_813855.html
SHFE,commodity-v1,2023-04-06,,none,none,no night session before the post-holiday session notice_evening=2023-04-04,https://www.shfe.com.cn/publicnotice/notice/202212/t20221227_799690.html
CZCE,commodity-v1,2023-05-04,,none,none,no night session on the first trading day after a statutory holiday per the exchange standing rule notice_evening=2023-04-28,https://www.czce.com.cn/cn/rootfiles/2014/11/24/1415698818159779-1415698818161921.pdf
DCE,commodity-v1,2023-05-04,,none,none,no night session before the post-holiday session notice_evening=2023-04-28,http://qhxy.dce.com.cn/dalianshangpin/ywfw/jystz/ywtz/8526813/index.html
INE,commodity-v1,2023-05-04,,none,none,no night session before the post-holiday session notice_evening=2023-04-28,https://www.ine.cn/publicnotice/notice/202212/t20221227_813855.html
SHFE,commodity-v1,2023-05-04,,none,none,no night session before the post-holiday session notice_evening=2023-04-28,https://www.shfe.com.cn/publicnotice/notice/202212/t20221227_799690.html
CZCE,commodity-v1,2023-06-26,,none,none,no night session on the first trading day after a statutory holiday per the exchange standing rule notice_evening=2023-06-21,https://www.czce.com.cn/cn/rootfiles/2014/11/24/1415698818159779-1415698818161921.pdf
DCE,commodity-v1,2023-06-26,,none,none,no night session before the post-holiday session notice_evening=2023-06-21,http://qhxy.dce.com.cn/dalianshangpin/ywfw/jystz/ywtz/8526813/index.html
INE,commodity-v1,2023-06-26,,none,none,no night session before the post-holiday session notice_evening=2023-06-21,https://www.ine.cn/publicnotice/notice/202212/t20221227_813855.html
SHFE,commodity-v1,2023-06-26,,none,none,no night session before the post-holiday session notice_evening=2023-06-21,https://www.shfe.com.cn/publicnotice/notice/202212/t20221227_799690.html
CZCE,commodity-v1,2023-10-09,,none,none,no night session on the first trading day after a statutory holiday per the exchange standing rule notice_evening=2023-09-28,https://www.czce.com.cn/cn/rootfiles/2014/11/24/1415698818159779-1415698818161921.pdf
DCE,commodity-v1,2023-10-09,,none,none,no night session before the post-holiday session notice_evening=2023-09-28,http://qhxy.dce.com.cn/dalianshangpin/ywfw/jystz/ywtz/8526813/index.html
INE,commodity-v1,2023-10-09,,none,none,no night session before the post-holiday session notice_evening=2023-09-28,https://www.ine.cn/publicnotice/notice/202212/t20221227_813855.html
SHFE,commodity-v1,2023-10-09,,none,none,no night session before the post-holiday session notice_evening=2023-09-28,https://www.shfe.com.cn/publicnotice/notice/202212/t20221227_799690.html
CZCE,commodity-v1,2024-01-02,,none,none,no night session on the first trading day after a statutory holiday per the exchange standing rule notice_evening=2023-12-29,https://www.czce.com.cn/cn/rootfiles/2014/11/24/1415698818159779-1415698818161921.pdf
DCE,commodity-v1,2024-01-02,,none,none,no night session before the post-holiday session notice_evening=2023-12-29,http://qhxy.dce.com.cn/dalianshangpin/ywfw/jystz/ywtz/8589323/index.html
INE,commodity-v1,2024-01-02,,none,none,no night session before the post-holiday session notice_evening=2023-12-29,https://www.ine.cn/publicnotice/notice/202312/t20231226_814527.html
SHFE,commodity-v1,2024-01-02,,none,none,no night session before the post-holiday session notice_evening=2023-12-29,https://www.shfe.com.cn/publicnotice/notice/202312/t20231226_801163.html
CZCE,commodity-v1,2024-02-19,,none,none,no night session on the first trading day after a statutory holiday per the exchange standing rule notice_evening=2024-02-08,https://www.czce.com.cn/cn/rootfiles/2014/11/24/1415698818159779-1415698818161921.pdf
DCE,commodity-v1,2024-02-19,,none,none,no night session before the post-holiday session notice_evening=2024-02-08,http://qhxy.dce.com.cn/dalianshangpin/ywfw/jystz/ywtz/8589323/index.html
INE,commodity-v1,2024-02-19,,none,none,no night session before the post-holiday session notice_evening=2024-02-08,https://www.ine.cn/publicnotice/notice/202312/t20231226_814527.html
SHFE,commodity-v1,2024-02-19,,none,none,no night session before the post-holiday session notice_evening=2024-02-08,https://www.shfe.com.cn/publicnotice/notice/202312/t20231226_801163.html
CZCE,commodity-v1,2024-04-08,,none,none,no night session on the first trading day after a statutory holiday per the exchange standing rule notice_evening=2024-04-03,https://www.czce.com.cn/cn/rootfiles/2014/11/24/1415698818159779-1415698818161921.pdf
DCE,commodity-v1,2024-04-08,,none,none,no night session before the post-holiday session notice_evening=2024-04-03,http://qhxy.dce.com.cn/dalianshangpin/ywfw/jystz/ywtz/8589323/index.html
INE,commodity-v1,2024-04-08,,none,none,no night session before the post-holiday session notice_evening=2024-04-03,https://www.ine.cn/publicnotice/notice/202312/t20231226_814527.html
SHFE,commodity-v1,2024-04-08,,none,none,no night session before the post-holiday session notice_evening=2024-04-03,https://www.shfe.com.cn/publicnotice/notice/202312/t20231226_801163.html
CZCE,commodity-v1,2024-05-06,,none,none,no night session on the first trading day after a statutory holiday per the exchange standing rule notice_evening=2024-04-30,https://www.czce.com.cn/cn/rootfiles/2014/11/24/1415698818159779-1415698818161921.pdf
DCE,commodity-v1,2024-05-06,,none,none,no night session before the post-holiday session notice_evening=2024-04-30,http://qhxy.dce.com.cn/dalianshangpin/ywfw/jystz/ywtz/8589323/index.html
INE,commodity-v1,2024-05-06,,none,none,no night session before the post-holiday session notice_evening=2024-04-30,https://www.ine.cn/publicnotice/notice/202312/t20231226_814527.html
SHFE,commodity-v1,2024-05-06,,none,none,no night session before the post-holiday session notice_evening=2024-04-30,https://www.shfe.com.cn/publicnotice/notice/202312/t20231226_801163.html
CZCE,commodity-v1,2024-06-11,,none,none,no night session on the first trading day after a statutory holiday per the exchange standing rule notice_evening=2024-06-07,https://www.czce.com.cn/cn/rootfiles/2014/11/24/1415698818159779-1415698818161921.pdf
DCE,commodity-v1,2024-06-11,,none,none,no night session before the post-holiday session notice_evening=2024-06-07,http://qhxy.dce.com.cn/dalianshangpin/ywfw/jystz/ywtz/8589323/index.html
INE,commodity-v1,2024-06-11,,none,none,no night session before the post-holiday session notice_evening=2024-06-07,https://www.ine.cn/publicnotice/notice/202312/t20231226_814527.html
SHFE,commodity-v1,2024-06-11,,none,none,no night session before the post-holiday session notice_evening=2024-06-07,https://www.shfe.com.cn/publicnotice/notice/202312/t20231226_801163.html
CZCE,commodity-v1,2024-09-18,,none,none,no night session on the first trading day after a statutory holiday per the exchange standing rule notice_evening=2024-09-13,https://www.czce.com.cn/cn/rootfiles/2014/11/24/1415698818159779-1415698818161921.pdf
DCE,commodity-v1,2024-09-18,,none,none,no night session before the post-holiday session notice_evening=2024-09-13,http://qhxy.dce.com.cn/dalianshangpin/ywfw/jystz/ywtz/8589323/index.html
INE,commodity-v1,2024-09-18,,none,none,no night session before the post-holiday session notice_evening=2024-09-13,https://www.ine.cn/publicnotice/notice/202312/t20231226_814527.html
SHFE,commodity-v1,2024-09-18,,none,none,no night session before the post-holiday session notice_evening=2024-09-13,https://www.shfe.com.cn/publicnotice/notice/202312/t20231226_801163.html
CZCE,commodity-v1,2024-10-08,,none,none,no night session on the first trading day after a statutory holiday per the exchange standing rule notice_evening=2024-09-30,https://www.czce.com.cn/cn/rootfiles/2014/11/24/1415698818159779-1415698818161921.pdf
DCE,commodity-v1,2024-10-08,,none,none,no night session before the post-holiday session notice_evening=2024-09-30,http://qhxy.dce.com.cn/dalianshangpin/ywfw/jystz/ywtz/8589323/index.html
INE,commodity-v1,2024-10-08,,none,none,no night session before the post-holiday session notice_evening=2024-09-30,https://www.ine.cn/publicnotice/notice/202312/t20231226_814527.html
SHFE,commodity-v1,2024-10-08,,none,none,no night session before the post-holiday session notice_evening=2024-09-30,https://www.shfe.com.cn/publicnotice/notice/202312/t20231226_801163.html
CZCE,commodity-v1,2025-01-02,,none,none,no night session on the first trading day after a statutory holiday per the exchange standing rule notice_evening=2024-12-31,https://www.czce.com.cn/cn/rootfiles/2014/11/24/1415698818159779-1415698818161921.pdf
DCE,commodity-v1,2025-01-02,,none,none,no night session before the post-holiday session notice_evening=2024-12-31,http://qhxy.dce.com.cn/dalianshangpin/ywfw/jystz/ywtz/8626934/index.html
INE,commodity-v1,2025-01-02,,none,none,no night session before the post-holiday session notice_evening=2024-12-31,https://www.ine.cn/publicnotice/notice/202412/t20241223_824108.html
SHFE,commodity-v1,2025-01-02,,none,none,no night session before the post-holiday session notice_evening=2024-12-31,https://www.shfe.com.cn/publicnotice/notice/202412/t20241223_824109.html
CZCE,commodity-v1,2025-02-05,,none,none,no night session on the first trading day after a statutory holiday per the exchange standing rule notice_evening=2025-01-27,https://www.czce.com.cn/cn/rootfiles/2014/11/24/1415698818159779-1415698818161921.pdf
DCE,commodity-v1,2025-02-05,,none,none,no night session before the post-holiday session notice_evening=2025-01-27,http://qhxy.dce.com.cn/dalianshangpin/ywfw/jystz/ywtz/8626934/index.html
INE,commodity-v1,2025-02-05,,none,none,no night session before the post-holiday session notice_evening=2025-01-27,https://www.ine.cn/publicnotice/notice/202412/t20241223_824108.html
SHFE,commodity-v1,2025-02-05,,none,none,no night session before the post-holiday session notice_evening=2025-01-27,https://www.shfe.com.cn/publicnotice/notice/202412/t20241223_824109.html
CZCE,commodity-v1,2025-04-07,,none,none,no night session on the first trading day after a statutory holiday per the exchange standing rule notice_evening=2025-04-03,https://www.czce.com.cn/cn/rootfiles/2014/11/24/1415698818159779-1415698818161921.pdf
DCE,commodity-v1,2025-04-07,,none,none,no night session before the post-holiday session notice_evening=2025-04-03,http://qhxy.dce.com.cn/dalianshangpin/ywfw/jystz/ywtz/8626934/index.html
INE,commodity-v1,2025-04-07,,none,none,no night session before the post-holiday session notice_evening=2025-04-03,https://www.ine.cn/publicnotice/notice/202412/t20241223_824108.html
SHFE,commodity-v1,2025-04-07,,none,none,no night session before the post-holiday session notice_evening=2025-04-03,https://www.shfe.com.cn/publicnotice/notice/202412/t20241223_824109.html
CZCE,commodity-v1,2025-05-06,,none,none,no night session on the first trading day after a statutory holiday per the exchange standing rule notice_evening=2025-04-30,https://www.czce.com.cn/cn/rootfiles/2014/11/24/1415698818159779-1415698818161921.pdf
DCE,commodity-v1,2025-05-06,,none,none,no night session before the post-holiday session notice_evening=2025-04-30,http://qhxy.dce.com.cn/dalianshangpin/ywfw/jystz/ywtz/8626934/index.html
INE,commodity-v1,2025-05-06,,none,none,no night session before the post-holiday session notice_evening=2025-04-30,https://www.ine.cn/publicnotice/notice/202412/t20241223_824108.html
SHFE,commodity-v1,2025-05-06,,none,none,no night session before the post-holiday session notice_evening=2025-04-30,https://www.shfe.com.cn/publicnotice/notice/202412/t20241223_824109.html
CZCE,commodity-v1,2025-06-03,,none,none,no night session on the first trading day after a statutory holiday per the exchange standing rule notice_evening=2025-05-30,https://www.czce.com.cn/cn/rootfiles/2014/11/24/1415698818159779-1415698818161921.pdf
DCE,commodity-v1,2025-06-03,,none,none,no night session before the post-holiday session notice_evening=2025-05-30,http://qhxy.dce.com.cn/dalianshangpin/ywfw/jystz/ywtz/8626934/index.html
INE,commodity-v1,2025-06-03,,none,none,no night session before the post-holiday session notice_evening=2025-05-30,https://www.ine.cn/publicnotice/notice/202412/t20241223_824108.html
SHFE,commodity-v1,2025-06-03,,none,none,no night session before the post-holiday session notice_evening=2025-05-30,https://www.shfe.com.cn/publicnotice/notice/202412/t20241223_824109.html
CZCE,commodity-v1,2025-10-09,,none,none,no night session on the first trading day after a statutory holiday per the exchange standing rule notice_evening=2025-09-30,https://www.czce.com.cn/cn/rootfiles/2014/11/24/1415698818159779-1415698818161921.pdf
DCE,commodity-v1,2025-10-09,,none,none,no night session before the post-holiday session notice_evening=2025-09-30,http://qhxy.dce.com.cn/dalianshangpin/ywfw/jystz/ywtz/8626934/index.html
INE,commodity-v1,2025-10-09,,none,none,no night session before the post-holiday session notice_evening=2025-09-30,https://www.ine.cn/publicnotice/notice/202412/t20241223_824108.html
SHFE,commodity-v1,2025-10-09,,none,none,no night session before the post-holiday session notice_evening=2025-09-30,https://www.shfe.com.cn/publicnotice/notice/202412/t20241223_824109.html
CZCE,commodity-v1,2026-01-05,,none,none,no night session on the first trading day after a statutory holiday per the exchange standing rule notice_evening=2025-12-31,https://www.czce.com.cn/cn/rootfiles/2014/11/24/1415698818159779-1415698818161921.pdf
DCE,commodity-v1,2026-01-05,,none,none,no night session on the first trading day after a statutory holiday per the exchange standing rule notice_evening=2025-12-31,http://www.dce.com.cn/dce/content/2025/ywggytz/18625821.html
INE,commodity-v1,2026-01-05,,none,none,no night session before the post-holiday session notice_evening=2025-12-31,https://www.ine.cn/publicnotice/notice/202512/t20251217_829804.html
SHFE,commodity-v1,2026-01-05,,none,none,no night session before the post-holiday session notice_evening=2025-12-31,https://www.shfe.com.cn/services/calenderandholidays/holiday/
CZCE,commodity-v1,2026-02-24,,none,none,no night session on the first trading day after a statutory holiday per the exchange standing rule notice_evening=2026-02-13,https://www.czce.com.cn/cn/rootfiles/2014/11/24/1415698818159779-1415698818161921.pdf
DCE,commodity-v1,2026-02-24,,none,none,no night session before the post-holiday session notice_evening=2026-02-13,http://www.dce.com.cn/dce/content/2026/ywggytz/18627505.html
INE,commodity-v1,2026-02-24,,none,none,no night session before the post-holiday session notice_evening=2026-02-13,https://www.ine.cn/publicnotice/notice/202512/t20251217_829804.html
SHFE,commodity-v1,2026-02-24,,none,none,no night session before the post-holiday session notice_evening=2026-02-13,https://www.shfe.com.cn/services/calenderandholidays/holiday/
CZCE,commodity-v1,2026-04-07,,none,none,no night session on the first trading day after a statutory holiday per the exchange standing rule notice_evening=2026-04-03,https://www.czce.com.cn/cn/rootfiles/2014/11/24/1415698818159779-1415698818161921.pdf
DCE,commodity-v1,2026-04-07,,none,none,no night session before the post-holiday session notice_evening=2026-04-03,http://www.dce.com.cn/dce/content/2026/ywggytz/18628241.html
INE,commodity-v1,2026-04-07,,none,none,no night session before the post-holiday session notice_evening=2026-04-03,https://www.ine.cn/publicnotice/notice/202512/t20251217_829804.html
SHFE,commodity-v1,2026-04-07,,none,none,no night session before the post-holiday session notice_evening=2026-04-03,https://www.shfe.com.cn/services/calenderandholidays/holiday/
SHFE,commodity-v1,2013-09-23,,none,none,no night session before the post-holiday session notice_evening=2013-09-18,https://www.shfe.com.cn/publicnotice/notice/201309/t20130910_789836.html
SHFE,commodity-v1,2013-10-08,,none,none,no night session before the post-holiday session notice_evening=2013-09-30,https://www.shfe.com.cn/publicnotice/notice/201309/t20130910_789836.html
SHFE,commodity-v1,2014-01-02,,none,none,no night session before the post-holiday session notice_evening=2013-12-31,https://www.shfe.com.cn/publicnotice/notice/201312/t20131224_790109.html
SHFE,commodity-v1,2014-02-07,,none,none,no night session before the post-holiday session notice_evening=2014-01-30,https://www.shfe.com.cn/publicnotice/notice/201312/t20131224_790109.html
SHFE,commodity-v1,2014-04-08,,none,none,no night session before the post-holiday session notice_evening=2014-04-04,https://www.shfe.com.cn/publicnotice/notice/201312/t20131224_790109.html
SHFE,commodity-v1,2014-05-05,,none,none,no night session before the post-holiday session notice_evening=2014-04-30,https://www.shfe.com.cn/publicnotice/notice/201312/t20131224_790109.html
SHFE,commodity-v1,2014-06-03,,none,none,no night session before the post-holiday session notice_evening=2014-05-30,https://www.shfe.com.cn/publicnotice/notice/201312/t20131224_790109.html
DCE,commodity-v1,2014-09-09,,none,none,no night session before the post-holiday session notice_evening=2014-09-05,http://qhxy.dce.com.cn/dalianshangpin/ywfw/jystz/ywtz/1988119/index.html
SHFE,commodity-v1,2014-09-09,,none,none,no night session before the post-holiday session notice_evening=2014-09-05,https://www.shfe.com.cn/publicnotice/notice/201312/t20131224_790109.html
DCE,commodity-v1,2014-10-08,,none,none,no night session before the post-holiday session notice_evening=2014-09-30,http://qhxy.dce.com.cn/dalianshangpin/ywfw/jystz/ywtz/1987919/index.html
SHFE,commodity-v1,2014-10-08,,none,none,no night session before the post-holiday session notice_evening=2014-09-30,https://www.shfe.com.cn/publicnotice/notice/201312/t20131224_790109.html
CZCE,commodity-v1,2015-01-05,,none,none,no night session on the first trading day after a statutory holiday per the exchange standing rule notice_evening=2014-12-31,https://www.czce.com.cn/cn/rootfiles/2014/11/24/1415698818159779-1415698818161921.pdf
DCE,commodity-v1,2015-01-05,,none,none,no night session before the post-holiday session notice_evening=2014-12-31,http://qhxy.dce.com.cn/dalianshangpin/ywfw/jystz/ywtz/2285977/index.html
SHFE,commodity-v1,2015-01-05,,none,none,no night session before the post-holiday session notice_evening=2014-12-31,https://www.shfe.com.cn/publicnotice/notice/201412/t20141224_790742.html
CZCE,commodity-v1,2015-02-25,,none,none,no night session on the first trading day after a statutory holiday per the exchange standing rule notice_evening=2015-02-17,https://www.czce.com.cn/cn/rootfiles/2014/11/24/1415698818159779-1415698818161921.pdf
DCE,commodity-v1,2015-02-25,,none,none,no night session before the post-holiday session notice_evening=2015-02-17,http://qhxy.dce.com.cn/dalianshangpin/ywfw/jystz/ywtz/2285977/index.html
SHFE,commodity-v1,2015-02-25,,none,none,no night session before the post-holiday session notice_evening=2015-02-17,https://www.shfe.com.cn/publicnotice/notice/201412/t20141224_790742.html
CZCE,commodity-v1,2015-04-07,,none,none,no night session on the first trading day after a statutory holiday per the exchange standing rule notice_evening=2015-04-03,https://www.czce.com.cn/cn/rootfiles/2014/11/24/1415698818159779-1415698818161921.pdf
DCE,commodity-v1,2015-04-07,,none,none,no night session before the post-holiday session notice_evening=2015-04-03,http://qhxy.dce.com.cn/dalianshangpin/ywfw/jystz/ywtz/2285977/index.html
SHFE,commodity-v1,2015-04-07,,none,none,no night session before the post-holiday session notice_evening=2015-04-03,https://www.shfe.com.cn/publicnotice/notice/201412/t20141224_790742.html
CZCE,commodity-v1,2015-05-04,,none,none,no night session on the first trading day after a statutory holiday per the exchange standing rule notice_evening=2015-04-30,https://www.czce.com.cn/cn/rootfiles/2014/11/24/1415698818159779-1415698818161921.pdf
DCE,commodity-v1,2015-05-04,,none,none,no night session before the post-holiday session notice_evening=2015-04-30,http://qhxy.dce.com.cn/dalianshangpin/ywfw/jystz/ywtz/2285977/index.html
SHFE,commodity-v1,2015-05-04,,none,none,no night session before the post-holiday session notice_evening=2015-04-30,https://www.shfe.com.cn/publicnotice/notice/201412/t20141224_790742.html
CZCE,commodity-v1,2015-06-23,,none,none,no night session on the first trading day after a statutory holiday per the exchange standing rule notice_evening=2015-06-19,https://www.czce.com.cn/cn/rootfiles/2014/11/24/1415698818159779-1415698818161921.pdf
DCE,commodity-v1,2015-06-23,,none,none,no night session before the post-holiday session notice_evening=2015-06-19,http://qhxy.dce.com.cn/dalianshangpin/ywfw/jystz/ywtz/2285977/index.html
SHFE,commodity-v1,2015-06-23,,none,none,no night session before the post-holiday session notice_evening=2015-06-19,https://www.shfe.com.cn/publicnotice/notice/201412/t20141224_790742.html
CZCE,commodity-v1,2015-09-07,,none,none,no night session on the first trading day after a statutory holiday per the exchange standing rule notice_evening=2015-09-02,https://www.czce.com.cn/cn/rootfiles/2014/11/24/1415698818159779-1415698818161921.pdf
DCE,commodity-v1,2015-09-07,,none,none,no night session before the post-holiday session notice_evening=2015-09-02,http://qhxy.dce.com.cn/dalianshangpin/ywfw/jystz/ywtz/5011746/index.html
SHFE,commodity-v1,2015-09-07,,none,none,no night session before the post-holiday session notice_evening=2015-09-02,https://www.shfe.com.cn/publicnotice/notice/201508/t20150825_791123.html
CZCE,commodity-v1,2015-09-28,,none,none,no night session on the first trading day after a statutory holiday per the exchange standing rule notice_evening=2015-09-25,https://www.czce.com.cn/cn/rootfiles/2014/11/24/1415698818159779-1415698818161921.pdf
DCE,commodity-v1,2015-09-28,,none,none,no night session before the post-holiday session notice_evening=2015-09-25,http://qhxy.dce.com.cn/dalianshangpin/ywfw/jystz/ywtz/2285977/index.html
SHFE,commodity-v1,2015-09-28,,none,none,no night session before the post-holiday session notice_evening=2015-09-25,https://www.shfe.com.cn/publicnotice/notice/201412/t20141224_790742.html
CZCE,commodity-v1,2015-10-08,,none,none,no night session on the first trading day after a statutory holiday per the exchange standing rule notice_evening=2015-09-30,https://www.czce.com.cn/cn/rootfiles/2014/11/24/1415698818159779-1415698818161921.pdf
DCE,commodity-v1,2015-10-08,,none,none,no night session before the post-holiday session notice_evening=2015-09-30,http://qhxy.dce.com.cn/dalianshangpin/ywfw/jystz/ywtz/2285977/index.html
SHFE,commodity-v1,2015-10-08,,none,none,no night session before the post-holiday session notice_evening=2015-09-30,https://www.shfe.com.cn/publicnotice/notice/201412/t20141224_790742.html
CZCE,commodity-v1,2016-01-04,,none,none,no night session on the first trading day after a statutory holiday per the exchange standing rule notice_evening=2015-12-31,https://www.czce.com.cn/cn/rootfiles/2014/11/24/1415698818159779-1415698818161921.pdf
DCE,commodity-v1,2016-01-04,,none,none,no night session before the post-holiday session notice_evening=2015-12-31,http://qhxy.dce.com.cn/dalianshangpin/ywfw/jystz/ywtz/5029417/index.html
SHFE,commodity-v1,2016-01-04,,none,none,no night session before the post-holiday session notice_evening=2015-12-31,https://www.shfe.com.cn/publicnotice/notice/201512/t20151224_791285.html
CZCE,commodity-v1,2016-02-15,,none,none,no night session on the first trading day after a statutory holiday per the exchange standing rule notice_evening=2016-02-05,https://www.czce.com.cn/cn/rootfiles/2014/11/24/1415698818159779-1415698818161921.pdf
DCE,commodity-v1,2016-02-15,,none,none,no night session before the post-holiday session notice_evening=2016-02-05,http://qhxy.dce.com.cn/dalianshangpin/ywfw/jystz/ywtz/5029417/index.html
SHFE,commodity-v1,2016-02-15,,none,none,no night session before the post-holiday session notice_evening=2016-02-05,https://www.shfe.com.cn/publicnotice/notice/201512/t20151224_791285.html
CZCE,commodity-v1,2016-04-05,,none,none,no night session on the first trading day after a statutory holiday per the exchange standing rule notice_evening=2016-04-01,https://www.czce.com.cn/cn/rootfiles/2014/11/24/1415698818159779-1415698818161921.pdf
DCE,commodity-v1,2016-04-05,,none,none,no night session before the post-holiday session notice_evening=2016-04-01,http://qhxy.dce.com.cn/dalianshangpin/ywfw/jystz/ywtz/5029417/index.html
SHFE,commodity-v1,2016-04-05,,none,none,no night session before the post-holiday session notice_evening=2016-04-01,https://www.shfe.com.cn/publicnotice/notice/201512/t20151224_791285.html
CZCE,commodity-v1,2016-05-03,,none,none,no night session on the first trading day after a statutory holiday per the exchange standing rule notice_evening=2016-04-29,https://www.czce.com.cn/cn/rootfiles/2014/11/24/1415698818159779-1415698818161921.pdf
DCE,commodity-v1,2016-05-03,,none,none,no night session before the post-holiday session notice_evening=2016-04-29,http://qhxy.dce.com.cn/dalianshangpin/ywfw/jystz/ywtz/5029417/index.html
SHFE,commodity-v1,2016-05-03,,none,none,no night session before the post-holiday session notice_evening=2016-04-29,https://www.shfe.com.cn/publicnotice/notice/201512/t20151224_791285.html
CZCE,commodity-v1,2016-06-13,,none,none,no night session on the first trading day after a statutory holiday per the exchange standing rule notice_evening=2016-06-08,https://www.czce.com.cn/cn/rootfiles/2014/11/24/1415698818159779-1415698818161921.pdf
DCE,commodity-v1,2016-06-13,,none,none,no night session before the post-holiday session notice_evening=2016-06-08,http://qhxy.dce.com.cn/dalianshangpin/ywfw/jystz/ywtz/5029417/index.html
SHFE,commodity-v1,2016-06-13,,none,none,no night session before the post-holiday session notice_evening=2016-06-08,https://www.shfe.com.cn/publicnotice/notice/201512/t20151224_791285.html
CZCE,commodity-v1,2016-09-19,,none,none,no night session on the first trading day after a statutory holiday per the exchange standing rule notice_evening=2016-09-14,https://www.czce.com.cn/cn/rootfiles/2014/11/24/1415698818159779-1415698818161921.pdf
DCE,commodity-v1,2016-09-19,,none,none,no night session before the post-holiday session notice_evening=2016-09-14,http://qhxy.dce.com.cn/dalianshangpin/ywfw/jystz/ywtz/5029417/index.html
SHFE,commodity-v1,2016-09-19,,none,none,no night session before the post-holiday session notice_evening=2016-09-14,https://www.shfe.com.cn/publicnotice/notice/201512/t20151224_791285.html
CZCE,commodity-v1,2016-10-10,,none,none,no night session on the first trading day after a statutory holiday per the exchange standing rule notice_evening=2016-09-30,https://www.czce.com.cn/cn/rootfiles/2014/11/24/1415698818159779-1415698818161921.pdf
DCE,commodity-v1,2016-10-10,,none,none,no night session before the post-holiday session notice_evening=2016-09-30,http://qhxy.dce.com.cn/dalianshangpin/ywfw/jystz/ywtz/5029417/index.html
SHFE,commodity-v1,2016-10-10,,none,none,no night session before the post-holiday session notice_evening=2016-09-30,https://www.shfe.com.cn/publicnotice/notice/201512/t20151224_791285.html
CZCE,commodity-v1,2017-01-03,,none,none,no night session on the first trading day after a statutory holiday per the exchange standing rule notice_evening=2016-12-30,https://www.czce.com.cn/cn/rootfiles/2014/11/24/1415698818159779-1415698818161921.pdf
DCE,commodity-v1,2017-01-03,,none,none,no night session before the post-holiday session notice_evening=2016-12-30,http://qhxy.dce.com.cn/dalianshangpin/ywfw/jystz/ywtz/6024178/index.html
SHFE,commodity-v1,2017-01-03,,none,none,no night session before the post-holiday session notice_evening=2016-12-30,https://www.shfe.com.cn/publicnotice/notice/201612/t20161223_792067.html
CZCE,commodity-v1,2017-02-03,,none,none,no night session on the first trading day after a statutory holiday per the exchange standing rule notice_evening=2017-01-26,https://www.czce.com.cn/cn/rootfiles/2014/11/24/1415698818159779-1415698818161921.pdf
DCE,commodity-v1,2017-02-03,,none,none,no night session before the post-holiday session notice_evening=2017-01-26,http://qhxy.dce.com.cn/dalianshangpin/ywfw/jystz/ywtz/6024178/index.html
SHFE,commodity-v1,2017-02-03,,none,none,no night session before the post-holiday session notice_evening=2017-01-26,https://www.shfe.com.cn/publicnotice/notice/201612/t20161223_792067.html
CZCE,commodity-v1,2017-04-05,,none,none,no night session on the first trading day after a statutory holiday per the exchange standing rule notice_evening=2017-03-31,https://www.czce.com.cn/cn/rootfiles/2014/11/24/1415698818159779-1415698818161921.pdf
DCE,commodity-v1,2017-04-05,,none,none,no night session before the post-holiday session notice_evening=2017-03-31,http://qhxy.dce.com.cn/dalianshangpin/ywfw/jystz/ywtz/6024178/index.html
SHFE,commodity-v1,2017-04-05,,none,none,no night session before the post-holiday session notice_evening=2017-03-31,https://www.shfe.com.cn/publicnotice/notice/201612/t20161223_792067.html
CZCE,commodity-v1,2017-05-02,,none,none,no night session on the first trading day after a statutory holiday per the exchange standing rule notice_evening=2017-04-28,https://www.czce.com.cn/cn/rootfiles/2014/11/24/1415698818159779-1415698818161921.pdf
DCE,commodity-v1,2017-05-02,,none,none,no night session before the post-holiday session notice_evening=2017-04-28,http://qhxy.dce.com.cn/dalianshangpin/ywfw/jystz/ywtz/6024178/index.html
SHFE,commodity-v1,2017-05-02,,none,none,no night session before the post-holiday session notice_evening=2017-04-28,https://www.shfe.com.cn/publicnotice/notice/201612/t20161223_792067.html
CZCE,commodity-v1,2017-05-31,,none,none,no night session on the first trading day after a statutory holiday per the exchange standing rule notice_evening=2017-05-26,https://www.czce.com.cn/cn/rootfiles/2014/11/24/1415698818159779-1415698818161921.pdf
DCE,commodity-v1,2017-05-31,,none,none,no night session before the post-holiday session notice_evening=2017-05-26,http://qhxy.dce.com.cn/dalianshangpin/ywfw/jystz/ywtz/6024178/index.html
SHFE,commodity-v1,2017-05-31,,none,none,no night session before the post-holiday session notice_evening=2017-05-26,https://www.shfe.com.cn/publicnotice/notice/201612/t20161223_792067.html
CZCE,commodity-v1,2017-10-09,,none,none,no night session on the first trading day after a statutory holiday per the exchange standing rule notice_evening=2017-09-29,https://www.czce.com.cn/cn/rootfiles/2014/11/24/1415698818159779-1415698818161921.pdf
DCE,commodity-v1,2017-10-09,,none,none,no night session before the post-holiday session notice_evening=2017-09-29,http://qhxy.dce.com.cn/dalianshangpin/ywfw/jystz/ywtz/6024178/index.html
SHFE,commodity-v1,2017-10-09,,none,none,no night session before the post-holiday session notice_evening=2017-09-29,https://www.shfe.com.cn/publicnotice/notice/201612/t20161223_792067.html
CZCE,commodity-v1,2018-02-22,,none,none,no night session on the first trading day after a statutory holiday per the exchange standing rule notice_evening=2018-02-14,https://www.czce.com.cn/cn/rootfiles/2014/11/24/1415698818159779-1415698818161921.pdf
DCE,commodity-v1,2018-02-22,,none,none,no night session before the post-holiday session notice_evening=2018-02-14,http://qhxy.dce.com.cn/dalianshangpin/ywfw/jystz/ywtz/6082201/index.html
SHFE,commodity-v1,2018-02-22,,none,none,no night session before the post-holiday session notice_evening=2018-02-14,https://www.shfe.com.cn/publicnotice/notice/201712/t20171222_792839.html
CZCE,commodity-v1,2018-04-09,,none,none,no night session on the first trading day after a statutory holiday per the exchange standing rule notice_evening=2018-04-04,https://www.czce.com.cn/cn/rootfiles/2014/11/24/1415698818159779-1415698818161921.pdf
DCE,commodity-v1,2018-04-09,,none,none,no night session before the post-holiday session notice_evening=2018-04-04,http://qhxy.dce.com.cn/dalianshangpin/ywfw/jystz/ywtz/6082201/index.html
SHFE,commodity-v1,2018-04-09,,none,none,no night session before the post-holiday session notice_evening=2018-04-04,https://www.shfe.com.cn/publicnotice/notice/201712/t20171222_792839.html
CZCE,commodity-v1,2018-05-02,,none,none,no night session on the first trading day after a statutory holiday per the exchange standing rule notice_evening=2018-04-27,https://www.czce.com.cn/cn/rootfiles/2014/11/24/1415698818159779-1415698818161921.pdf
DCE,commodity-v1,2018-05-02,,none,none,no night session before the post-holiday session notice_evening=2018-04-27,http://qhxy.dce.com.cn/dalianshangpin/ywfw/jystz/ywtz/6082201/index.html
SHFE,commodity-v1,2018-05-02,,none,none,no night session before the post-holiday session notice_evening=2018-04-27,https://www.shfe.com.cn/publicnotice/notice/201712/t20171222_792839.html
CZCE,commodity-v1,2018-06-19,,none,none,no night session on the first trading day after a statutory holiday per the exchange standing rule notice_evening=2018-06-15,https://www.czce.com.cn/cn/rootfiles/2014/11/24/1415698818159779-1415698818161921.pdf
DCE,commodity-v1,2018-06-19,,none,none,no night session before the post-holiday session notice_evening=2018-06-15,http://qhxy.dce.com.cn/dalianshangpin/ywfw/jystz/ywtz/6082201/index.html
SHFE,commodity-v1,2018-06-19,,none,none,no night session before the post-holiday session notice_evening=2018-06-15,https://www.shfe.com.cn/publicnotice/notice/201712/t20171222_792839.html
CZCE,commodity-v1,2018-09-25,,none,none,no night session on the first trading day after a statutory holiday per the exchange standing rule notice_evening=2018-09-21,https://www.czce.com.cn/cn/rootfiles/2014/11/24/1415698818159779-1415698818161921.pdf
DCE,commodity-v1,2018-09-25,,none,none,no night session before the post-holiday session notice_evening=2018-09-21,http://qhxy.dce.com.cn/dalianshangpin/ywfw/jystz/ywtz/6082201/index.html
INE,commodity-v1,2018-09-25,,none,none,no night session before the post-holiday session notice_evening=2018-09-21,https://www.ine.cn/publicnotice/notice/201803/t20180314_811180.html
SHFE,commodity-v1,2018-09-25,,none,none,no night session before the post-holiday session notice_evening=2018-09-21,https://www.shfe.com.cn/publicnotice/notice/201712/t20171222_792839.html
CZCE,commodity-v1,2018-10-08,,none,none,no night session on the first trading day after a statutory holiday per the exchange standing rule notice_evening=2018-09-28,https://www.czce.com.cn/cn/rootfiles/2014/11/24/1415698818159779-1415698818161921.pdf
DCE,commodity-v1,2018-10-08,,none,none,no night session before the post-holiday session notice_evening=2018-09-28,http://qhxy.dce.com.cn/dalianshangpin/ywfw/jystz/ywtz/6082201/index.html
INE,commodity-v1,2018-10-08,,none,none,no night session before the post-holiday session notice_evening=2018-09-28,https://www.ine.cn/publicnotice/notice/201803/t20180314_811180.html
SHFE,commodity-v1,2018-10-08,,none,none,no night session before the post-holiday session notice_evening=2018-09-28,https://www.shfe.com.cn/publicnotice/notice/201712/t20171222_792839.html
CZCE,commodity-v1,2019-02-11,,none,none,no night session on the first trading day after a statutory holiday per the exchange standing rule notice_evening=2019-02-01,https://www.czce.com.cn/cn/rootfiles/2014/11/24/1415698818159779-1415698818161921.pdf
DCE,commodity-v1,2019-02-11,,none,none,no night session before the post-holiday session notice_evening=2019-02-01,http://qhxy.dce.com.cn/dalianshangpin/ywfw/jystz/ywtz/6144646/index.html
INE,commodity-v1,2019-02-11,,none,none,no night session before the post-holiday session notice_evening=2019-02-01,https://www.ine.cn/publicnotice/notice/201812/t20181221_811566.html
SHFE,commodity-v1,2019-02-11,,none,none,no night session before the post-holiday session notice_evening=2019-02-01,https://www.shfe.com.cn/publicnotice/notice/201812/t20181221_794040.html
CZCE,commodity-v1,2019-04-08,,none,none,no night session on the first trading day after a statutory holiday per the exchange standing rule notice_evening=2019-04-04,https://www.czce.com.cn/cn/rootfiles/2014/11/24/1415698818159779-1415698818161921.pdf
DCE,commodity-v1,2019-04-08,,none,none,no night session before the post-holiday session notice_evening=2019-04-04,http://qhxy.dce.com.cn/dalianshangpin/ywfw/jystz/ywtz/6144646/index.html
INE,commodity-v1,2019-04-08,,none,none,no night session before the post-holiday session notice_evening=2019-04-04,https://www.ine.cn/publicnotice/notice/201812/t20181221_811566.html
SHFE,commodity-v1,2019-04-08,,none,none,no night session before the post-holiday session notice_evening=2019-04-04,https://www.shfe.com.cn/publicnotice/notice/201812/t20181221_794040.html
CZCE,commodity-v1,2019-05-06,,none,none,no night session on the first trading day after a statutory holiday per the exchange standing rule notice_evening=2019-04-30,https://www.czce.com.cn/cn/rootfiles/2014/11/24/1415698818159779-1415698818161921.pdf
DCE,commodity-v1,2019-05-06,,none,none,no night session before the post-holiday session notice_evening=2019-04-30,http://qhxy.dce.com.cn/dalianshangpin/ywfw/jystz/ywtz/6159945/index.html
INE,commodity-v1,2019-05-06,,none,none,no night session before the post-holiday session notice_evening=2019-04-30,https://www.ine.cn/publicnotice/notice/201904/t20190415_811704.html
SHFE,commodity-v1,2019-05-06,,none,none,no night session before the post-holiday session notice_evening=2019-04-30,https://www.shfe.com.cn/publicnotice/notice/201904/t20190415_794430.html
CZCE,commodity-v1,2019-06-10,,none,none,no night session on the first trading day after a statutory holiday per the exchange standing rule notice_evening=2019-06-06,https://www.czce.com.cn/cn/rootfiles/2014/11/24/1415698818159779-1415698818161921.pdf
DCE,commodity-v1,2019-06-10,,none,none,no night session before the post-holiday session notice_evening=2019-06-06,http://qhxy.dce.com.cn/dalianshangpin/ywfw/jystz/ywtz/6144646/index.html
INE,commodity-v1,2019-06-10,,none,none,no night session before the post-holiday session notice_evening=2019-06-06,https://www.ine.cn/publicnotice/notice/201812/t20181221_811566.html
SHFE,commodity-v1,2019-06-10,,none,none,no night session before the post-holiday session notice_evening=2019-06-06,https://www.shfe.com.cn/publicnotice/notice/201812/t20181221_794040.html
CZCE,commodity-v1,2019-09-16,,none,none,no night session on the first trading day after a statutory holiday per the exchange standing rule notice_evening=2019-09-12,https://www.czce.com.cn/cn/rootfiles/2014/11/24/1415698818159779-1415698818161921.pdf
DCE,commodity-v1,2019-09-16,,none,none,no night session before the post-holiday session notice_evening=2019-09-12,http://qhxy.dce.com.cn/dalianshangpin/ywfw/jystz/ywtz/6144646/index.html
INE,commodity-v1,2019-09-16,,none,none,no night session before the post-holiday session notice_evening=2019-09-12,https://www.ine.cn/publicnotice/notice/201812/t20181221_811566.html
SHFE,commodity-v1,2019-09-16,,none,none,no night session before the post-holiday session notice_evening=2019-09-12,https://www.shfe.com.cn/publicnotice/notice/201812/t20181221_794040.html
CZCE,commodity-v1,2019-10-08,,none,none,no night session on the first trading day after a statutory holiday per the exchange standing rule notice_evening=2019-09-30,https://www.czce.com.cn/cn/rootfiles/2014/11/24/1415698818159779-1415698818161921.pdf
DCE,commodity-v1,2019-10-08,,none,none,no night session before the post-holiday session notice_evening=2019-09-30,http://qhxy.dce.com.cn/dalianshangpin/ywfw/jystz/ywtz/6144646/index.html
INE,commodity-v1,2019-10-08,,none,none,no night session before the post-holiday session notice_evening=2019-09-30,https://www.ine.cn/publicnotice/notice/201812/t20181221_811566.html
SHFE,commodity-v1,2019-10-08,,none,none,no night session before the post-holiday session notice_evening=2019-09-30,https://www.shfe.com.cn/publicnotice/notice/201812/t20181221_794040.html
CZCE,commodity-v1,2020-02-03,,none,none,"no night session on the first trading day after a statutory holiday per the exchange standing rule, spring festival reopening revised to 2020-02-03 notice_evening=2020-01-23",https://www.czce.com.cn/cn/rootfiles/2014/11/24/1415698818159779-1415698818161921.pdf
DCE,commodity-v1,2020-02-03,,none,none,"no night session before the post-holiday session, spring festival reopening revised to 2020-02-03 notice_evening=2020-01-23",http://qhxy.dce.com.cn/dalianshangpin/ywfw/jystz/ywtz/6201818/index.html
INE,commodity-v1,2020-02-03,,none,none,"no night session before the post-holiday session, spring festival reopening revised to 2020-02-03 notice_evening=2020-01-23",https://www.ine.cn/publicnotice/notice/201912/t20191224_812027.html
SHFE,commodity-v1,2020-02-03,,none,none,"no night session before the post-holiday session, spring festival reopening revised to 2020-02-03 notice_evening=2020-01-23",https://www.shfe.com.cn/publicnotice/notice/201912/t20191224_795447.html
CZCE,commodity-v1,2020-02-04,,none,none,no night session during the exchange-wide suspension announced for 2020-02-03 evening notice_evening=2020-02-03,http://www.czce.com.cn/cn/gyjys/jysdt/ggytz/webinfo/2020/02/1572884629536892.htm
DCE,commodity-v1,2020-02-04,,none,none,no night session during the exchange-wide suspension announced for 2020-02-03 evening notice_evening=2020-02-03,http://qhxy.dce.com.cn/dalianshangpin/ywfw/jystz/ywtz/6204446/index.html
INE,commodity-v1,2020-02-04,,none,none,no night session during the exchange-wide suspension announced for 2020-02-03 evening notice_evening=2020-02-03,https://www.ine.cn/publicnotice/notice/202002/t20200202_812084.html
SHFE,commodity-v1,2020-02-04,,none,none,no night session during the exchange-wide suspension announced for 2020-02-03 evening notice_evening=2020-02-03,https://www.shfe.com.cn/publicnotice/notice/202002/t20200202_795584.html
CZCE,commodity-v1,2020-02-05,,none,none,no night session during the exchange-wide suspension announced for 2020-02-03 evening notice_evening=2020-02-04,http://www.czce.com.cn/cn/gyjys/jysdt/ggytz/webinfo/2020/02/1572884629536892.htm
DCE,commodity-v1,2020-02-05,,none,none,no night session during the exchange-wide suspension announced for 2020-02-03 evening notice_evening=2020-02-04,http://qhxy.dce.com.cn/dalianshangpin/ywfw/jystz/ywtz/6204446/index.html
INE,commodity-v1,2020-02-05,,none,none,no night session during the exchange-wide suspension announced for 2020-02-03 evening notice_evening=2020-02-04,https://www.ine.cn/publicnotice/notice/202002/t20200202_812084.html
SHFE,commodity-v1,2020-02-05,,none,none,no night session during the exchange-wide suspension announced for 2020-02-03 evening notice_evening=2020-02-04,https://www.shfe.com.cn/publicnotice/notice/202002/t20200202_795584.html
CZCE,commodity-v1,2020-02-06,,none,none,no night session during the exchange-wide suspension announced for 2020-02-03 evening notice_evening=2020-02-05,http://www.czce.com.cn/cn/gyjys/jysdt/ggytz/webinfo/2020/02/1572884629536892.htm
DCE,commodity-v1,2020-02-06,,none,none,no night session during the exchange-wide suspension announced for 2020-02-03 evening notice_evening=2020-02-05,http://qhxy.dce.com.cn/dalianshangpin/ywfw/jystz/ywtz/6204446/index.html
INE,commodity-v1,2020-02-06,,none,none,no night session during the exchange-wide suspension announced for 2020-02-03 evening notice_evening=2020-02-05,https://www.ine.cn/publicnotice/notice/202002/t20200202_812084.html
SHFE,commodity-v1,2020-02-06,,none,none,no night session during the exchange-wide suspension announced for 2020-02-03 evening notice_evening=2020-02-05,https://www.shfe.com.cn/publicnotice/notice/202002/t20200202_795584.html
CZCE,commodity-v1,2020-02-07,,none,none,no night session during the exchange-wide suspension announced for 2020-02-03 evening notice_evening=2020-02-06,http://www.czce.com.cn/cn/gyjys/jysdt/ggytz/webinfo/2020/02/1572884629536892.htm
DCE,commodity-v1,2020-02-07,,none,none,no night session during the exchange-wide suspension announced for 2020-02-03 evening notice_evening=2020-02-06,http://qhxy.dce.com.cn/dalianshangpin/ywfw/jystz/ywtz/6204446/index.html
INE,commodity-v1,2020-02-07,,none,none,no night session during the exchange-wide suspension announced for 2020-02-03 evening notice_evening=2020-02-06,https://www.ine.cn/publicnotice/notice/202002/t20200202_812084.html
SHFE,commodity-v1,2020-02-07,,none,none,no night session during the exchange-wide suspension announced for 2020-02-03 evening notice_evening=2020-02-06,https://www.shfe.com.cn/publicnotice/notice/202002/t20200202_795584.html
CZCE,commodity-v1,2020-02-10,,none,none,no night session during the exchange-wide suspension announced for 2020-02-03 evening notice_evening=2020-02-07,http://www.czce.com.cn/cn/gyjys/jysdt/ggytz/webinfo/2020/02/1572884629536892.htm
DCE,commodity-v1,2020-02-10,,none,none,no night session during the exchange-wide suspension announced for 2020-02-03 evening notice_evening=2020-02-07,http://qhxy.dce.com.cn/dalianshangpin/ywfw/jystz/ywtz/6204446/index.html
INE,commodity-v1,2020-02-10,,none,none,no night session during the exchange-wide suspension announced for 2020-02-03 evening notice_evening=2020-02-07,https://www.ine.cn/publicnotice/notice/202002/t20200202_812084.html
SHFE,commodity-v1,2020-02-10,,none,none,no night session during the exchange-wide suspension announced for 2020-02-03 evening notice_evening=2020-02-07,https://www.shfe.com.cn/publicnotice/notice/202002/t20200202_795584.html
CZCE,commodity-v1,2020-02-11,,none,none,no night session during the exchange-wide suspension announced for 2020-02-03 evening notice_evening=2020-02-10,http://www.czce.com.cn/cn/gyjys/jysdt/ggytz/webinfo/2020/02/1572884629536892.htm
DCE,commodity-v1,2020-02-11,,none,none,no night session during the exchange-wide suspension announced for 2020-02-03 evening notice_evening=2020-02-10,http://qhxy.dce.com.cn/dalianshangpin/ywfw/jystz/ywtz/6204446/index.html
INE,commodity-v1,2020-02-11,,none,none,no night session during the exchange-wide suspension announced for 2020-02-03 evening notice_evening=2020-02-10,https://www.ine.cn/publicnotice/notice/202002/t20200202_812084.html
SHFE,commodity-v1,2020-02-11,,none,none,no night session during the exchange-wide suspension announced for 2020-02-03 evening notice_evening=2020-02-10,https://www.shfe.com.cn/publicnotice/notice/202002/t20200202_795584.html
CZCE,commodity-v1,2020-02-12,,none,none,no night session during the exchange-wide suspension announced for 2020-02-03 evening notice_evening=2020-02-11,http://www.czce.com.cn/cn/gyjys/jysdt/ggytz/webinfo/2020/02/1572884629536892.htm
DCE,commodity-v1,2020-02-12,,none,none,no night session during the exchange-wide suspension announced for 2020-02-03 evening notice_evening=2020-02-11,http://qhxy.dce.com.cn/dalianshangpin/ywfw/jystz/ywtz/6204446/index.html
INE,commodity-v1,2020-02-12,,none,none,no night session during the exchange-wide suspension announced for 2020-02-03 evening notice_evening=2020-02-11,https://www.ine.cn/publicnotice/notice/202002/t20200202_812084.html
SHFE,commodity-v1,2020-02-12,,none,none,no night session during the exchange-wide suspension announced for 2020-02-03 evening notice_evening=2020-02-11,https://www.shfe.com.cn/publicnotice/notice/202002/t20200202_795584.html
CZCE,commodity-v1,2020-02-13,,none,none,no night session during the exchange-wide suspension announced for 2020-02-03 evening notice_evening=2020-02-12,http://www.czce.com.cn/cn/gyjys/jysdt/ggytz/webinfo/2020/02/1572884629536892.htm
DCE,commodity-v1,2020-02-13,,none,none,no night session during the exchange-wide suspension announced for 2020-02-03 evening notice_evening=2020-02-12,http://qhxy.dce.com.cn/dalianshangpin/ywfw/jystz/ywtz/6204446/index.html
INE,commodity-v1,2020-02-13,,none,none,no night session during the exchange-wide suspension announced for 2020-02-03 evening notice_evening=2020-02-12,https://www.ine.cn/publicnotice/notice/202002/t20200202_812084.html
SHFE,commodity-v1,2020-02-13,,none,none,no night session during the exchange-wide suspension announced for 2020-02-03 evening notice_evening=2020-02-12,https://www.shfe.com.cn/publicnotice/notice/202002/t20200202_795584.html
CZCE,commodity-v1,2020-02-14,,none,none,no night session during the exchange-wide suspension announced for 2020-02-03 evening notice_evening=2020-02-13,http://www.czce.com.cn/cn/gyjys/jysdt/ggytz/webinfo/2020/02/1572884629536892.htm
DCE,commodity-v1,2020-02-14,,none,none,no night session during the exchange-wide suspension announced for 2020-02-03 evening notice_evening=2020-02-13,http://qhxy.dce.com.cn/dalianshangpin/ywfw/jystz/ywtz/6204446/index.html
INE,commodity-v1,2020-02-14,,none,none,no night session during the exchange-wide suspension announced for 2020-02-03 evening notice_evening=2020-02-13,https://www.ine.cn/publicnotice/notice/202002/t20200202_812084.html
SHFE,commodity-v1,2020-02-14,,none,none,no night session during the exchange-wide suspension announced for 2020-02-03 evening notice_evening=2020-02-13,https://www.shfe.com.cn/publicnotice/notice/202002/t20200202_795584.html
CZCE,commodity-v1,2020-02-17,,none,none,no night session during the exchange-wide suspension announced for 2020-02-03 evening notice_evening=2020-02-14,http://www.czce.com.cn/cn/gyjys/jysdt/ggytz/webinfo/2020/02/1572884629536892.htm
DCE,commodity-v1,2020-02-17,,none,none,no night session during the exchange-wide suspension announced for 2020-02-03 evening notice_evening=2020-02-14,http://qhxy.dce.com.cn/dalianshangpin/ywfw/jystz/ywtz/6204446/index.html
INE,commodity-v1,2020-02-17,,none,none,no night session during the exchange-wide suspension announced for 2020-02-03 evening notice_evening=2020-02-14,https://www.ine.cn/publicnotice/notice/202002/t20200202_812084.html
SHFE,commodity-v1,2020-02-17,,none,none,no night session during the exchange-wide suspension announced for 2020-02-03 evening notice_evening=2020-02-14,https://www.shfe.com.cn/publicnotice/notice/202002/t20200202_795584.html
CZCE,commodity-v1,2020-02-18,,none,none,no night session during the exchange-wide suspension announced for 2020-02-03 evening notice_evening=2020-02-17,http://www.czce.com.cn/cn/gyjys/jysdt/ggytz/webinfo/2020/02/1572884629536892.htm
DCE,commodity-v1,2020-02-18,,none,none,no night session during the exchange-wide suspension announced for 2020-02-03 evening notice_evening=2020-02-17,http://qhxy.dce.com.cn/dalianshangpin/ywfw/jystz/ywtz/6204446/index.html
INE,commodity-v1,2020-02-18,,none,none,no night session during the exchange-wide suspension announced for 2020-02-03 evening notice_evening=2020-02-17,https://www.ine.cn/publicnotice/notice/202002/t20200202_812084.html
SHFE,commodity-v1,2020-02-18,,none,none,no night session during the exchange-wide suspension announced for 2020-02-03 evening notice_evening=2020-02-17,https://www.shfe.com.cn/publicnotice/notice/202002/t20200202_795584.html
CZCE,commodity-v1,2020-02-19,,none,none,no night session during the exchange-wide suspension announced for 2020-02-03 evening notice_evening=2020-02-18,http://www.czce.com.cn/cn/gyjys/jysdt/ggytz/webinfo/2020/02/1572884629536892.htm
DCE,commodity-v1,2020-02-19,,none,none,no night session during the exchange-wide suspension announced for 2020-02-03 evening notice_evening=2020-02-18,http://qhxy.dce.com.cn/dalianshangpin/ywfw/jystz/ywtz/6204446/index.html
INE,commodity-v1,2020-02-19,,none,none,no night session during the exchange-wide suspension announced for 2020-02-03 evening notice_evening=2020-02-18,https://www.ine.cn/publicnotice/notice/202002/t20200202_812084.html
SHFE,commodity-v1,2020-02-19,,none,none,no night session during the exchange-wide suspension announced for 2020-02-03 evening notice_evening=2020-02-18,https://www.shfe.com.cn/publicnotice/notice/202002/t20200202_795584.html
CZCE,commodity-v1,2020-02-20,,none,none,no night session during the exchange-wide suspension announced for 2020-02-03 evening notice_evening=2020-02-19,http://www.czce.com.cn/cn/gyjys/jysdt/ggytz/webinfo/2020/02/1572884629536892.htm
DCE,commodity-v1,2020-02-20,,none,none,no night session during the exchange-wide suspension announced for 2020-02-03 evening notice_evening=2020-02-19,http://qhxy.dce.com.cn/dalianshangpin/ywfw/jystz/ywtz/6204446/index.html
INE,commodity-v1,2020-02-20,,none,none,no night session during the exchange-wide suspension announced for 2020-02-03 evening notice_evening=2020-02-19,https://www.ine.cn/publicnotice/notice/202002/t20200202_812084.html
SHFE,commodity-v1,2020-02-20,,none,none,no night session during the exchange-wide suspension announced for 2020-02-03 evening notice_evening=2020-02-19,https://www.shfe.com.cn/publicnotice/notice/202002/t20200202_795584.html
CZCE,commodity-v1,2020-02-21,,none,none,no night session during the exchange-wide suspension announced for 2020-02-03 evening notice_evening=2020-02-20,http://www.czce.com.cn/cn/gyjys/jysdt/ggytz/webinfo/2020/02/1572884629536892.htm
DCE,commodity-v1,2020-02-21,,none,none,no night session during the exchange-wide suspension announced for 2020-02-03 evening notice_evening=2020-02-20,http://qhxy.dce.com.cn/dalianshangpin/ywfw/jystz/ywtz/6204446/index.html
INE,commodity-v1,2020-02-21,,none,none,no night session during the exchange-wide suspension announced for 2020-02-03 evening notice_evening=2020-02-20,https://www.ine.cn/publicnotice/notice/202002/t20200202_812084.html
SHFE,commodity-v1,2020-02-21,,none,none,no night session during the exchange-wide suspension announced for 2020-02-03 evening notice_evening=2020-02-20,https://www.shfe.com.cn/publicnotice/notice/202002/t20200202_795584.html
CZCE,commodity-v1,2020-02-24,,none,none,no night session during the exchange-wide suspension announced for 2020-02-03 evening notice_evening=2020-02-21,http://www.czce.com.cn/cn/gyjys/jysdt/ggytz/webinfo/2020/02/1572884629536892.htm
DCE,commodity-v1,2020-02-24,,none,none,no night session during the exchange-wide suspension announced for 2020-02-03 evening notice_evening=2020-02-21,http://qhxy.dce.com.cn/dalianshangpin/ywfw/jystz/ywtz/6204446/index.html
INE,commodity-v1,2020-02-24,,none,none,no night session during the exchange-wide suspension announced for 2020-02-03 evening notice_evening=2020-02-21,https://www.ine.cn/publicnotice/notice/202002/t20200202_812084.html
SHFE,commodity-v1,2020-02-24,,none,none,no night session during the exchange-wide suspension announced for 2020-02-03 evening notice_evening=2020-02-21,https://www.shfe.com.cn/publicnotice/notice/202002/t20200202_795584.html
CZCE,commodity-v1,2020-02-25,,none,none,no night session during the exchange-wide suspension announced for 2020-02-03 evening notice_evening=2020-02-24,http://www.czce.com.cn/cn/gyjys/jysdt/ggytz/webinfo/2020/02/1572884629536892.htm
DCE,commodity-v1,2020-02-25,,none,none,no night session during the exchange-wide suspension announced for 2020-02-03 evening notice_evening=2020-02-24,http://qhxy.dce.com.cn/dalianshangpin/ywfw/jystz/ywtz/6204446/index.html
INE,commodity-v1,2020-02-25,,none,none,no night session during the exchange-wide suspension announced for 2020-02-03 evening notice_evening=2020-02-24,https://www.ine.cn/publicnotice/notice/202002/t20200202_812084.html
SHFE,commodity-v1,2020-02-25,,none,none,no night session during the exchange-wide suspension announced for 2020-02-03 evening notice_evening=2020-02-24,https://www.shfe.com.cn/publicnotice/notice/202002/t20200202_795584.html
CZCE,commodity-v1,2020-02-26,,none,none,no night session during the exchange-wide suspension announced for 2020-02-03 evening notice_evening=2020-02-25,http://www.czce.com.cn/cn/gyjys/jysdt/ggytz/webinfo/2020/02/1572884629536892.htm
DCE,commodity-v1,2020-02-26,,none,none,no night session during the exchange-wide suspension announced for 2020-02-03 evening notice_evening=2020-02-25,http://qhxy.dce.com.cn/dalianshangpin/ywfw/jystz/ywtz/6204446/index.html
INE,commodity-v1,2020-02-26,,none,none,no night session during the exchange-wide suspension announced for 2020-02-03 evening notice_evening=2020-02-25,https://www.ine.cn/publicnotice/notice/202002/t20200202_812084.html
SHFE,commodity-v1,2020-02-26,,none,none,no night session during the exchange-wide suspension announced for 2020-02-03 evening notice_evening=2020-02-25,https://www.shfe.com.cn/publicnotice/notice/202002/t20200202_795584.html
CZCE,commodity-v1,2020-02-27,,none,none,no night session during the exchange-wide suspension announced for 2020-02-03 evening notice_evening=2020-02-26,http://www.czce.com.cn/cn/gyjys/jysdt/ggytz/webinfo/2020/02/1572884629536892.htm
DCE,commodity-v1,2020-02-27,,none,none,no night session during the exchange-wide suspension announced for 2020-02-03 evening notice_evening=2020-02-26,http://qhxy.dce.com.cn/dalianshangpin/ywfw/jystz/ywtz/6204446/index.html
INE,commodity-v1,2020-02-27,,none,none,no night session during the exchange-wide suspension announced for 2020-02-03 evening notice_evening=2020-02-26,https://www.ine.cn/publicnotice/notice/202002/t20200202_812084.html
SHFE,commodity-v1,2020-02-27,,none,none,no night session during the exchange-wide suspension announced for 2020-02-03 evening notice_evening=2020-02-26,https://www.shfe.com.cn/publicnotice/notice/202002/t20200202_795584.html
CZCE,commodity-v1,2020-02-28,,none,none,no night session during the exchange-wide suspension announced for 2020-02-03 evening notice_evening=2020-02-27,http://www.czce.com.cn/cn/gyjys/jysdt/ggytz/webinfo/2020/02/1572884629536892.htm
DCE,commodity-v1,2020-02-28,,none,none,no night session during the exchange-wide suspension announced for 2020-02-03 evening notice_evening=2020-02-27,http://qhxy.dce.com.cn/dalianshangpin/ywfw/jystz/ywtz/6204446/index.html
INE,commodity-v1,2020-02-28,,none,none,no night session during the exchange-wide suspension announced for 2020-02-03 evening notice_evening=2020-02-27,https://www.ine.cn/publicnotice/notice/202002/t20200202_812084.html
SHFE,commodity-v1,2020-02-28,,none,none,no night session during the exchange-wide suspension announced for 2020-02-03 evening notice_evening=2020-02-27,https://www.shfe.com.cn/publicnotice/notice/202002/t20200202_795584.html
CZCE,commodity-v1,2020-03-02,,none,none,no night session during the exchange-wide suspension announced for 2020-02-03 evening notice_evening=2020-02-28,http://www.czce.com.cn/cn/gyjys/jysdt/ggytz/webinfo/2020/02/1572884629536892.htm
DCE,commodity-v1,2020-03-02,,none,none,no night session during the exchange-wide suspension announced for 2020-02-03 evening notice_evening=2020-02-28,http://qhxy.dce.com.cn/dalianshangpin/ywfw/jystz/ywtz/6204446/index.html
INE,commodity-v1,2020-03-02,,none,none,no night session during the exchange-wide suspension announced for 2020-02-03 evening notice_evening=2020-02-28,https://www.ine.cn/publicnotice/notice/202002/t20200202_812084.html
SHFE,commodity-v1,2020-03-02,,none,none,no night session during the exchange-wide suspension announced for 2020-02-03 evening notice_evening=2020-02-28,https://www.shfe.com.cn/publicnotice/notice/202002/t20200202_795584.html
CZCE,commodity-v1,2020-03-03,,none,none,no night session during the exchange-wide suspension announced for 2020-02-03 evening notice_evening=2020-03-02,http://www.czce.com.cn/cn/gyjys/jysdt/ggytz/webinfo/2020/02/1572884629536892.htm
DCE,commodity-v1,2020-03-03,,none,none,no night session during the exchange-wide suspension announced for 2020-02-03 evening notice_evening=2020-03-02,http://qhxy.dce.com.cn/dalianshangpin/ywfw/jystz/ywtz/6204446/index.html
INE,commodity-v1,2020-03-03,,none,none,no night session during the exchange-wide suspension announced for 2020-02-03 evening notice_evening=2020-03-02,https://www.ine.cn/publicnotice/notice/202002/t20200202_812084.html
SHFE,commodity-v1,2020-03-03,,none,none,no night session during the exchange-wide suspension announced for 2020-02-03 evening notice_evening=2020-03-02,https://www.shfe.com.cn/publicnotice/notice/202002/t20200202_795584.html
CZCE,commodity-v1,2020-03-04,,none,none,no night session during the exchange-wide suspension announced for 2020-02-03 evening notice_evening=2020-03-03,http://www.czce.com.cn/cn/gyjys/jysdt/ggytz/webinfo/2020/02/1572884629536892.htm
DCE,commodity-v1,2020-03-04,,none,none,no night session during the exchange-wide suspension announced for 2020-02-03 evening notice_evening=2020-03-03,http://qhxy.dce.com.cn/dalianshangpin/ywfw/jystz/ywtz/6204446/index.html
INE,commodity-v1,2020-03-04,,none,none,no night session during the exchange-wide suspension announced for 2020-02-03 evening notice_evening=2020-03-03,https://www.ine.cn/publicnotice/notice/202002/t20200202_812084.html
SHFE,commodity-v1,2020-03-04,,none,none,no night session during the exchange-wide suspension announced for 2020-02-03 evening notice_evening=2020-03-03,https://www.shfe.com.cn/publicnotice/notice/202002/t20200202_795584.html
CZCE,commodity-v1,2020-03-05,,none,none,no night session during the exchange-wide suspension announced for 2020-02-03 evening notice_evening=2020-03-04,http://www.czce.com.cn/cn/gyjys/jysdt/ggytz/webinfo/2020/02/1572884629536892.htm
DCE,commodity-v1,2020-03-05,,none,none,no night session during the exchange-wide suspension announced for 2020-02-03 evening notice_evening=2020-03-04,http://qhxy.dce.com.cn/dalianshangpin/ywfw/jystz/ywtz/6204446/index.html
INE,commodity-v1,2020-03-05,,none,none,no night session during the exchange-wide suspension announced for 2020-02-03 evening notice_evening=2020-03-04,https://www.ine.cn/publicnotice/notice/202002/t20200202_812084.html
SHFE,commodity-v1,2020-03-05,,none,none,no night session during the exchange-wide suspension announced for 2020-02-03 evening notice_evening=2020-03-04,https://www.shfe.com.cn/publicnotice/notice/202002/t20200202_795584.html
CZCE,commodity-v1,2020-03-06,,none,none,no night session during the exchange-wide suspension announced for 2020-02-03 evening notice_evening=2020-03-05,http://www.czce.com.cn/cn/gyjys/jysdt/ggytz/webinfo/2020/02/1572884629536892.htm
DCE,commodity-v1,2020-03-06,,none,none,no night session during the exchange-wide suspension announced for 2020-02-03 evening notice_evening=2020-03-05,http://qhxy.dce.com.cn/dalianshangpin/ywfw/jystz/ywtz/6204446/index.html
INE,commodity-v1,2020-03-06,,none,none,no night session during the exchange-wide suspension announced for 2020-02-03 evening notice_evening=2020-03-05,https://www.ine.cn/publicnotice/notice/202002/t20200202_812084.html
SHFE,commodity-v1,2020-03-06,,none,none,no night session during the exchange-wide suspension announced for 2020-02-03 evening notice_evening=2020-03-05,https://www.shfe.com.cn/publicnotice/notice/202002/t20200202_795584.html
CZCE,commodity-v1,2020-03-09,,none,none,no night session during the exchange-wide suspension announced for 2020-02-03 evening notice_evening=2020-03-06,http://www.czce.com.cn/cn/gyjys/jysdt/ggytz/webinfo/2020/02/1572884629536892.htm
DCE,commodity-v1,2020-03-09,,none,none,no night session during the exchange-wide suspension announced for 2020-02-03 evening notice_evening=2020-03-06,http://qhxy.dce.com.cn/dalianshangpin/ywfw/jystz/ywtz/6204446/index.html
INE,commodity-v1,2020-03-09,,none,none,no night session during the exchange-wide suspension announced for 2020-02-03 evening notice_evening=2020-03-06,https://www.ine.cn/publicnotice/notice/202002/t20200202_812084.html
SHFE,commodity-v1,2020-03-09,,none,none,no night session during the exchange-wide suspension announced for 2020-02-03 evening notice_evening=2020-03-06,https://www.shfe.com.cn/publicnotice/notice/202002/t20200202_795584.html
CZCE,commodity-v1,2020-03-10,,none,none,no night session during the exchange-wide suspension announced for 2020-02-03 evening notice_evening=2020-03-09,http://www.czce.com.cn/cn/gyjys/jysdt/ggytz/webinfo/2020/02/1572884629536892.htm
DCE,commodity-v1,2020-03-10,,none,none,no night session during the exchange-wide suspension announced for 2020-02-03 evening notice_evening=2020-03-09,http://qhxy.dce.com.cn/dalianshangpin/ywfw/jystz/ywtz/6204446/index.html
INE,commodity-v1,2020-03-10,,none,none,no night session during the exchange-wide suspension announced for 2020-02-03 evening notice_evening=2020-03-09,https://www.ine.cn/publicnotice/notice/202002/t20200202_812084.html
SHFE,commodity-v1,2020-03-10,,none,none,no night session during the exchange-wide suspension announced for 2020-02-03 evening notice_evening=2020-03-09,https://www.shfe.com.cn/publicnotice/notice/202002/t20200202_795584.html
CZCE,commodity-v1,2020-03-11,,none,none,no night session during the exchange-wide suspension announced for 2020-02-03 evening notice_evening=2020-03-10,http://www.czce.com.cn/cn/gyjys/jysdt/ggytz/webinfo/2020/02/1572884629536892.htm
DCE,commodity-v1,2020-03-11,,none,none,no night session during the exchange-wide suspension announced for 2020-02-03 evening notice_evening=2020-03-10,http://qhxy.dce.com.cn/dalianshangpin/ywfw/jystz/ywtz/6204446/index.html
INE,commodity-v1,2020-03-11,,none,none,no night session during the exchange-wide suspension announced for 2020-02-03 evening notice_evening=2020-03-10,https://www.ine.cn/publicnotice/notice/202002/t20200202_812084.html
SHFE,commodity-v1,2020-03-11,,none,none,no night session during the exchange-wide suspension announced for 2020-02-03 evening notice_evening=2020-03-10,https://www.shfe.com.cn/publicnotice/notice/202002/t20200202_795584.html
CZCE,commodity-v1,2020-03-12,,none,none,no night session during the exchange-wide suspension announced for 2020-02-03 evening notice_evening=2020-03-11,http://www.czce.com.cn/cn/gyjys/jysdt/ggytz/webinfo/2020/02/1572884629536892.htm
DCE,commodity-v1,2020-03-12,,none,none,no night session during the exchange-wide suspension announced for 2020-02-03 evening notice_evening=2020-03-11,http://qhxy.dce.com.cn/dalianshangpin/ywfw/jystz/ywtz/6204446/index.html
INE,commodity-v1,2020-03-12,,none,none,no night session during the exchange-wide suspension announced for 2020-02-03 evening notice_evening=2020-03-11,https://www.ine.cn/publicnotice/notice/202002/t20200202_812084.html
SHFE,commodity-v1,2020-03-12,,none,none,no night session during the exchange-wide suspension announced for 2020-02-03 evening notice_evening=2020-03-11,https://www.shfe.com.cn/publicnotice/notice/202002/t20200202_795584.html
CZCE,commodity-v1,2020-03-13,,none,none,no night session during the exchange-wide suspension announced for 2020-02-03 evening notice_evening=2020-03-12,http://www.czce.com.cn/cn/gyjys/jysdt/ggytz/webinfo/2020/02/1572884629536892.htm
DCE,commodity-v1,2020-03-13,,none,none,no night session during the exchange-wide suspension announced for 2020-02-03 evening notice_evening=2020-03-12,http://qhxy.dce.com.cn/dalianshangpin/ywfw/jystz/ywtz/6204446/index.html
INE,commodity-v1,2020-03-13,,none,none,no night session during the exchange-wide suspension announced for 2020-02-03 evening notice_evening=2020-03-12,https://www.ine.cn/publicnotice/notice/202002/t20200202_812084.html
SHFE,commodity-v1,2020-03-13,,none,none,no night session during the exchange-wide suspension announced for 2020-02-03 evening notice_evening=2020-03-12,https://www.shfe.com.cn/publicnotice/notice/202002/t20200202_795584.html
CZCE,commodity-v1,2020-03-16,,none,none,no night session during the exchange-wide suspension announced for 2020-02-03 evening notice_evening=2020-03-13,http://www.czce.com.cn/cn/gyjys/jysdt/ggytz/webinfo/2020/02/1572884629536892.htm
DCE,commodity-v1,2020-03-16,,none,none,no night session during the exchange-wide suspension announced for 2020-02-03 evening notice_evening=2020-03-13,http://qhxy.dce.com.cn/dalianshangpin/ywfw/jystz/ywtz/6204446/index.html
INE,commodity-v1,2020-03-16,,none,none,no night session during the exchange-wide suspension announced for 2020-02-03 evening notice_evening=2020-03-13,https://www.ine.cn/publicnotice/notice/202002/t20200202_812084.html
SHFE,commodity-v1,2020-03-16,,none,none,no night session during the exchange-wide suspension announced for 2020-02-03 evening notice_evening=2020-03-13,https://www.shfe.com.cn/publicnotice/notice/202002/t20200202_795584.html
CZCE,commodity-v1,2020-03-17,,none,none,no night session during the exchange-wide suspension announced for 2020-02-03 evening notice_evening=2020-03-16,http://www.czce.com.cn/cn/gyjys/jysdt/ggytz/webinfo/2020/02/1572884629536892.htm
DCE,commodity-v1,2020-03-17,,none,none,no night session during the exchange-wide suspension announced for 2020-02-03 evening notice_evening=2020-03-16,http://qhxy.dce.com.cn/dalianshangpin/ywfw/jystz/ywtz/6204446/index.html
INE,commodity-v1,2020-03-17,,none,none,no night session during the exchange-wide suspension announced for 2020-02-03 evening notice_evening=2020-03-16,https://www.ine.cn/publicnotice/notice/202002/t20200202_812084.html
SHFE,commodity-v1,2020-03-17,,none,none,no night session during the exchange-wide suspension announced for 2020-02-03 evening notice_evening=2020-03-16,https://www.shfe.com.cn/publicnotice/notice/202002/t20200202_795584.html
CZCE,commodity-v1,2020-03-18,,none,none,no night session during the exchange-wide suspension announced for 2020-02-03 evening notice_evening=2020-03-17,http://www.czce.com.cn/cn/gyjys/jysdt/ggytz/webinfo/2020/02/1572884629536892.htm
DCE,commodity-v1,2020-03-18,,none,none,no night session during the exchange-wide suspension announced for 2020-02-03 evening notice_evening=2020-03-17,http://qhxy.dce.com.cn/dalianshangpin/ywfw/jystz/ywtz/6204446/index.html
INE,commodity-v1,2020-03-18,,none,none,no night session during the exchange-wide suspension announced for 2020-02-03 evening notice_evening=2020-03-17,https://www.ine.cn/publicnotice/notice/202002/t20200202_812084.html
SHFE,commodity-v1,2020-03-18,,none,none,no night session during the exchange-wide suspension announced for 2020-02-03 evening notice_evening=2020-03-17,https://www.shfe.com.cn/publicnotice/notice/202002/t20200202_795584.html
CZCE,commodity-v1,2020-03-19,,none,none,no night session during the exchange-wide suspension announced for 2020-02-03 evening notice_evening=2020-03-18,http://www.czce.com.cn/cn/gyjys/jysdt/ggytz/webinfo/2020/02/1572884629536892.htm
DCE,commodity-v1,2020-03-19,,none,none,no night session during the exchange-wide suspension announced for 2020-02-03 evening notice_evening=2020-03-18,http://qhxy.dce.com.cn/dalianshangpin/ywfw/jystz/ywtz/6204446/index.html
INE,commodity-v1,2020-03-19,,none,none,no night session during the exchange-wide suspension announced for 2020-02-03 evening notice_evening=2020-03-18,https://www.ine.cn/publicnotice/notice/202002/t20200202_812084.html
SHFE,commodity-v1,2020-03-19,,none,none,no night session during the exchange-wide suspension announced for 2020-02-03 evening notice_evening=2020-03-18,https://www.shfe.com.cn/publicnotice/notice/202002/t20200202_795584.html
CZCE,commodity-v1,2020-03-20,,none,none,no night session during the exchange-wide suspension announced for 2020-02-03 evening notice_evening=2020-03-19,http://www.czce.com.cn/cn/gyjys/jysdt/ggytz/webinfo/2020/02/1572884629536892.htm
DCE,commodity-v1,2020-03-20,,none,none,no night session during the exchange-wide suspension announced for 2020-02-03 evening notice_evening=2020-03-19,http://qhxy.dce.com.cn/dalianshangpin/ywfw/jystz/ywtz/6204446/index.html
INE,commodity-v1,2020-03-20,,none,none,no night session during the exchange-wide suspension announced for 2020-02-03 evening notice_evening=2020-03-19,https://www.ine.cn/publicnotice/notice/202002/t20200202_812084.html
SHFE,commodity-v1,2020-03-20,,none,none,no night session during the exchange-wide suspension announced for 2020-02-03 evening notice_evening=2020-03-19,https://www.shfe.com.cn/publicnotice/notice/202002/t20200202_795584.html
CZCE,commodity-v1,2020-03-23,,none,none,no night session during the exchange-wide suspension announced for 2020-02-03 evening notice_evening=2020-03-20,http://www.czce.com.cn/cn/gyjys/jysdt/ggytz/webinfo/2020/02/1572884629536892.htm
DCE,commodity-v1,2020-03-23,,none,none,no night session during the exchange-wide suspension announced for 2020-02-03 evening notice_evening=2020-03-20,http://qhxy.dce.com.cn/dalianshangpin/ywfw/jystz/ywtz/6204446/index.html
INE,commodity-v1,2020-03-23,,none,none,no night session during the exchange-wide suspension announced for 2020-02-03 evening notice_evening=2020-03-20,https://www.ine.cn/publicnotice/notice/202002/t20200202_812084.html
SHFE,commodity-v1,2020-03-23,,none,none,no night session during the exchange-wide suspension announced for 2020-02-03 evening notice_evening=2020-03-20,https://www.shfe.com.cn/publicnotice/notice/202002/t20200202_795584.html
CZCE,commodity-v1,2020-03-24,,none,none,no night session during the exchange-wide suspension announced for 2020-02-03 evening notice_evening=2020-03-23,http://www.czce.com.cn/cn/gyjys/jysdt/ggytz/webinfo/2020/02/1572884629536892.htm
DCE,commodity-v1,2020-03-24,,none,none,no night session during the exchange-wide suspension announced for 2020-02-03 evening notice_evening=2020-03-23,http://qhxy.dce.com.cn/dalianshangpin/ywfw/jystz/ywtz/6204446/index.html
INE,commodity-v1,2020-03-24,,none,none,no night session during the exchange-wide suspension announced for 2020-02-03 evening notice_evening=2020-03-23,https://www.ine.cn/publicnotice/notice/202002/t20200202_812084.html
SHFE,commodity-v1,2020-03-24,,none,none,no night session during the exchange-wide suspension announced for 2020-02-03 evening notice_evening=2020-03-23,https://www.shfe.com.cn/publicnotice/notice/202002/t20200202_795584.html
CZCE,commodity-v1,2020-03-25,,none,none,no night session during the exchange-wide suspension announced for 2020-02-03 evening notice_evening=2020-03-24,http://www.czce.com.cn/cn/gyjys/jysdt/ggytz/webinfo/2020/02/1572884629536892.htm
DCE,commodity-v1,2020-03-25,,none,none,no night session during the exchange-wide suspension announced for 2020-02-03 evening notice_evening=2020-03-24,http://qhxy.dce.com.cn/dalianshangpin/ywfw/jystz/ywtz/6204446/index.html
INE,commodity-v1,2020-03-25,,none,none,no night session during the exchange-wide suspension announced for 2020-02-03 evening notice_evening=2020-03-24,https://www.ine.cn/publicnotice/notice/202002/t20200202_812084.html
SHFE,commodity-v1,2020-03-25,,none,none,no night session during the exchange-wide suspension announced for 2020-02-03 evening notice_evening=2020-03-24,https://www.shfe.com.cn/publicnotice/notice/202002/t20200202_795584.html
CZCE,commodity-v1,2020-03-26,,none,none,no night session during the exchange-wide suspension announced for 2020-02-03 evening notice_evening=2020-03-25,http://www.czce.com.cn/cn/gyjys/jysdt/ggytz/webinfo/2020/02/1572884629536892.htm
DCE,commodity-v1,2020-03-26,,none,none,no night session during the exchange-wide suspension announced for 2020-02-03 evening notice_evening=2020-03-25,http://qhxy.dce.com.cn/dalianshangpin/ywfw/jystz/ywtz/6204446/index.html
INE,commodity-v1,2020-03-26,,none,none,no night session during the exchange-wide suspension announced for 2020-02-03 evening notice_evening=2020-03-25,https://www.ine.cn/publicnotice/notice/202002/t20200202_812084.html
SHFE,commodity-v1,2020-03-26,,none,none,no night session during the exchange-wide suspension announced for 2020-02-03 evening notice_evening=2020-03-25,https://www.shfe.com.cn/publicnotice/notice/202002/t20200202_795584.html
CZCE,commodity-v1,2020-03-27,,none,none,no night session during the exchange-wide suspension announced for 2020-02-03 evening notice_evening=2020-03-26,http://www.czce.com.cn/cn/gyjys/jysdt/ggytz/webinfo/2020/02/1572884629536892.htm
DCE,commodity-v1,2020-03-27,,none,none,no night session during the exchange-wide suspension announced for 2020-02-03 evening notice_evening=2020-03-26,http://qhxy.dce.com.cn/dalianshangpin/ywfw/jystz/ywtz/6204446/index.html
INE,commodity-v1,2020-03-27,,none,none,no night session during the exchange-wide suspension announced for 2020-02-03 evening notice_evening=2020-03-26,https://www.ine.cn/publicnotice/notice/202002/t20200202_812084.html
SHFE,commodity-v1,2020-03-27,,none,none,no night session during the exchange-wide suspension announced for 2020-02-03 evening notice_evening=2020-03-26,https://www.shfe.com.cn/publicnotice/notice/202002/t20200202_795584.html
CZCE,commodity-v1,2020-03-30,,none,none,no night session during the exchange-wide suspension announced for 2020-02-03 evening notice_evening=2020-03-27,http://www.czce.com.cn/cn/gyjys/jysdt/ggytz/webinfo/2020/02/1572884629536892.htm
DCE,commodity-v1,2020-03-30,,none,none,no night session during the exchange-wide suspension announced for 2020-02-03 evening notice_evening=2020-03-27,http://qhxy.dce.com.cn/dalianshangpin/ywfw/jystz/ywtz/6204446/index.html
INE,commodity-v1,2020-03-30,,none,none,no night session during the exchange-wide suspension announced for 2020-02-03 evening notice_evening=2020-03-27,https://www.ine.cn/publicnotice/notice/202002/t20200202_812084.html
SHFE,commodity-v1,2020-03-30,,none,none,no night session during the exchange-wide suspension announced for 2020-02-03 evening notice_evening=2020-03-27,https://www.shfe.com.cn/publicnotice/notice/202002/t20200202_795584.html
CZCE,commodity-v1,2020-03-31,,none,none,no night session during the exchange-wide suspension announced for 2020-02-03 evening notice_evening=2020-03-30,http://www.czce.com.cn/cn/gyjys/jysdt/ggytz/webinfo/2020/02/1572884629536892.htm
DCE,commodity-v1,2020-03-31,,none,none,no night session during the exchange-wide suspension announced for 2020-02-03 evening notice_evening=2020-03-30,http://qhxy.dce.com.cn/dalianshangpin/ywfw/jystz/ywtz/6204446/index.html
INE,commodity-v1,2020-03-31,,none,none,no night session during the exchange-wide suspension announced for 2020-02-03 evening notice_evening=2020-03-30,https://www.ine.cn/publicnotice/notice/202002/t20200202_812084.html
SHFE,commodity-v1,2020-03-31,,none,none,no night session during the exchange-wide suspension announced for 2020-02-03 evening notice_evening=2020-03-30,https://www.shfe.com.cn/publicnotice/notice/202002/t20200202_795584.html
CZCE,commodity-v1,2020-04-01,,none,none,no night session during the exchange-wide suspension announced for 2020-02-03 evening notice_evening=2020-03-31,http://www.czce.com.cn/cn/gyjys/jysdt/ggytz/webinfo/2020/02/1572884629536892.htm
DCE,commodity-v1,2020-04-01,,none,none,no night session during the exchange-wide suspension announced for 2020-02-03 evening notice_evening=2020-03-31,http://qhxy.dce.com.cn/dalianshangpin/ywfw/jystz/ywtz/6204446/index.html
INE,commodity-v1,2020-04-01,,none,none,no night session during the exchange-wide suspension announced for 2020-02-03 evening notice_evening=2020-03-31,https://www.ine.cn/publicnotice/notice/202002/t20200202_812084.html
SHFE,commodity-v1,2020-04-01,,none,none,no night session during the exchange-wide suspension announced for 2020-02-03 evening notice_evening=2020-03-31,https://www.shfe.com.cn/publicnotice/notice/202002/t20200202_795584.html
CZCE,commodity-v1,2020-04-02,,none,none,no night session during the exchange-wide suspension announced for 2020-02-03 evening notice_evening=2020-04-01,http://www.czce.com.cn/cn/gyjys/jysdt/ggytz/webinfo/2020/02/1572884629536892.htm
DCE,commodity-v1,2020-04-02,,none,none,no night session during the exchange-wide suspension announced for 2020-02-03 evening notice_evening=2020-04-01,http://qhxy.dce.com.cn/dalianshangpin/ywfw/jystz/ywtz/6204446/index.html
INE,commodity-v1,2020-04-02,,none,none,no night session during the exchange-wide suspension announced for 2020-02-03 evening notice_evening=2020-04-01,https://www.ine.cn/publicnotice/notice/202002/t20200202_812084.html
SHFE,commodity-v1,2020-04-02,,none,none,no night session during the exchange-wide suspension announced for 2020-02-03 evening notice_evening=2020-04-01,https://www.shfe.com.cn/publicnotice/notice/202002/t20200202_795584.html
CZCE,commodity-v1,2020-04-03,,none,none,no night session during the exchange-wide suspension announced for 2020-02-03 evening notice_evening=2020-04-02,http://www.czce.com.cn/cn/gyjys/jysdt/ggytz/webinfo/2020/02/1572884629536892.htm
DCE,commodity-v1,2020-04-03,,none,none,no night session during the exchange-wide suspension announced for 2020-02-03 evening notice_evening=2020-04-02,http://qhxy.dce.com.cn/dalianshangpin/ywfw/jystz/ywtz/6204446/index.html
INE,commodity-v1,2020-04-03,,none,none,no night session during the exchange-wide suspension announced for 2020-02-03 evening notice_evening=2020-04-02,https://www.ine.cn/publicnotice/notice/202002/t20200202_812084.html
SHFE,commodity-v1,2020-04-03,,none,none,no night session during the exchange-wide suspension announced for 2020-02-03 evening notice_evening=2020-04-02,https://www.shfe.com.cn/publicnotice/notice/202002/t20200202_795584.html
CZCE,commodity-v1,2020-04-07,,none,none,no night session during the exchange-wide suspension announced for 2020-02-03 evening notice_evening=2020-04-03,http://www.czce.com.cn/cn/gyjys/jysdt/ggytz/webinfo/2020/02/1572884629536892.htm
DCE,commodity-v1,2020-04-07,,none,none,no night session during the exchange-wide suspension announced for 2020-02-03 evening notice_evening=2020-04-03,http://qhxy.dce.com.cn/dalianshangpin/ywfw/jystz/ywtz/6204446/index.html
INE,commodity-v1,2020-04-07,,none,none,no night session during the exchange-wide suspension announced for 2020-02-03 evening notice_evening=2020-04-03,https://www.ine.cn/publicnotice/notice/202002/t20200202_812084.html
SHFE,commodity-v1,2020-04-07,,none,none,no night session during the exchange-wide suspension announced for 2020-02-03 evening notice_evening=2020-04-03,https://www.shfe.com.cn/publicnotice/notice/202002/t20200202_795584.html
CZCE,commodity-v1,2020-04-08,,none,none,no night session during the exchange-wide suspension announced for 2020-02-03 evening notice_evening=2020-04-07,http://www.czce.com.cn/cn/gyjys/jysdt/ggytz/webinfo/2020/02/1572884629536892.htm
DCE,commodity-v1,2020-04-08,,none,none,no night session during the exchange-wide suspension announced for 2020-02-03 evening notice_evening=2020-04-07,http://qhxy.dce.com.cn/dalianshangpin/ywfw/jystz/ywtz/6204446/index.html
INE,commodity-v1,2020-04-08,,none,none,no night session during the exchange-wide suspension announced for 2020-02-03 evening notice_evening=2020-04-07,https://www.ine.cn/publicnotice/notice/202002/t20200202_812084.html
SHFE,commodity-v1,2020-04-08,,none,none,no night session during the exchange-wide suspension announced for 2020-02-03 evening notice_evening=2020-04-07,https://www.shfe.com.cn/publicnotice/notice/202002/t20200202_795584.html
CZCE,commodity-v1,2020-04-09,,none,none,no night session during the exchange-wide suspension announced for 2020-02-03 evening notice_evening=2020-04-08,http://www.czce.com.cn/cn/gyjys/jysdt/ggytz/webinfo/2020/02/1572884629536892.htm
DCE,commodity-v1,2020-04-09,,none,none,no night session during the exchange-wide suspension announced for 2020-02-03 evening notice_evening=2020-04-08,http://qhxy.dce.com.cn/dalianshangpin/ywfw/jystz/ywtz/6204446/index.html
INE,commodity-v1,2020-04-09,,none,none,no night session during the exchange-wide suspension announced for 2020-02-03 evening notice_evening=2020-04-08,https://www.ine.cn/publicnotice/notice/202002/t20200202_812084.html
SHFE,commodity-v1,2020-04-09,,none,none,no night session during the exchange-wide suspension announced for 2020-02-03 evening notice_evening=2020-04-08,https://www.shfe.com.cn/publicnotice/notice/202002/t20200202_795584.html
CZCE,commodity-v1,2020-04-10,,none,none,no night session during the exchange-wide suspension announced for 2020-02-03 evening notice_evening=2020-04-09,http://www.czce.com.cn/cn/gyjys/jysdt/ggytz/webinfo/2020/02/1572884629536892.htm
DCE,commodity-v1,2020-04-10,,none,none,no night session during the exchange-wide suspension announced for 2020-02-03 evening notice_evening=2020-04-09,http://qhxy.dce.com.cn/dalianshangpin/ywfw/jystz/ywtz/6204446/index.html
INE,commodity-v1,2020-04-10,,none,none,no night session during the exchange-wide suspension announced for 2020-02-03 evening notice_evening=2020-04-09,https://www.ine.cn/publicnotice/notice/202002/t20200202_812084.html
SHFE,commodity-v1,2020-04-10,,none,none,no night session during the exchange-wide suspension announced for 2020-02-03 evening notice_evening=2020-04-09,https://www.shfe.com.cn/publicnotice/notice/202002/t20200202_795584.html
CZCE,commodity-v1,2020-04-13,,none,none,no night session during the exchange-wide suspension announced for 2020-02-03 evening notice_evening=2020-04-10,http://www.czce.com.cn/cn/gyjys/jysdt/ggytz/webinfo/2020/02/1572884629536892.htm
DCE,commodity-v1,2020-04-13,,none,none,no night session during the exchange-wide suspension announced for 2020-02-03 evening notice_evening=2020-04-10,http://qhxy.dce.com.cn/dalianshangpin/ywfw/jystz/ywtz/6204446/index.html
INE,commodity-v1,2020-04-13,,none,none,no night session during the exchange-wide suspension announced for 2020-02-03 evening notice_evening=2020-04-10,https://www.ine.cn/publicnotice/notice/202002/t20200202_812084.html
SHFE,commodity-v1,2020-04-13,,none,none,no night session during the exchange-wide suspension announced for 2020-02-03 evening notice_evening=2020-04-10,https://www.shfe.com.cn/publicnotice/notice/202002/t20200202_795584.html
CZCE,commodity-v1,2020-04-14,,none,none,no night session during the exchange-wide suspension announced for 2020-02-03 evening notice_evening=2020-04-13,http://www.czce.com.cn/cn/gyjys/jysdt/ggytz/webinfo/2020/02/1572884629536892.htm
DCE,commodity-v1,2020-04-14,,none,none,no night session during the exchange-wide suspension announced for 2020-02-03 evening notice_evening=2020-04-13,http://qhxy.dce.com.cn/dalianshangpin/ywfw/jystz/ywtz/6204446/index.html
INE,commodity-v1,2020-04-14,,none,none,no night session during the exchange-wide suspension announced for 2020-02-03 evening notice_evening=2020-04-13,https://www.ine.cn/publicnotice/notice/202002/t20200202_812084.html
SHFE,commodity-v1,2020-04-14,,none,none,no night session during the exchange-wide suspension announced for 2020-02-03 evening notice_evening=2020-04-13,https://www.shfe.com.cn/publicnotice/notice/202002/t20200202_795584.html
CZCE,commodity-v1,2020-04-15,,none,none,no night session during the exchange-wide suspension announced for 2020-02-03 evening notice_evening=2020-04-14,http://www.czce.com.cn/cn/gyjys/jysdt/ggytz/webinfo/2020/02/1572884629536892.htm
DCE,commodity-v1,2020-04-15,,none,none,no night session during the exchange-wide suspension announced for 2020-02-03 evening notice_evening=2020-04-14,http://qhxy.dce.com.cn/dalianshangpin/ywfw/jystz/ywtz/6204446/index.html
INE,commodity-v1,2020-04-15,,none,none,no night session during the exchange-wide suspension announced for 2020-02-03 evening notice_evening=2020-04-14,https://www.ine.cn/publicnotice/notice/202002/t20200202_812084.html
SHFE,commodity-v1,2020-04-15,,none,none,no night session during the exchange-wide suspension announced for 2020-02-03 evening notice_evening=2020-04-14,https://www.shfe.com.cn/publicnotice/notice/202002/t20200202_795584.html
CZCE,commodity-v1,2020-04-16,,none,none,no night session during the exchange-wide suspension announced for 2020-02-03 evening notice_evening=2020-04-15,http://www.czce.com.cn/cn/gyjys/jysdt/ggytz/webinfo/2020/02/1572884629536892.htm
DCE,commodity-v1,2020-04-16,,none,none,no night session during the exchange-wide suspension announced for 2020-02-03 evening notice_evening=2020-04-15,http://qhxy.dce.com.cn/dalianshangpin/ywfw/jystz/ywtz/6204446/index.html
INE,commodity-v1,2020-04-16,,none,none,no night session during the exchange-wide suspension announced for 2020-02-03 evening notice_evening=2020-04-15,https://www.ine.cn/publicnotice/notice/202002/t20200202_812084.html
SHFE,commodity-v1,2020-04-16,,none,none,no night session during the exchange-wide suspension announced for 2020-02-03 evening notice_evening=2020-04-15,https://www.shfe.com.cn/publicnotice/notice/202002/t20200202_795584.html
CZCE,commodity-v1,2020-04-17,,none,none,no night session during the exchange-wide suspension announced for 2020-02-03 evening notice_evening=2020-04-16,http://www.czce.com.cn/cn/gyjys/jysdt/ggytz/webinfo/2020/02/1572884629536892.htm
DCE,commodity-v1,2020-04-17,,none,none,no night session during the exchange-wide suspension announced for 2020-02-03 evening notice_evening=2020-04-16,http://qhxy.dce.com.cn/dalianshangpin/ywfw/jystz/ywtz/6204446/index.html
INE,commodity-v1,2020-04-17,,none,none,no night session during the exchange-wide suspension announced for 2020-02-03 evening notice_evening=2020-04-16,https://www.ine.cn/publicnotice/notice/202002/t20200202_812084.html
SHFE,commodity-v1,2020-04-17,,none,none,no night session during the exchange-wide suspension announced for 2020-02-03 evening notice_evening=2020-04-16,https://www.shfe.com.cn/publicnotice/notice/202002/t20200202_795584.html
CZCE,commodity-v1,2020-04-20,,none,none,no night session during the exchange-wide suspension announced for 2020-02-03 evening notice_evening=2020-04-17,http://www.czce.com.cn/cn/gyjys/jysdt/ggytz/webinfo/2020/02/1572884629536892.htm
DCE,commodity-v1,2020-04-20,,none,none,no night session during the exchange-wide suspension announced for 2020-02-03 evening notice_evening=2020-04-17,http://qhxy.dce.com.cn/dalianshangpin/ywfw/jystz/ywtz/6204446/index.html
INE,commodity-v1,2020-04-20,,none,none,no night session during the exchange-wide suspension announced for 2020-02-03 evening notice_evening=2020-04-17,https://www.ine.cn/publicnotice/notice/202002/t20200202_812084.html
SHFE,commodity-v1,2020-04-20,,none,none,no night session during the exchange-wide suspension announced for 2020-02-03 evening notice_evening=2020-04-17,https://www.shfe.com.cn/publicnotice/notice/202002/t20200202_795584.html
CZCE,commodity-v1,2020-04-21,,none,none,no night session during the exchange-wide suspension announced for 2020-02-03 evening notice_evening=2020-04-20,http://www.czce.com.cn/cn/gyjys/jysdt/ggytz/webinfo/2020/02/1572884629536892.htm
DCE,commodity-v1,2020-04-21,,none,none,no night session during the exchange-wide suspension announced for 2020-02-03 evening notice_evening=2020-04-20,http://qhxy.dce.com.cn/dalianshangpin/ywfw/jystz/ywtz/6204446/index.html
INE,commodity-v1,2020-04-21,,none,none,no night session during the exchange-wide suspension announced for 2020-02-03 evening notice_evening=2020-04-20,https://www.ine.cn/publicnotice/notice/202002/t20200202_812084.html
SHFE,commodity-v1,2020-04-21,,none,none,no night session during the exchange-wide suspension announced for 2020-02-03 evening notice_evening=2020-04-20,https://www.shfe.com.cn/publicnotice/notice/202002/t20200202_795584.html
CZCE,commodity-v1,2020-04-22,,none,none,no night session during the exchange-wide suspension announced for 2020-02-03 evening notice_evening=2020-04-21,http://www.czce.com.cn/cn/gyjys/jysdt/ggytz/webinfo/2020/02/1572884629536892.htm
DCE,commodity-v1,2020-04-22,,none,none,no night session during the exchange-wide suspension announced for 2020-02-03 evening notice_evening=2020-04-21,http://qhxy.dce.com.cn/dalianshangpin/ywfw/jystz/ywtz/6204446/index.html
INE,commodity-v1,2020-04-22,,none,none,no night session during the exchange-wide suspension announced for 2020-02-03 evening notice_evening=2020-04-21,https://www.ine.cn/publicnotice/notice/202002/t20200202_812084.html
SHFE,commodity-v1,2020-04-22,,none,none,no night session during the exchange-wide suspension announced for 2020-02-03 evening notice_evening=2020-04-21,https://www.shfe.com.cn/publicnotice/notice/202002/t20200202_795584.html
CZCE,commodity-v1,2020-04-23,,none,none,no night session during the exchange-wide suspension announced for 2020-02-03 evening notice_evening=2020-04-22,http://www.czce.com.cn/cn/gyjys/jysdt/ggytz/webinfo/2020/02/1572884629536892.htm
DCE,commodity-v1,2020-04-23,,none,none,no night session during the exchange-wide suspension announced for 2020-02-03 evening notice_evening=2020-04-22,http://qhxy.dce.com.cn/dalianshangpin/ywfw/jystz/ywtz/6204446/index.html
INE,commodity-v1,2020-04-23,,none,none,no night session during the exchange-wide suspension announced for 2020-02-03 evening notice_evening=2020-04-22,https://www.ine.cn/publicnotice/notice/202002/t20200202_812084.html
SHFE,commodity-v1,2020-04-23,,none,none,no night session during the exchange-wide suspension announced for 2020-02-03 evening notice_evening=2020-04-22,https://www.shfe.com.cn/publicnotice/notice/202002/t20200202_795584.html
CZCE,commodity-v1,2020-04-24,,none,none,no night session during the exchange-wide suspension announced for 2020-02-03 evening notice_evening=2020-04-23,http://www.czce.com.cn/cn/gyjys/jysdt/ggytz/webinfo/2020/02/1572884629536892.htm
DCE,commodity-v1,2020-04-24,,none,none,no night session during the exchange-wide suspension announced for 2020-02-03 evening notice_evening=2020-04-23,http://qhxy.dce.com.cn/dalianshangpin/ywfw/jystz/ywtz/6204446/index.html
INE,commodity-v1,2020-04-24,,none,none,no night session during the exchange-wide suspension announced for 2020-02-03 evening notice_evening=2020-04-23,https://www.ine.cn/publicnotice/notice/202002/t20200202_812084.html
SHFE,commodity-v1,2020-04-24,,none,none,no night session during the exchange-wide suspension announced for 2020-02-03 evening notice_evening=2020-04-23,https://www.shfe.com.cn/publicnotice/notice/202002/t20200202_795584.html
CZCE,commodity-v1,2020-04-27,,none,none,no night session during the exchange-wide suspension announced for 2020-02-03 evening notice_evening=2020-04-24,http://www.czce.com.cn/cn/gyjys/jysdt/ggytz/webinfo/2020/02/1572884629536892.htm
DCE,commodity-v1,2020-04-27,,none,none,no night session during the exchange-wide suspension announced for 2020-02-03 evening notice_evening=2020-04-24,http://qhxy.dce.com.cn/dalianshangpin/ywfw/jystz/ywtz/6204446/index.html
INE,commodity-v1,2020-04-27,,none,none,no night session during the exchange-wide suspension announced for 2020-02-03 evening notice_evening=2020-04-24,https://www.ine.cn/publicnotice/notice/202002/t20200202_812084.html
SHFE,commodity-v1,2020-04-27,,none,none,no night session during the exchange-wide suspension announced for 2020-02-03 evening notice_evening=2020-04-24,https://www.shfe.com.cn/publicnotice/notice/202002/t20200202_795584.html
CZCE,commodity-v1,2020-04-28,,none,none,no night session during the exchange-wide suspension announced for 2020-02-03 evening notice_evening=2020-04-27,http://www.czce.com.cn/cn/gyjys/jysdt/ggytz/webinfo/2020/02/1572884629536892.htm
DCE,commodity-v1,2020-04-28,,none,none,no night session during the exchange-wide suspension announced for 2020-02-03 evening notice_evening=2020-04-27,http://qhxy.dce.com.cn/dalianshangpin/ywfw/jystz/ywtz/6204446/index.html
INE,commodity-v1,2020-04-28,,none,none,no night session during the exchange-wide suspension announced for 2020-02-03 evening notice_evening=2020-04-27,https://www.ine.cn/publicnotice/notice/202002/t20200202_812084.html
SHFE,commodity-v1,2020-04-28,,none,none,no night session during the exchange-wide suspension announced for 2020-02-03 evening notice_evening=2020-04-27,https://www.shfe.com.cn/publicnotice/notice/202002/t20200202_795584.html
CZCE,commodity-v1,2020-04-29,,none,none,no night session during the exchange-wide suspension announced for 2020-02-03 evening notice_evening=2020-04-28,http://www.czce.com.cn/cn/gyjys/jysdt/ggytz/webinfo/2020/02/1572884629536892.htm
DCE,commodity-v1,2020-04-29,,none,none,no night session during the exchange-wide suspension announced for 2020-02-03 evening notice_evening=2020-04-28,http://qhxy.dce.com.cn/dalianshangpin/ywfw/jystz/ywtz/6204446/index.html
INE,commodity-v1,2020-04-29,,none,none,no night session during the exchange-wide suspension announced for 2020-02-03 evening notice_evening=2020-04-28,https://www.ine.cn/publicnotice/notice/202002/t20200202_812084.html
SHFE,commodity-v1,2020-04-29,,none,none,no night session during the exchange-wide suspension announced for 2020-02-03 evening notice_evening=2020-04-28,https://www.shfe.com.cn/publicnotice/notice/202002/t20200202_795584.html
CZCE,commodity-v1,2020-04-30,,none,none,no night session during the exchange-wide suspension announced for 2020-02-03 evening notice_evening=2020-04-29,http://www.czce.com.cn/cn/gyjys/jysdt/ggytz/webinfo/2020/02/1572884629536892.htm
DCE,commodity-v1,2020-04-30,,none,none,no night session during the exchange-wide suspension announced for 2020-02-03 evening notice_evening=2020-04-29,http://qhxy.dce.com.cn/dalianshangpin/ywfw/jystz/ywtz/6204446/index.html
INE,commodity-v1,2020-04-30,,none,none,no night session during the exchange-wide suspension announced for 2020-02-03 evening notice_evening=2020-04-29,https://www.ine.cn/publicnotice/notice/202002/t20200202_812084.html
SHFE,commodity-v1,2020-04-30,,none,none,no night session during the exchange-wide suspension announced for 2020-02-03 evening notice_evening=2020-04-29,https://www.shfe.com.cn/publicnotice/notice/202002/t20200202_795584.html
CZCE,commodity-v1,2020-05-06,,none,none,no night session during the exchange-wide suspension announced for 2020-02-03 evening notice_evening=2020-04-30,http://www.czce.com.cn/cn/gyjys/jysdt/ggytz/webinfo/2020/02/1572884629536892.htm
DCE,commodity-v1,2020-05-06,,none,none,no night session during the exchange-wide suspension announced for 2020-02-03 evening notice_evening=2020-04-30,http://qhxy.dce.com.cn/dalianshangpin/ywfw/jystz/ywtz/6204446/index.html
INE,commodity-v1,2020-05-06,,none,none,no night session during the exchange-wide suspension announced for 2020-02-03 evening notice_evening=2020-04-30,https://www.ine.cn/publicnotice/notice/202002/t20200202_812084.html
SHFE,commodity-v1,2020-05-06,,none,none,no night session during the exchange-wide suspension announced for 2020-02-03 evening notice_evening=2020-04-30,https://www.shfe.com.cn/publicnotice/notice/202002/t20200202_795584.html
CZCE,commodity-v1,2020-06-29,,none,none,no night session on the first trading day after a statutory holiday per the exchange standing rule notice_evening=2020-06-24,https://www.czce.com.cn/cn/rootfiles/2014/11/24/1415698818159779-1415698818161921.pdf
DCE,commodity-v1,2020-06-29,,none,none,no night session before the post-holiday session notice_evening=2020-06-24,http://qhxy.dce.com.cn/dalianshangpin/ywfw/jystz/ywtz/6201818/index.html
INE,commodity-v1,2020-06-29,,none,none,no night session before the post-holiday session notice_evening=2020-06-24,https://www.ine.cn/publicnotice/notice/201912/t20191224_812027.html
SHFE,commodity-v1,2020-06-29,,none,none,no night session before the post-holiday session notice_evening=2020-06-24,https://www.shfe.com.cn/publicnotice/notice/201912/t20191224_795447.html
DCE,commodity-v1,2017-03-31,,none,none,no night session on the evening before the soybean-meal option listing per 大商所发〔2017〕112号 notice_evening=2017-03-30,http://www.dce.com.cn/dce/content/2017/ywggytz/6033072.html
CZCE,commodity-v1,2017-04-19,,none,none,no night session on the evening before the white-sugar option listing per 郑商函〔2017〕97号 notice_evening=2017-04-18,https://www.czce.com.cn/cn/rootfiles/2017/04/06/1488807195737022-1488807195739261.pdf
CZCE,commodity-v1,2018-01-02,,none,none,no night session on the first trading day after a statutory holiday per the exchange standing rule notice_evening=2017-12-29,https://www.czce.com.cn/cn/rootfiles/2014/11/24/1415698818159779-1415698818161921.pdf
DCE,commodity-v1,2018-01-02,,none,none,no night session before the post-holiday session notice_evening=2017-12-29,http://qhxy.dce.com.cn/dalianshangpin/ywfw/jystz/ywtz/6082201/index.html
SHFE,commodity-v1,2018-01-02,,none,none,no night session before the post-holiday session notice_evening=2017-12-29,https://www.shfe.com.cn/publicnotice/notice/201712/t20171222_792839.html
CZCE,commodity-v1,2019-01-02,,none,none,no night session before the post-holiday session per the CZCE notice notice_evening=2018-12-28,https://www.czce.com.cn/cn/rootfiles/2018/12/24/1545632831296256-1545632831311552.pdf
DCE,commodity-v1,2019-01-02,,none,none,no night session before the post-holiday session notice_evening=2018-12-28,http://qhxy.dce.com.cn/dalianshangpin/ywfw/jystz/ywtz/6144646/index.html
INE,commodity-v1,2019-01-02,,none,none,no night session before the post-holiday session notice_evening=2018-12-28,https://www.ine.cn/publicnotice/notice/201812/t20181221_811566.html
SHFE,commodity-v1,2019-01-02,,none,none,no night session before the post-holiday session notice_evening=2018-12-28,https://www.shfe.com.cn/publicnotice/notice/201812/t20181221_794040.html
CZCE,commodity-v1,2020-01-02,,none,none,no night session on the first trading day after a statutory holiday per the exchange standing rule notice_evening=2019-12-31,https://www.czce.com.cn/cn/rootfiles/2014/11/24/1415698818159779-1415698818161921.pdf
DCE,commodity-v1,2020-01-02,,none,none,no night session before the post-holiday session notice_evening=2019-12-31,http://qhxy.dce.com.cn/dalianshangpin/ywfw/jystz/ywtz/6201818/index.html
INE,commodity-v1,2020-01-02,,none,none,no night session before the post-holiday session notice_evening=2019-12-31,https://www.ine.cn/publicnotice/notice/201912/t20191224_812027.html
SHFE,commodity-v1,2020-01-02,,none,none,no night session before the post-holiday session notice_evening=2019-12-31,https://www.shfe.com.cn/publicnotice/notice/201912/t20191224_795447.html
CZCE,commodity-v1,2019-12-26,,22:30,23:00,delayed night open per 郑商发〔2019〕228号 22:30-23:00 auction 22:25-22:30 (夜盘交易细则第八条) notice_evening=2019-12-25,https://www.czce.com.cn/cn/gyjys/jysdt/ggytz/webinfo/2019/12/1572881274442160.htm
INE,commodity-v1,2019-12-26,SC,22:30,02:30,delayed night open to 22:30 with auction 22:25-22:30 per INE 关于连续交易开市时间的通知 2019-12-25 (交易细则第二十九条); close unchanged for this product notice_evening=2019-12-25,https://www.ine.cn/publicnotice/notice/201912/t20191225_812034.html
SHFE,commodity-v1,2019-12-26,AG,22:30,02:30,delayed night open to 22:30 with auction 22:25-22:30 per SHFE 关于连续交易开市时间的通知 2019-12-25 (连续交易细则第七条); close unchanged for this product notice_evening=2019-12-25,https://www.shfe.cn/publicnotice/notice/201912/t20191225_795464.html
SHFE,commodity-v1,2019-12-26,AL,22:30,01:00,delayed night open to 22:30 with auction 22:25-22:30 per SHFE 关于连续交易开市时间的通知 2019-12-25 (连续交易细则第七条); close unchanged for this product notice_evening=2019-12-25,https://www.shfe.cn/publicnotice/notice/201912/t20191225_795464.html
SHFE,commodity-v1,2019-12-26,AU,22:30,02:30,delayed night open to 22:30 with auction 22:25-22:30 per SHFE 关于连续交易开市时间的通知 2019-12-25 (连续交易细则第七条); close unchanged for this product notice_evening=2019-12-25,https://www.shfe.cn/publicnotice/notice/201912/t20191225_795464.html
SHFE,commodity-v1,2019-12-26,BU,22:30,23:00,delayed night open to 22:30 with auction 22:25-22:30 per SHFE 关于连续交易开市时间的通知 2019-12-25 (连续交易细则第七条); close unchanged for this product notice_evening=2019-12-25,https://www.shfe.cn/publicnotice/notice/201912/t20191225_795464.html
SHFE,commodity-v1,2019-12-26,CU,22:30,01:00,delayed night open to 22:30 with auction 22:25-22:30 per SHFE 关于连续交易开市时间的通知 2019-12-25 (连续交易细则第七条); close unchanged for this product notice_evening=2019-12-25,https://www.shfe.cn/publicnotice/notice/201912/t20191225_795464.html
SHFE,commodity-v1,2019-12-26,FU,22:30,23:00,delayed night open to 22:30 with auction 22:25-22:30 per SHFE 关于连续交易开市时间的通知 2019-12-25 (连续交易细则第七条); close unchanged for this product notice_evening=2019-12-25,https://www.shfe.cn/publicnotice/notice/201912/t20191225_795464.html
SHFE,commodity-v1,2019-12-26,HC,22:30,23:00,delayed night open to 22:30 with auction 22:25-22:30 per SHFE 关于连续交易开市时间的通知 2019-12-25 (连续交易细则第七条); close unchanged for this product notice_evening=2019-12-25,https://www.shfe.cn/publicnotice/notice/201912/t20191225_795464.html
SHFE,commodity-v1,2019-12-26,NI,22:30,01:00,delayed night open to 22:30 with auction 22:25-22:30 per SHFE 关于连续交易开市时间的通知 2019-12-25 (连续交易细则第七条); close unchanged for this product notice_evening=2019-12-25,https://www.shfe.cn/publicnotice/notice/201912/t20191225_795464.html
SHFE,commodity-v1,2019-12-26,PB,22:30,01:00,delayed night open to 22:30 with auction 22:25-22:30 per SHFE 关于连续交易开市时间的通知 2019-12-25 (连续交易细则第七条); close unchanged for this product notice_evening=2019-12-25,https://www.shfe.cn/publicnotice/notice/201912/t20191225_795464.html
SHFE,commodity-v1,2019-12-26,RB,22:30,23:00,delayed night open to 22:30 with auction 22:25-22:30 per SHFE 关于连续交易开市时间的通知 2019-12-25 (连续交易细则第七条); close unchanged for this product notice_evening=2019-12-25,https://www.shfe.cn/publicnotice/notice/201912/t20191225_795464.html
SHFE,commodity-v1,2019-12-26,RU,22:30,23:00,delayed night open to 22:30 with auction 22:25-22:30 per SHFE 关于连续交易开市时间的通知 2019-12-25 (连续交易细则第七条); close unchanged for this product notice_evening=2019-12-25,https://www.shfe.cn/publicnotice/notice/201912/t20191225_795464.html
SHFE,commodity-v1,2019-12-26,SP,22:30,23:00,delayed night open to 22:30 with auction 22:25-22:30 per SHFE 关于连续交易开市时间的通知 2019-12-25 (连续交易细则第七条); close unchanged for this product notice_evening=2019-12-25,https://www.shfe.cn/publicnotice/notice/201912/t20191225_795464.html
SHFE,commodity-v1,2019-12-26,ZN,22:30,01:00,delayed night open to 22:30 with auction 22:25-22:30 per SHFE 关于连续交易开市时间的通知 2019-12-25 (连续交易细则第七条); close unchanged for this product notice_evening=2019-12-25,https://www.shfe.cn/publicnotice/notice/201912/t20191225_795464.html
